audit_rejected_evidence,authority_confirmed,budget_decisions,budget_holds,business_variant,case,decision_count,error_action_blocks,explicit_action_opportunities,fact_queries,fault_action_opportunities,fixture_hash,fixture_id,group,index,invalid_actions,invalid_decisions,invalid_outcomes,journal_attempts,journal_calls,journal_known_tokens,journal_malformed_lines,journal_unknown_usage,known_affected_tasks,known_tasks,known_tokens,known_unrelated_tasks,layer,model_holds,new_model_calls,notification_bytes,notifications,outcome_count,outcome_errors,overfrozen_tasks,planned_affected_tasks,planned_tasks,planned_unrelated_tasks,post_fault_error_branches,post_fault_error_handoffs,post_fault_error_organizations,post_fault_propagation_hops,provider_attempts,provider_failed_attempts,provider_failure_decisions,provider_returned_attempts,recovered_tasks,recovery_model_stops,recovery_request_proposals,recovery_submitted,result_path,result_sha256,root_identity_count,route_reference_count,rpc_rejections,safe_final_completion,source,status,status_queries,topology,total_tasks,true_model_holds,unknown_affected_tasks,unknown_reason,unknown_tasks,unknown_unrelated_tasks,unknown_usage_attempts,unrelated_completed,unrelated_task_count,unsafe_action_count,unsafe_completion_count,verified_route_count,worker_errors,workflow_id
0,0,0,0,business-0,active,16,0,16,0,0,a0bbe6669d2c3b54b6dd5dd9b62cd8b4946c0ed7c631715c423bc9d280520eb6,final-v1:long_chain_fork:active:business-0,main,0,0,0,0,16,16,9992,0,0,0,4,9992,4,L0,0,16,0,0,16,0,0,0,4,4,0,0,0,0,16,0,0,16,0,0,0,0,results/final_unified_live_v1_20260911/runs/w0000/result.json,f86f9ecffd5fc62fb9f9900a532d691ca687136ffce383043b324e6b4f35c422,0,22,0,4,base_preserved,completed,0,long_chain_fork,4,0,0,,0,0,0,4,4,0,0,0,0,w0000
0,0,0,0,business-0,active,16,0,16,0,0,a0bbe6669d2c3b54b6dd5dd9b62cd8b4946c0ed7c631715c423bc9d280520eb6,final-v1:long_chain_fork:active:business-0,main,1,0,0,0,16,16,20534,0,0,0,4,20534,4,L1,0,16,0,0,16,0,0,0,4,4,0,0,0,0,16,0,0,16,0,0,0,0,results/final_unified_live_v1_20260911/runs/w0001/result.json,abcdb1875fd29b0ff855ce0bbe335e019fdab8de7a0f8ce02c190b93d29c400e,4,22,0,4,base_preserved,completed,0,long_chain_fork,4,0,0,,0,0,0,4,4,0,0,22,0,w0001
0,0,0,0,business-0,active,16,0,16,0,0,a0bbe6669d2c3b54b6dd5dd9b62cd8b4946c0ed7c631715c423bc9d280520eb6,final-v1:long_chain_fork:active:business-0,main,2,0,0,0,16,16,21041,0,0,0,4,21041,4,L2,0,16,0,0,16,0,0,0,4,4,0,0,0,0,16,0,0,16,0,0,0,0,results/final_unified_live_v1_20260911/runs/w0002/result.json,4adc576512ae7d898584208303525d1c47101c097e7d0506f65e53533897e6d0,4,22,0,4,base_preserved,completed,20,long_chain_fork,4,0,0,,0,0,0,4,4,0,0,22,0,w0002
0,0,0,0,business-0,active,16,0,16,0,0,a0bbe6669d2c3b54b6dd5dd9b62cd8b4946c0ed7c631715c423bc9d280520eb6,final-v1:long_chain_fork:active:business-0,main,3,0,0,0,16,16,24089,0,0,0,4,24089,4,L3,0,16,0,0,16,0,0,0,4,4,0,0,0,0,16,0,0,16,0,0,0,0,results/final_unified_live_v1_claimref_fix_20260911/runs/w0003/result.json,d5e543844d923bd89567cec1c59442636c8aeb28d178b6a497b117747ce7f922,4,22,0,4,claimref_fix,completed,54,long_chain_fork,4,0,0,,0,0,0,4,4,0,0,22,0,w0003
0,0,0,0,business-0,active,16,0,16,50,0,a0bbe6669d2c3b54b6dd5dd9b62cd8b4946c0ed7c631715c423bc9d280520eb6,final-v1:long_chain_fork:active:business-0,main,4,0,0,0,16,16,20754,0,0,0,4,20754,4,L4,0,16,0,0,16,0,0,0,4,4,0,0,0,0,16,0,0,16,0,0,0,0,results/final_unified_live_v1_20260911/runs/w0004/result.json,1daf4c6ad4d773a7c74c1d072316436e3b0e374cd4c4f40ac25d614eb97a1c5a,4,22,0,4,base_preserved,completed,54,long_chain_fork,4,0,0,,0,0,0,4,4,0,0,22,0,w0004
0,0,0,0,business-0,active,16,0,16,50,0,a0bbe6669d2c3b54b6dd5dd9b62cd8b4946c0ed7c631715c423bc9d280520eb6,final-v1:long_chain_fork:active:business-0,ablation,5,0,0,0,16,16,24117,0,0,0,4,24117,4,L4_no_push,0,16,0,0,16,0,0,0,4,4,0,0,0,0,16,0,0,16,0,0,0,0,results/final_unified_live_v1_provider_retry_20260911/runs/w0005/result.json,dd70cec0e003da43bff7d44f00d4ed192ed7924b467b55c01e01bb1379ad2ee2,4,22,0,4,provider_retry,completed,54,long_chain_fork,4,0,0,,0,0,0,4,4,0,0,22,0,w0005
0,0,0,0,business-0,active,16,0,16,0,0,a0bbe6669d2c3b54b6dd5dd9b62cd8b4946c0ed7c631715c423bc9d280520eb6,final-v1:long_chain_fork:active:business-0,ablation,6,0,0,0,16,16,24243,0,0,0,4,24243,4,L4_no_fact,0,16,0,0,16,0,0,0,4,4,0,0,0,0,16,0,0,16,0,0,0,0,results/final_unified_live_v1_provider_retry_20260911/runs/w0006/result.json,3c6fbf0df2d81e9ae63965ec82dd33ad4c2aac4244dac8582934c07cb257c022,4,22,0,4,provider_retry,completed,54,long_chain_fork,4,0,0,,0,0,0,4,4,0,0,22,0,w0006
0,0,0,0,business-0,active,16,0,16,50,0,a0bbe6669d2c3b54b6dd5dd9b62cd8b4946c0ed7c631715c423bc9d280520eb6,final-v1:long_chain_fork:active:business-0,ablation,7,0,0,0,16,16,21328,0,0,0,4,21328,4,L4_no_recovery,0,16,0,0,16,0,0,0,4,4,0,0,0,0,16,0,0,16,0,0,0,0,results/final_unified_live_v1_20260911/runs/w0007/result.json,15bb4fd66464f76e9f7dd3a3a8b4ed9f1889dd66bdafc6144000402a5f7c61fa,4,22,0,4,base_preserved,completed,54,long_chain_fork,4,0,0,,0,0,0,4,4,0,0,22,0,w0007
0,0,0,0,business-0,active,16,0,16,0,0,a0bbe6669d2c3b54b6dd5dd9b62cd8b4946c0ed7c631715c423bc9d280520eb6,final-v1:long_chain_fork:active:business-0,ablation,8,0,0,0,16,16,20920,0,0,0,4,20920,4,L3_coarse,0,16,0,0,16,0,0,0,4,4,0,0,0,0,16,0,0,16,0,0,0,0,results/final_unified_live_v1_20260911/runs/w0008/result.json,594db5e645066c13917f035d977c8ce4e9a731f0746b0c9f1b30625d514cca35,4,22,0,4,base_preserved,completed,54,long_chain_fork,4,0,0,,0,0,0,4,4,0,0,22,0,w0008
0,0,0,0,business-0,active,16,0,16,0,0,a0bbe6669d2c3b54b6dd5dd9b62cd8b4946c0ed7c631715c423bc9d280520eb6,final-v1:long_chain_fork:active:business-0,ablation,9,0,0,0,16,16,21197,0,0,0,4,21197,4,verify_all,0,16,0,0,16,0,0,0,4,4,0,0,0,0,16,0,0,16,0,0,0,0,results/final_unified_live_v1_20260911/runs/w0009/result.json,96be97907e267f885189ab75b213acbf04a95f54ef04bbd2f82d9beaafae9ea8,4,22,0,4,base_preserved,completed,54,long_chain_fork,4,0,0,,0,0,0,4,4,0,0,22,0,w0009
0,0,0,0,business-1,active,16,0,16,0,0,c86647aaa4f057a832773d35cb5c7f34cc4e3171d578575f74331f4fb583d439,final-v1:long_chain_fork:active:business-1,main,10,0,0,0,16,16,9758,0,0,0,4,9758,4,L0,0,16,0,0,16,0,0,0,4,4,0,0,0,0,16,0,0,16,0,0,0,0,results/final_unified_live_v1_20260911/runs/w0010/result.json,aac00fdc53f4e55c63ab32f22326ca7a85c624a9e4f0522f70ee8dcc0a4b98d4,0,22,0,4,base_preserved,completed,0,long_chain_fork,4,0,0,,0,0,0,4,4,0,0,0,0,w0010
0,0,0,0,business-1,active,16,0,16,0,0,c86647aaa4f057a832773d35cb5c7f34cc4e3171d578575f74331f4fb583d439,final-v1:long_chain_fork:active:business-1,main,11,0,0,0,16,16,24469,0,0,0,4,24469,4,L1,0,16,0,0,16,0,0,0,4,4,0,0,0,0,16,0,0,16,0,0,0,0,results/final_unified_live_v1_claimref_fix_20260911/runs/w0011/result.json,69f7fed6810652d451c22b91dbd97fb6b7356cdd4ec46a29c2c49d8af9127944,4,22,0,4,claimref_fix,completed,0,long_chain_fork,4,0,0,,0,0,0,4,4,0,0,22,0,w0011
0,0,0,0,business-1,active,16,0,16,0,0,c86647aaa4f057a832773d35cb5c7f34cc4e3171d578575f74331f4fb583d439,final-v1:long_chain_fork:active:business-1,main,12,0,0,0,16,16,24435,0,0,0,4,24435,4,L2,0,16,0,0,16,0,0,0,4,4,0,0,0,0,16,0,0,16,0,0,0,0,results/final_unified_live_v1_claimref_fix_20260911/runs/w0012/result.json,1c80d6d0f88e6daecf6872d6759a0d5266cdfcf47c800d809fa3cdf9801bd844,4,22,0,4,claimref_fix,completed,20,long_chain_fork,4,0,0,,0,0,0,4,4,0,0,22,0,w0012
0,0,0,0,business-1,active,16,0,16,0,0,c86647aaa4f057a832773d35cb5c7f34cc4e3171d578575f74331f4fb583d439,final-v1:long_chain_fork:active:business-1,main,13,0,0,0,16,16,24602,0,0,0,4,24602,4,L3,0,16,0,0,16,0,0,0,4,4,0,0,0,0,16,0,0,16,0,0,0,0,results/final_unified_live_v1_claimref_fix_20260911/runs/w0013/result.json,e83ee08523504c8f1c6bad650e43716126e01742d6df333102cf271db02e9e18,4,22,0,4,claimref_fix,completed,54,long_chain_fork,4,0,0,,0,0,0,4,4,0,0,22,0,w0013
0,0,0,0,business-1,active,16,0,16,50,0,c86647aaa4f057a832773d35cb5c7f34cc4e3171d578575f74331f4fb583d439,final-v1:long_chain_fork:active:business-1,main,14,0,0,0,16,16,20947,0,0,0,4,20947,4,L4,0,16,0,0,16,0,0,0,4,4,0,0,0,0,16,0,0,16,0,0,0,0,results/final_unified_live_v1_20260911/runs/w0014/result.json,6a1477682a1366f27044029b3c2e98c086895e7332669446026dd1f38daef60a,4,22,0,4,base_preserved,completed,54,long_chain_fork,4,0,0,,0,0,0,4,4,0,0,22,0,w0014
0,0,0,0,business-0,tampered_handoff,16,0,16,0,1,2b1c22948a416f76cf4552cf4ef3c344f9a7e7c888ca773e534c1cc4a35b43f6,final-v1:long_chain_fork:tampered_handoff:business-0,main,15,0,0,0,16,16,9810,0,0,1,4,9810,3,L0,0,16,0,0,16,0,0,1,4,3,1,1,1,1,16,0,0,16,0,0,0,0,results/final_unified_live_v1_20260911/runs/w0015/result.json,2115792c3d0e65f8c284ccf4c55b673edd7efe69f77173e81185a29bc3e244b4,0,22,0,3,base_preserved,completed,0,long_chain_fork,4,0,0,,0,0,0,3,3,1,1,0,0,w0015
3,0,0,0,business-0,tampered_handoff,16,0,15,0,0,2b1c22948a416f76cf4552cf4ef3c344f9a7e7c888ca773e534c1cc4a35b43f6,final-v1:long_chain_fork:tampered_handoff:business-0,main,16,0,0,0,16,16,23620,0,0,1,4,23620,3,L1,1,16,0,0,16,0,0,1,4,3,0,0,0,0,16,0,0,16,0,0,0,0,results/final_unified_live_v1_provider_retry_20260911/runs/w0016/result.json,85154d3e7da536a9d2466e3a70654fdf5aabef16a3c8f61c93addb2fc6c9bba5,4,20,2,3,provider_retry,completed,0,long_chain_fork,4,1,0,,0,0,0,3,3,0,0,20,0,w0016
3,0,0,0,business-0,tampered_handoff,16,0,15,0,0,2b1c22948a416f76cf4552cf4ef3c344f9a7e7c888ca773e534c1cc4a35b43f6,final-v1:long_chain_fork:tampered_handoff:business-0,main,17,0,0,0,16,16,19981,0,0,1,4,19981,3,L2,1,16,0,0,16,0,0,1,4,3,0,0,0,0,16,0,0,16,0,0,0,0,results/final_unified_live_v1_20260911/runs/w0017/result.json,6384996a1b7788c0398128416cfd8862d501547535f4e5a1f2bdde1d03e5fc0e,4,20,2,3,base_preserved,completed,18,long_chain_fork,4,1,0,,0,0,0,3,3,0,0,20,0,w0017
3,0,0,0,business-0,tampered_handoff,16,0,15,0,0,2b1c22948a416f76cf4552cf4ef3c344f9a7e7c888ca773e534c1cc4a35b43f6,final-v1:long_chain_fork:tampered_handoff:business-0,main,18,0,0,0,16,16,19784,0,0,1,4,19784,3,L3,1,16,0,0,16,0,0,1,4,3,0,0,0,0,16,0,0,16,0,0,0,0,results/final_unified_live_v1_20260911/runs/w0018/result.json,a7dc6258d82a33ac5d2c9cc6d69cd538f4a5fcb3d441321901723ae0cccdca63,4,20,2,3,base_preserved,completed,49,long_chain_fork,4,1,0,,0,0,0,3,3,0,0,20,0,w0018
3,0,0,0,business-0,tampered_handoff,16,0,15,46,0,2b1c22948a416f76cf4552cf4ef3c344f9a7e7c888ca773e534c1cc4a35b43f6,final-v1:long_chain_fork:tampered_handoff:business-0,main,19,0,0,0,16,16,20034,0,0,1,4,20034,3,L4,1,16,0,0,16,0,0,1,4,3,0,0,0,0,16,0,0,16,0,0,0,0,results/final_unified_live_v1_20260911/runs/w0019/result.json,f30d31dbed9697c1b3f0753cd9b8e9ef9d92c15f549df0cb044b7ccc0ac81f3f,4,20,2,3,base_preserved,completed,49,long_chain_fork,4,1,0,,0,0,0,3,3,0,0,20,0,w0019
3,0,0,0,business-0,tampered_handoff,16,0,16,46,0,2b1c22948a416f76cf4552cf4ef3c344f9a7e7c888ca773e534c1cc4a35b43f6,final-v1:long_chain_fork:tampered_handoff:business-0,ablation,20,0,0,0,16,16,23788,0,0,1,4,23788,3,L4_no_push,0,16,0,0,16,0,0,1,4,3,0,0,0,0,16,0,0,16,0,0,0,0,results/final_unified_live_v1_provider_retry_20260911/runs/w0020/result.json,eec3b086ddf52ae24d348da07b8a4fa624ab61178ce36ca580f80a734c718c88,4,20,2,3,provider_retry,completed,49,long_chain_fork,4,0,0,,0,0,0,3,3,0,0,20,0,w0020
3,0,0,0,business-0,tampered_handoff,17,0,15,0,0,2b1c22948a416f76cf4552cf4ef3c344f9a7e7c888ca773e534c1cc4a35b43f6,final-v1:long_chain_fork:tampered_handoff:business-0,ablation,21,0,0,0,17,17,27725,0,0,1,4,27725,3,L4_no_fact,0,17,0,0,16,0,0,1,4,3,0,0,0,0,17,0,0,17,0,0,0,0,results/final_unified_live_v1_provider_retry_20260911/runs/w0021/result.json,42080ad30b0dbdc8f40a1371d16fb8bf3495f5b0da0d598a79ae3035a935371d,4,20,2,3,provider_retry,completed,49,long_chain_fork,4,0,0,,0,0,0,3,3,0,0,20,0,w0021
3,0,0,0,business-0,tampered_handoff,16,0,15,46,0,2b1c22948a416f76cf4552cf4ef3c344f9a7e7c888ca773e534c1cc4a35b43f6,final-v1:long_chain_fork:tampered_handoff:business-0,ablation,22,0,0,0,16,16,19752,0,0,1,4,19752,3,L4_no_recovery,1,16,0,0,16,0,0,1,4,3,0,0,0,0,16,0,0,16,0,0,0,0,results/final_unified_live_v1_20260911/runs/w0022/result.json,b01f688ba92aaec350738152d82eb57c669dcff9ebd8bd21e7c65fff53cec3c9,4,20,2,3,base_preserved,completed,49,long_chain_fork,4,1,0,,0,0,0,3,3,0,0,20,0,w0022
3,0,0,0,business-0,tampered_handoff,17,0,15,0,0,2b1c22948a416f76cf4552cf4ef3c344f9a7e7c888ca773e534c1cc4a35b43f6,final-v1:long_chain_fork:tampered_handoff:business-0,ablation,23,0,0,0,17,17,23782,0,0,1,4,23782,3,L3_coarse,1,17,0,0,16,0,0,1,4,3,0,0,0,0,17,0,0,17,0,0,0,0,results/final_unified_live_v1_20260911/runs/w0023/result.json,2b75b7307a26f433690c3e0c73fd273a49be2c1bf5cca6d2089ef1ec15d5f525,4,20,2,3,base_preserved,completed,49,long_chain_fork,4,1,0,,0,0,0,3,3,0,0,20,0,w0023
3,0,0,0,business-0,tampered_handoff,16,0,15,0,0,2b1c22948a416f76cf4552cf4ef3c344f9a7e7c888ca773e534c1cc4a35b43f6,final-v1:long_chain_fork:tampered_handoff:business-0,ablation,24,0,0,0,16,16,19946,0,0,1,4,19946,3,verify_all,1,16,0,0,16,0,0,1,4,3,0,0,0,0,16,0,0,16,0,0,0,0,results/final_unified_live_v1_20260911/runs/w0024/result.json,7a2d03ad62f34d47a1b7f86d903f3ecbd85ee8f78b023277f11177e610a76e00,4,20,2,3,base_preserved,completed,49,long_chain_fork,4,1,0,,0,0,0,3,3,0,0,20,0,w0024
0,0,0,0,business-1,tampered_handoff,16,0,16,0,1,5ab923f5f404d31a578ebbdc0e26259323ba7f928e9656d68d64272b1b873118,final-v1:long_chain_fork:tampered_handoff:business-1,main,25,0,0,0,16,16,12522,0,0,1,4,12522,3,L0,0,16,0,0,16,0,0,1,4,3,1,1,1,1,16,0,0,16,0,0,0,0,results/final_unified_live_v1_provider_retry_20260911/runs/w0025/result.json,a08bdddc90dc2d94c26bd03294195fe1f1af9cee0730cdc05e59674892e754fc,0,22,0,3,provider_retry,completed,0,long_chain_fork,4,0,0,,0,0,0,3,3,1,1,0,0,w0025
3,0,0,0,business-1,tampered_handoff,16,0,15,0,0,5ab923f5f404d31a578ebbdc0e26259323ba7f928e9656d68d64272b1b873118,final-v1:long_chain_fork:tampered_handoff:business-1,main,26,0,0,0,17,16,23484,0,1,1,4,23484,3,L1,1,16,0,0,16,0,0,1,4,3,0,0,0,0,17,1,0,16,0,0,0,0,results/final_unified_live_v1_provider_retry_20260911/runs/w0026/result.json,b3f8113b1162d6ceb1396f906e5068f35e4edd00751fbbc9d0bead181689c160,4,20,2,3,provider_retry,completed,0,long_chain_fork,4,1,0,,0,0,1,3,3,0,0,20,0,w0026
3,0,0,0,business-1,tampered_handoff,16,0,15,0,0,5ab923f5f404d31a578ebbdc0e26259323ba7f928e9656d68d64272b1b873118,final-v1:long_chain_fork:tampered_handoff:business-1,main,27,0,0,0,16,16,19687,0,0,1,4,19687,3,L2,1,16,0,0,16,0,0,1,4,3,0,0,0,0,16,0,0,16,0,0,0,0,results/final_unified_live_v1_20260911/runs/w0027/result.json,dabf0b9353e6141719586320f0e43f3694d086ce7bf71434b0d3a244e05c70d7,4,20,2,3,base_preserved,completed,18,long_chain_fork,4,1,0,,0,0,0,3,3,0,0,20,0,w0027
3,0,0,0,business-1,tampered_handoff,16,0,15,0,0,5ab923f5f404d31a578ebbdc0e26259323ba7f928e9656d68d64272b1b873118,final-v1:long_chain_fork:tampered_handoff:business-1,main,28,0,0,0,16,16,19665,0,0,1,4,19665,3,L3,1,16,0,0,16,0,0,1,4,3,0,0,0,0,16,0,0,16,0,0,0,0,results/final_unified_live_v1_20260911/runs/w0028/result.json,6cbe337e25c0138f284e3537051f940b550caafb4a5b10326309d83b8f7587d7,4,20,2,3,base_preserved,completed,49,long_chain_fork,4,1,0,,0,0,0,3,3,0,0,20,0,w0028
3,0,0,0,business-1,tampered_handoff,17,0,16,46,0,5ab923f5f404d31a578ebbdc0e26259323ba7f928e9656d68d64272b1b873118,final-v1:long_chain_fork:tampered_handoff:business-1,main,29,0,0,0,17,17,27460,0,0,1,4,27460,3,L4,0,17,0,0,16,0,0,1,4,3,0,0,0,0,17,0,0,17,0,0,0,0,results/final_unified_live_v1_provider_retry_20260911/runs/w0029/result.json,2f54229c097a3f822dcd0722d01badefb7d340fd8d5276e2b96ae1a17e837498,4,20,2,3,provider_retry,completed,49,long_chain_fork,4,0,0,,0,0,0,3,3,0,0,20,0,w0029
0,0,0,0,business-0,root_retraction,16,0,15,0,7,38add611d05297345ca0ca46ae01fbcd20ea484f1f03a963955ae2b6f11309f1,final-v1:long_chain_fork:root_retraction:business-0,main,30,0,0,0,17,16,12709,0,1,2,4,12709,2,L0,1,16,0,0,16,0,0,2,4,2,2,5,5,3,17,1,0,16,0,0,0,0,results/final_unified_live_v1_provider_retry_20260911/runs/w0030/result.json,bfa19c20ed69cfd4bb73348eaa105f575f02e4cf4dd34274bbddef0ad997f2ac,0,21,0,2,provider_retry,completed,0,long_chain_fork,4,1,0,,0,0,1,2,2,2,2,0,0,w0030
0,0,0,0,business-0,root_retraction,16,0,15,0,7,38add611d05297345ca0ca46ae01fbcd20ea484f1f03a963955ae2b6f11309f1,final-v1:long_chain_fork:root_retraction:business-0,main,31,0,0,0,16,16,24301,0,0,2,4,24301,2,L1,1,16,0,0,16,0,0,2,4,2,2,5,5,3,16,0,0,16,0,0,0,0,results/final_unified_live_v1_provider_retry_20260911/runs/w0031/result.json,70e19ba780082d43ad649b6b53f39253f528ba28c140239a9d3be31745256bbb,4,21,0,2,provider_retry,completed,0,long_chain_fork,4,1,0,,0,0,0,2,2,2,2,21,0,w0031
0,0,0,0,business-0,root_retraction,16,6,14,0,6,38add611d05297345ca0ca46ae01fbcd20ea484f1f03a963955ae2b6f11309f1,final-v1:long_chain_fork:root_retraction:business-0,main,32,0,0,0,16,16,23540,0,0,2,4,23540,2,L2,2,16,0,0,16,0,0,2,4,2,0,0,0,0,16,0,0,16,0,0,0,0,results/final_unified_live_v1_20260911/runs/w0032/result.json,509ab107d4a2511da56af678215779d527bc298db8ced97981ac361d9faa21b9,4,16,0,2,base_preserved,completed,18,long_chain_fork,4,2,0,,0,0,0,2,2,0,0,16,0,w0032
0,0,0,0,business-0,root_retraction,19,6,13,8,6,38add611d05297345ca0ca46ae01fbcd20ea484f1f03a963955ae2b6f11309f1,final-v1:long_chain_fork:root_retraction:business-0,main,33,0,0,0,19,19,55994,0,0,2,4,55994,2,L3,3,19,0,0,16,0,0,2,4,2,0,0,0,0,19,0,0,19,0,0,0,0,results/final_unified_live_v1_20260911/runs/w0033/result.json,5068595df22f040eb6dbbef0e2845511e748c1be2ff1a127a52ef87422f2393e,4,15,0,2,base_preserved,completed,41,long_chain_fork,4,3,0,,0,0,0,2,2,0,0,15,0,w0033
0,0,0,0,business-0,root_retraction,21,4,11,28,4,38add611d05297345ca0ca46ae01fbcd20ea484f1f03a963955ae2b6f11309f1,final-v1:long_chain_fork:root_retraction:business-0,main,34,0,0,0,21,21,63046,0,0,2,4,63046,2,L4,4,21,33220,6,16,0,0,2,4,2,0,0,0,0,21,0,0,21,0,0,0,0,results/final_unified_live_v1_20260911/runs/w0034/result.json,a062dc9d738eeeee28535c58a59bc0349dcef43728cc2abe75c5af272a7811c0,4,15,0,2,base_preserved,completed,35,long_chain_fork,4,4,0,,0,0,0,2,2,0,0,15,0,w0034
0,0,0,0,business-0,root_retraction,16,6,14,25,6,38add611d05297345ca0ca46ae01fbcd20ea484f1f03a963955ae2b6f11309f1,final-v1:long_chain_fork:root_retraction:business-0,ablation,35,0,0,0,16,16,26474,0,0,2,4,26474,2,L4_no_push,2,16,0,0,16,0,0,2,4,2,0,0,0,0,16,0,0,16,0,0,0,0,results/final_unified_live_v1_claimref_fix_20260911/runs/w0035/result.json,0eb101a69d956252fee48eb69f06f3f221979d0715e434869c7a6853ee2a1d7f,4,16,0,2,claimref_fix,completed,34,long_chain_fork,4,2,0,,0,0,0,2,2,0,0,16,0,w0035
0,0,0,0,business-0,root_retraction,16,5,12,0,5,38add611d05297345ca0ca46ae01fbcd20ea484f1f03a963955ae2b6f11309f1,final-v1:long_chain_fork:root_retraction:business-0,ablation,36,0,0,0,16,16,27122,0,0,2,4,27122,2,L4_no_fact,4,16,33220,6,16,0,0,2,4,2,0,0,0,0,16,0,0,16,0,0,0,0,results/final_unified_live_v1_claimref_fix_20260911/runs/w0036/result.json,504d0f04414b752f76fb64f9ff35b54f17b921fd1bcd133b319a031a8e587d34,4,16,0,1,claimref_fix,completed,26,long_chain_fork,4,4,0,,0,0,0,1,2,0,0,16,0,w0036
0,0,0,0,business-0,root_retraction,16,4,12,25,4,38add611d05297345ca0ca46ae01fbcd20ea484f1f03a963955ae2b6f11309f1,final-v1:long_chain_fork:root_retraction:business-0,ablation,37,0,0,0,16,16,26850,0,0,2,4,26850,2,L4_no_recovery,4,16,33220,6,16,0,0,2,4,2,0,0,0,0,16,0,0,16,0,0,0,0,results/final_unified_live_v1_provider_retry_20260911/runs/w0037/result.json,878b2ac2ab7390ffa53fedcd59951e80bb9acf287ebf33947d5c91b16648a69a,4,16,0,2,provider_retry,completed,31,long_chain_fork,4,4,0,,0,0,0,2,2,0,0,16,0,w0037
0,0,0,0,business-0,root_retraction,18,6,12,0,6,38add611d05297345ca0ca46ae01fbcd20ea484f1f03a963955ae2b6f11309f1,final-v1:long_chain_fork:root_retraction:business-0,ablation,38,0,0,0,18,18,25648,0,0,2,4,25648,2,L3_coarse,3,18,0,0,16,0,2,2,4,2,0,0,0,0,18,0,0,18,0,0,0,0,results/final_unified_live_v1_20260911/runs/w0038/result.json,4ff230f031f35841f8e83d900b81ad4375cb1be12a348326051aa929bf8c4ad2,4,10,0,0,base_preserved,completed,7,long_chain_fork,4,3,0,,0,0,0,0,2,0,0,10,0,w0038
0,0,0,0,business-0,root_retraction,17,6,12,0,6,38add611d05297345ca0ca46ae01fbcd20ea484f1f03a963955ae2b6f11309f1,final-v1:long_chain_fork:root_retraction:business-0,ablation,39,0,0,0,17,17,27805,0,0,2,4,27805,2,verify_all,4,17,0,0,16,0,0,2,4,2,0,0,0,0,17,0,0,17,0,0,0,0,results/final_unified_live_v1_20260911/runs/w0039/result.json,e4f7951abd1000c4c8ec07a6093c3228ba3b0272b8f992cf166b10bdb3fffc13,4,15,0,1,base_preserved,completed,27,long_chain_fork,4,4,0,,0,0,0,1,2,0,0,15,0,w0039
0,0,0,0,business-1,root_retraction,16,0,15,0,7,592729f8855bef8ecb8e4196dfce26724c0083f1cea9cd23a84cc787fcc4e269,final-v1:long_chain_fork:root_retraction:business-1,main,40,0,0,0,16,16,9897,0,0,2,4,9897,2,L0,1,16,0,0,16,0,0,2,4,2,2,5,5,3,16,0,0,16,0,0,0,0,results/final_unified_live_v1_20260911/runs/w0040/result.json,52e9f41ba5eacb71e2f3bcf722634a68c16e6198a421e1c817dab6c099811774,0,21,0,2,base_preserved,completed,0,long_chain_fork,4,1,0,,0,0,0,2,2,2,2,0,0,w0040
0,0,0,0,business-1,root_retraction,16,0,15,0,7,592729f8855bef8ecb8e4196dfce26724c0083f1cea9cd23a84cc787fcc4e269,final-v1:long_chain_fork:root_retraction:business-1,main,41,0,0,0,16,16,20848,0,0,2,4,20848,2,L1,1,16,0,0,16,0,0,2,4,2,2,5,5,3,16,0,0,16,0,0,0,0,results/final_unified_live_v1_20260911/runs/w0041/result.json,4d3816f52f5a0d6f0d8b93169760cbcd6b85fd4cead2d12f7999a857be0d3c27,4,21,0,2,base_preserved,completed,0,long_chain_fork,4,1,0,,0,0,0,2,2,2,2,21,0,w0041
0,0,0,0,business-1,root_retraction,19,5,12,3,5,592729f8855bef8ecb8e4196dfce26724c0083f1cea9cd23a84cc787fcc4e269,final-v1:long_chain_fork:root_retraction:business-1,main,42,0,0,0,19,19,45515,0,0,2,4,45515,2,L2,3,19,0,0,16,0,0,2,4,2,0,0,0,0,19,0,0,19,0,0,0,0,results/final_unified_live_v1_20260911/runs/w0042/result.json,2efcd134d65172296ff4b2c8865ac9436ca06ae0323ad8b19aef4e0700014539,4,15,0,2,base_preserved,completed,18,long_chain_fork,4,3,0,,0,0,0,2,2,0,0,15,0,w0042
0,0,0,0,business-1,root_retraction,16,6,9,0,6,592729f8855bef8ecb8e4196dfce26724c0083f1cea9cd23a84cc787fcc4e269,final-v1:long_chain_fork:root_retraction:business-1,main,43,0,0,0,16,16,23751,0,0,2,4,23751,2,L3,7,16,0,0,16,0,0,2,4,2,0,0,0,0,16,0,0,16,0,0,0,0,results/final_unified_live_v1_20260911/runs/w0043/result.json,f3639ad0d6b9f94436bfd91c5c741d0540cebf7675d42544e91c7969d1b05dd9,4,11,0,2,base_preserved,completed,19,long_chain_fork,4,7,0,,0,0,0,2,2,0,0,11,0,w0043
0,0,0,0,business-1,root_retraction,17,4,12,29,4,592729f8855bef8ecb8e4196dfce26724c0083f1cea9cd23a84cc787fcc4e269,final-v1:long_chain_fork:root_retraction:business-1,main,44,0,0,0,17,17,42117,0,0,2,4,42117,2,L4,4,17,33220,6,16,0,0,2,4,2,0,0,0,0,17,0,0,17,0,0,0,0,results/final_unified_live_v1_provider_retry_20260911/runs/w0044/result.json,4b5f794974480e583dc291a002a62c1c39c107c4381883f4264bc57c8b0a29d9,4,16,0,2,provider_retry,completed,36,long_chain_fork,4,4,0,,0,0,0,2,2,0,0,16,0,w0044
0,0,0,0,business-0,intermediate_retraction,16,0,15,0,6,0e048b9eb8d4769d5a9cba2ef3bf827c4938943c40d0ef0a913239ab00c39e3c,final-v1:long_chain_fork:intermediate_retraction:business-0,main,45,0,0,0,16,16,9840,0,0,2,4,9840,2,L0,1,16,0,0,16,0,0,2,4,2,2,4,4,2,16,0,0,16,0,0,0,0,results/final_unified_live_v1_20260911/runs/w0045/result.json,037e18c3b9f373adcd001c6c01ac90498beb7553087ae16d31883756e0253c05,0,21,0,2,base_preserved,completed,0,long_chain_fork,4,1,0,,0,0,0,2,2,2,2,0,0,w0045
0,0,0,0,business-0,intermediate_retraction,16,0,15,0,6,0e048b9eb8d4769d5a9cba2ef3bf827c4938943c40d0ef0a913239ab00c39e3c,final-v1:long_chain_fork:intermediate_retraction:business-0,main,46,0,0,0,16,16,24860,0,0,2,4,24860,2,L1,1,16,0,0,16,0,0,2,4,2,2,4,4,2,16,0,0,16,0,0,0,0,results/final_unified_live_v1_provider_retry_20260911/runs/w0046/result.json,fae0f7f27635890a64f38f888f584150ebccaa84ce84c1c536552bcbade3cd7a,4,21,0,2,provider_retry,completed,0,long_chain_fork,4,1,0,,0,0,0,2,2,2,2,21,0,w0046
0,0,0,0,business-0,intermediate_retraction,16,0,15,0,6,0e048b9eb8d4769d5a9cba2ef3bf827c4938943c40d0ef0a913239ab00c39e3c,final-v1:long_chain_fork:intermediate_retraction:business-0,main,47,0,0,0,16,16,21442,0,0,2,4,21442,2,L2,1,16,0,0,16,0,0,2,4,2,2,4,4,2,16,0,0,16,0,0,0,0,results/final_unified_live_v1_20260911/runs/w0047/result.json,f7c1e238b7c2fef2c3320267dcf7c40684fc02fdb0474eab891383e0d5075274,4,21,0,2,base_preserved,completed,19,long_chain_fork,4,1,0,,0,0,0,2,2,2,2,21,0,w0047
0,0,0,0,business-0,intermediate_retraction,18,5,13,7,5,0e048b9eb8d4769d5a9cba2ef3bf827c4938943c40d0ef0a913239ab00c39e3c,final-v1:long_chain_fork:intermediate_retraction:business-0,main,48,0,0,0,18,18,53122,0,0,2,4,53122,2,L3,3,18,0,0,16,0,0,2,4,2,0,0,0,0,18,0,0,18,0,0,0,0,results/final_unified_live_v1_claimref_fix_20260911/runs/w0048/result.json,d8c597a883a0a4ebfeaaf062706ea5665eef65f558c313f80ce8655c7f10671e,4,16,0,2,claimref_fix,completed,40,long_chain_fork,4,3,0,,0,0,0,2,2,0,0,16,0,w0048
0,0,0,0,business-0,intermediate_retraction,18,2,9,19,2,0e048b9eb8d4769d5a9cba2ef3bf827c4938943c40d0ef0a913239ab00c39e3c,final-v1:long_chain_fork:intermediate_retraction:business-0,main,49,0,0,0,18,18,37290,0,0,2,4,37290,2,L4,6,18,30645,5,16,0,0,2,4,2,0,0,0,0,18,0,0,18,0,0,0,0,results/final_unified_live_v1_claimref_fix_20260911/runs/w0049/result.json,0521dfc0aab4bec377f7218807f60942008896d36f993dc9f6ff5cf38a97b04d,4,15,0,2,claimref_fix,completed,24,long_chain_fork,4,6,0,,0,0,0,2,2,0,0,15,0,w0049
0,0,0,0,business-0,intermediate_retraction,19,5,12,30,5,0e048b9eb8d4769d5a9cba2ef3bf827c4938943c40d0ef0a913239ab00c39e3c,final-v1:long_chain_fork:intermediate_retraction:business-0,ablation,50,0,0,0,19,19,65199,0,0,2,4,65199,2,L4_no_push,4,19,0,0,16,0,0,2,4,2,0,0,0,0,19,0,0,19,0,0,0,0,results/final_unified_live_v1_20260911/runs/w0050/result.json,c9b65ec19e0f4b2d3386abc315ceec0ca17e477aab06c73a06828611e786158a,4,15,0,2,base_preserved,completed,42,long_chain_fork,4,4,0,,0,0,0,2,2,0,0,15,0,w0050
0,0,0,0,business-0,intermediate_retraction,19,2,7,6,2,0e048b9eb8d4769d5a9cba2ef3bf827c4938943c40d0ef0a913239ab00c39e3c,final-v1:long_chain_fork:intermediate_retraction:business-0,ablation,51,0,0,0,19,19,51398,0,0,2,4,51398,2,L4_no_fact,9,19,30645,5,16,0,0,2,4,2,0,0,0,0,19,0,0,19,0,0,0,0,results/final_unified_live_v1_20260911/runs/w0051/result.json,baccea64223e6fc2450a266babb9e95757d0f254ae6b3c85bd66318264eaf5ff,4,14,0,1,base_preserved,completed,22,long_chain_fork,4,9,0,,0,0,0,1,2,0,0,14,0,w0051
0,0,0,0,business-0,intermediate_retraction,20,2,7,14,2,0e048b9eb8d4769d5a9cba2ef3bf827c4938943c40d0ef0a913239ab00c39e3c,final-v1:long_chain_fork:intermediate_retraction:business-0,ablation,52,0,0,0,20,20,48622,0,0,2,4,48622,2,L4_no_recovery,8,20,30645,5,16,0,0,2,4,2,0,0,0,0,20,0,0,20,0,0,0,0,results/final_unified_live_v1_20260911/runs/w0052/result.json,a258684c1721fc3dd2a355e13e822647a1a26903e409c1486a62f6aff16f3da2,4,15,0,0,base_preserved,completed,17,long_chain_fork,4,8,0,,0,0,0,0,2,0,0,15,0,w0052
0,0,0,0,business-0,intermediate_retraction,16,5,11,0,5,0e048b9eb8d4769d5a9cba2ef3bf827c4938943c40d0ef0a913239ab00c39e3c,final-v1:long_chain_fork:intermediate_retraction:business-0,ablation,53,0,0,0,16,16,26533,0,0,2,4,26533,2,L3_coarse,5,16,0,0,16,0,1,2,4,2,0,0,0,0,16,0,0,16,0,0,0,0,results/final_unified_live_v1_claimref_fix_20260911/runs/w0053/result.json,9459e3f26c9a4d8ad622b3e65e800858685f35c89bd235fee630ca4b15e17f0c,4,12,0,0,claimref_fix,completed,11,long_chain_fork,4,5,0,,0,0,0,0,2,0,0,12,0,w0053
0,0,0,0,business-0,intermediate_retraction,17,5,12,4,5,0e048b9eb8d4769d5a9cba2ef3bf827c4938943c40d0ef0a913239ab00c39e3c,final-v1:long_chain_fork:intermediate_retraction:business-0,ablation,54,0,0,0,17,17,39001,0,0,2,4,39001,2,verify_all,4,17,0,0,16,0,0,2,4,2,0,0,0,0,17,0,0,17,0,0,0,0,results/final_unified_live_v1_20260911/runs/w0054/result.json,f27d182d41a9da8c1c52b088bcde1fec926d861f69d27afaeecbdc8ac0e85b41,4,15,0,2,base_preserved,completed,35,long_chain_fork,4,4,0,,0,0,0,2,2,0,0,15,0,w0054
0,0,0,0,business-1,intermediate_retraction,16,0,15,0,6,81b265806c816e34ac4004bab77ec546fe8d94c8688794b4666489e170bd6c3e,final-v1:long_chain_fork:intermediate_retraction:business-1,main,55,0,0,0,16,16,12559,0,0,2,4,12559,2,L0,1,16,0,0,16,0,0,2,4,2,2,4,4,2,16,0,0,16,0,0,0,0,results/final_unified_live_v1_provider_retry_20260911/runs/w0055/result.json,c7c3a0bfbdd41188d77e8f5e266c57f2d24c12c7a98981e213f5bd9317310ac4,0,21,0,2,provider_retry,completed,0,long_chain_fork,4,1,0,,0,0,0,2,2,2,2,0,0,w0055
0,0,0,0,business-1,intermediate_retraction,16,0,15,0,6,81b265806c816e34ac4004bab77ec546fe8d94c8688794b4666489e170bd6c3e,final-v1:long_chain_fork:intermediate_retraction:business-1,main,56,0,0,0,16,16,21343,0,0,2,4,21343,2,L1,1,16,0,0,16,0,0,2,4,2,2,4,4,2,16,0,0,16,0,0,0,0,results/final_unified_live_v1_20260911/runs/w0056/result.json,d6c94c28abec2dea4899d618f3a649dd619998ecd748ca904b4bb84e9df9b978,4,21,0,2,base_preserved,completed,0,long_chain_fork,4,1,0,,0,0,0,2,2,2,2,21,0,w0056
0,0,0,0,business-1,intermediate_retraction,16,0,15,0,6,81b265806c816e34ac4004bab77ec546fe8d94c8688794b4666489e170bd6c3e,final-v1:long_chain_fork:intermediate_retraction:business-1,main,57,0,0,0,16,16,21358,0,0,2,4,21358,2,L2,1,16,0,0,16,0,0,2,4,2,2,4,4,2,16,0,0,16,0,0,0,0,results/final_unified_live_v1_20260911/runs/w0057/result.json,e5754eae1fb13a6433e55b14136829f4ca1c3b15d4c70280fabb6e3aac4b8b17,4,21,0,2,base_preserved,completed,19,long_chain_fork,4,1,0,,0,0,0,2,2,2,2,21,0,w0057
0,0,0,0,business-1,intermediate_retraction,20,5,12,13,5,81b265806c816e34ac4004bab77ec546fe8d94c8688794b4666489e170bd6c3e,final-v1:long_chain_fork:intermediate_retraction:business-1,main,58,0,0,0,20,20,75567,0,0,2,4,75567,2,L3,4,20,0,0,16,0,0,2,4,2,0,0,0,0,20,0,0,20,0,0,0,0,results/final_unified_live_v1_20260911/runs/w0058/result.json,ff20151c2789d46aaad1ef7d67e8099f07b9ac24c165dca3f83e79717ef6de01,4,15,0,2,base_preserved,completed,41,long_chain_fork,4,4,0,,0,0,0,2,2,0,0,15,0,w0058
0,0,0,0,business-1,intermediate_retraction,19,2,9,23,2,81b265806c816e34ac4004bab77ec546fe8d94c8688794b4666489e170bd6c3e,final-v1:long_chain_fork:intermediate_retraction:business-1,main,59,0,0,0,19,19,53162,0,0,2,4,53162,2,L4,6,19,30645,5,16,0,0,2,4,2,0,0,0,0,19,0,0,19,0,0,0,0,results/final_unified_live_v1_claimref_fix_20260911/runs/w0059/result.json,95e09b8a0ea48ed5f05695f3b55e860fbdc105f8463186043ca1b8bba54def67,4,15,0,2,claimref_fix,completed,27,long_chain_fork,4,6,0,,0,0,0,2,2,0,0,15,0,w0059
0,0,0,0,business-0,branch_retraction,16,0,15,0,1,2c04bd19000bb84e263dd4e72d7270cacdffdedaec260a7906652bde8f751f5b,final-v1:long_chain_fork:branch_retraction:business-0,main,60,0,0,0,16,16,12602,0,0,1,4,12602,3,L0,1,16,0,0,16,0,0,1,4,3,0,0,0,0,16,0,0,16,0,0,0,0,results/final_unified_live_v1_provider_retry_20260911/runs/w0060/result.json,6bcf0a9c54edf1562024b08ca5fffbdca4ec196a9f89bde4c3033fe7a2816a79,0,21,0,3,provider_retry,completed,0,long_chain_fork,4,1,0,,0,0,0,3,3,1,1,0,0,w0060
0,0,0,0,business-0,branch_retraction,16,0,14,0,1,2c04bd19000bb84e263dd4e72d7270cacdffdedaec260a7906652bde8f751f5b,final-v1:long_chain_fork:branch_retraction:business-0,main,61,0,0,0,16,16,24891,0,0,1,4,24891,3,L1,2,16,0,0,16,0,0,1,4,3,0,0,0,0,16,0,0,16,0,0,0,0,results/final_unified_live_v1_provider_retry_20260911/runs/w0061/result.json,b0d8b6f35fb6151f0e25b3810c6164224166884323d07810306cb7b619165998,4,21,0,2,provider_retry,completed,0,long_chain_fork,4,2,0,,0,0,0,2,3,1,1,21,0,w0061
0,0,0,0,business-0,branch_retraction,16,0,15,0,1,2c04bd19000bb84e263dd4e72d7270cacdffdedaec260a7906652bde8f751f5b,final-v1:long_chain_fork:branch_retraction:business-0,main,62,0,0,0,16,16,24828,0,0,1,4,24828,3,L2,1,16,0,0,16,0,0,1,4,3,0,0,0,0,16,0,0,16,0,0,0,0,results/final_unified_live_v1_claimref_fix_20260911/runs/w0062/result.json,da503eec4b4d1c3f42e1997d74902767a05e1e8591fbbce5c09fa5a85b8d51bd,4,21,0,3,claimref_fix,completed,19,long_chain_fork,4,1,0,,0,0,0,3,3,1,1,21,0,w0062
0,0,0,0,business-0,branch_retraction,16,1,15,0,1,2c04bd19000bb84e263dd4e72d7270cacdffdedaec260a7906652bde8f751f5b,final-v1:long_chain_fork:branch_retraction:business-0,main,63,0,0,0,16,16,24903,0,0,1,4,24903,3,L3,1,16,0,0,16,0,0,1,4,3,0,0,0,0,16,0,0,16,0,0,0,0,results/final_unified_live_v1_provider_retry_20260911/runs/w0063/result.json,7c5ff729adcb3b133b64c4d2ab89b8c085a919b998953f780a232235ec65c410,4,21,0,3,provider_retry,completed,50,long_chain_fork,4,1,0,,0,0,0,3,3,0,0,21,0,w0063
0,0,0,0,business-0,branch_retraction,16,0,14,42,0,2c04bd19000bb84e263dd4e72d7270cacdffdedaec260a7906652bde8f751f5b,final-v1:long_chain_fork:branch_retraction:business-0,main,64,0,0,0,16,16,25327,0,0,1,4,25327,3,L4,2,16,7037,1,16,0,0,1,4,3,0,0,0,0,16,0,0,16,0,0,0,0,results/final_unified_live_v1_provider_retry_20260911/runs/w0064/result.json,01d948708b0588724e3d80a2964477162f4194c5bf8a79e72a22979b667872f7,4,21,0,3,provider_retry,completed,45,long_chain_fork,4,2,0,,0,0,0,3,3,0,0,21,0,w0064
0,0,0,0,business-0,branch_retraction,17,1,13,38,1,2c04bd19000bb84e263dd4e72d7270cacdffdedaec260a7906652bde8f751f5b,final-v1:long_chain_fork:branch_retraction:business-0,ablation,65,0,0,0,17,17,40790,0,0,1,4,40790,3,L4_no_push,3,17,0,0,16,0,0,1,4,3,0,0,0,0,17,0,0,17,0,0,0,0,results/final_unified_live_v1_provider_retry_20260911/runs/w0065/result.json,e2fd1a314ada8c50351ef9b0138e4389f465f1cb7b1fb253e0801d319bdfaa6c,4,20,0,2,provider_retry,completed,46,long_chain_fork,4,3,0,,0,0,0,2,3,0,0,20,0,w0065
0,0,0,0,business-0,branch_retraction,17,0,13,0,0,2c04bd19000bb84e263dd4e72d7270cacdffdedaec260a7906652bde8f751f5b,final-v1:long_chain_fork:branch_retraction:business-0,ablation,66,0,0,0,17,17,31837,0,0,1,4,31837,3,L4_no_fact,2,17,7037,1,16,0,0,1,4,3,0,0,0,0,17,0,0,17,0,0,0,0,results/final_unified_live_v1_provider_retry_20260911/runs/w0066/result.json,9916d0aee36cdbf56085b5561f20e9531471981a374d95d23c757ff402f6ec00,4,21,0,2,provider_retry,completed,40,long_chain_fork,4,2,0,,0,0,0,2,3,0,0,21,0,w0066
0,0,0,0,business-0,branch_retraction,16,0,14,42,0,2c04bd19000bb84e263dd4e72d7270cacdffdedaec260a7906652bde8f751f5b,final-v1:long_chain_fork:branch_retraction:business-0,ablation,67,0,0,0,16,16,21822,0,0,1,4,21822,3,L4_no_recovery,2,16,7037,1,16,0,0,1,4,3,0,0,0,0,16,0,0,16,0,0,0,0,results/final_unified_live_v1_20260911/runs/w0067/result.json,112a775e48443419f013ab0a77fcf5577a08d7ff0e6e438fc14a1e1308acb093,4,21,0,3,base_preserved,completed,45,long_chain_fork,4,2,0,,0,0,0,3,3,0,0,21,0,w0067
0,0,0,0,business-0,branch_retraction,16,1,15,0,1,2c04bd19000bb84e263dd4e72d7270cacdffdedaec260a7906652bde8f751f5b,final-v1:long_chain_fork:branch_retraction:business-0,ablation,68,0,0,0,16,16,21386,0,0,1,4,21386,3,L3_coarse,1,16,0,0,16,0,1,1,4,3,0,0,0,0,16,0,0,16,0,0,0,0,results/final_unified_live_v1_20260911/runs/w0068/result.json,ff506431ee01e26a89e3758c6629a5373eabbd65640617ab715cdd706ca6fac0,4,20,0,2,base_preserved,completed,41,long_chain_fork,4,1,0,,0,0,0,2,3,0,0,20,0,w0068
0,0,0,0,business-0,branch_retraction,16,1,14,0,1,2c04bd19000bb84e263dd4e72d7270cacdffdedaec260a7906652bde8f751f5b,final-v1:long_chain_fork:branch_retraction:business-0,ablation,69,0,0,0,16,16,25124,0,0,1,4,25124,3,verify_all,2,16,0,0,16,0,0,1,4,3,0,0,0,0,16,0,0,16,0,0,0,0,results/final_unified_live_v1_claimref_fix_20260911/runs/w0069/result.json,7eaecf586d1a8518e112aa424bedd6b07e9aaa0153eb7dc3014d040747d47e15,4,21,0,2,claimref_fix,completed,45,long_chain_fork,4,2,0,,0,0,0,2,3,0,0,21,0,w0069
0,0,0,0,business-1,branch_retraction,16,0,14,0,1,436b1d0d482e552393fb2092cfd4e6381264c0050f72ef32ad2d88b249f54029,final-v1:long_chain_fork:branch_retraction:business-1,main,70,0,0,0,16,16,12654,0,0,1,4,12654,3,L0,2,16,0,0,16,0,0,1,4,3,0,0,0,0,16,0,0,16,0,0,0,0,results/final_unified_live_v1_provider_retry_20260911/runs/w0070/result.json,06da3c13e9e8dde747d0a7385235c5a8c01e862c17bcc1f238839d626fb5900f,0,20,0,3,provider_retry,completed,0,long_chain_fork,4,2,0,,0,0,0,3,3,1,1,0,0,w0070
0,0,0,0,business-1,branch_retraction,16,0,15,0,1,436b1d0d482e552393fb2092cfd4e6381264c0050f72ef32ad2d88b249f54029,final-v1:long_chain_fork:branch_retraction:business-1,main,71,0,0,0,16,16,24426,0,0,1,4,24426,3,L1,1,16,0,0,16,0,0,1,4,3,0,0,0,0,16,0,0,16,0,0,0,0,results/final_unified_live_v1_provider_retry_20260911/runs/w0071/result.json,33d425af580445e3a12691731ae9dfb8fb033ca37f3f8acce3457c0efcf7ffa3,4,21,0,3,provider_retry,completed,0,long_chain_fork,4,1,0,,0,0,0,3,3,1,1,21,0,w0071
0,0,0,0,business-1,branch_retraction,16,0,15,0,1,436b1d0d482e552393fb2092cfd4e6381264c0050f72ef32ad2d88b249f54029,final-v1:long_chain_fork:branch_retraction:business-1,main,72,0,0,0,16,16,24348,0,0,1,4,24348,3,L2,1,16,0,0,16,0,0,1,4,3,0,0,0,0,16,0,0,16,0,0,0,0,results/final_unified_live_v1_provider_retry_20260911/runs/w0072/result.json,69540f008b73dca818263201e39d8e02fba5cf64957273080575187fd8d97e0b,4,21,0,3,provider_retry,completed,19,long_chain_fork,4,1,0,,0,0,0,3,3,1,1,21,0,w0072
0,0,0,0,business-1,branch_retraction,16,1,15,0,1,436b1d0d482e552393fb2092cfd4e6381264c0050f72ef32ad2d88b249f54029,final-v1:long_chain_fork:branch_retraction:business-1,main,73,0,0,0,16,16,25121,0,0,1,4,25121,3,L3,1,16,0,0,16,0,0,1,4,3,0,0,0,0,16,0,0,16,0,0,0,0,results/final_unified_live_v1_contract_cleanup_20260911/runs/w0073/result.json,becb872474b32efbfbe17e94974d1f5bb6235ddc1dfa429015f27c5bbdb7f1be,4,21,0,3,contract_cleanup,completed,50,long_chain_fork,4,1,0,,0,0,0,3,3,0,0,21,0,w0073
0,0,0,0,business-1,branch_retraction,18,0,14,50,0,436b1d0d482e552393fb2092cfd4e6381264c0050f72ef32ad2d88b249f54029,final-v1:long_chain_fork:branch_retraction:business-1,main,74,0,0,0,18,18,52142,0,0,1,4,52142,3,L4,2,18,7037,1,16,0,0,1,4,3,0,0,0,0,18,0,0,18,0,0,0,0,results/final_unified_live_v1_20260911/runs/w0074/result.json,c0ef15ff8987915c228a8f9bfbd20340e76e8b42afed3cbca0e2402f0696a0e0,4,21,0,3,base_preserved,completed,55,long_chain_fork,4,2,0,,0,0,0,3,3,0,0,21,0,w0074
0,0,0,0,business-0,late_notice,17,0,15,0,6,75781663eba6f3ea29b444f9defcadce69d9ef7b110bfd75d20a841294dfc030,final-v1:long_chain_fork:late_notice:business-0,main,75,0,0,0,17,17,10598,0,0,2,4,10598,2,L0,1,17,0,0,16,0,0,2,4,2,2,4,4,2,17,0,0,17,0,0,0,0,results/final_unified_live_v1_20260911/runs/w0075/result.json,97da2e2446159d0205057deeee96ce6f870ff19c2e2e67c0c442268c6018db28,0,21,0,2,base_preserved,completed,1,long_chain_fork,4,1,0,,0,0,0,2,2,2,2,0,0,w0075
0,0,0,0,business-0,late_notice,17,0,15,0,6,75781663eba6f3ea29b444f9defcadce69d9ef7b110bfd75d20a841294dfc030,final-v1:long_chain_fork:late_notice:business-0,main,76,0,0,0,17,17,28493,0,0,2,4,28493,2,L1,1,17,0,0,16,0,0,2,4,2,2,4,4,2,17,0,0,17,0,0,0,0,results/final_unified_live_v1_provider_retry_20260911/runs/w0076/result.json,ec9a0b96505ef0993f2e138302268592a92a5660c1c245fca792a95fa2d1ef36,4,21,0,2,provider_retry,completed,0,long_chain_fork,4,1,0,,0,0,0,2,2,2,2,21,0,w0076
0,0,0,0,business-0,late_notice,16,0,14,0,6,75781663eba6f3ea29b444f9defcadce69d9ef7b110bfd75d20a841294dfc030,final-v1:long_chain_fork:late_notice:business-0,main,77,0,0,0,16,16,21557,0,0,2,4,21557,2,L2,2,16,0,0,16,0,0,2,4,2,2,4,4,2,16,0,0,16,0,0,0,0,results/final_unified_live_v1_20260911/runs/w0077/result.json,31aed398ae0605c1bde304a1489b9fb70de9acddef0ce6e95ec4cdf4d2eb24b8,4,20,0,2,base_preserved,completed,18,long_chain_fork,4,2,0,,0,0,0,2,2,2,2,20,0,w0077
0,0,0,0,business-0,late_notice,17,5,11,4,5,75781663eba6f3ea29b444f9defcadce69d9ef7b110bfd75d20a841294dfc030,final-v1:long_chain_fork:late_notice:business-0,main,78,0,0,0,17,17,41330,0,0,2,4,41330,2,L3,5,17,0,0,16,0,0,2,4,2,0,0,0,0,17,0,0,17,0,0,0,0,results/final_unified_live_v1_claimref_fix_20260911/runs/w0078/result.json,51c505aac2dac475ed84fcecf23643a80d7967dcad9783e35eaaf713c8ae9b07,4,14,0,2,claimref_fix,completed,29,long_chain_fork,4,5,0,,0,0,0,2,2,0,0,14,0,w0078
0,0,0,0,business-0,late_notice,16,5,10,12,5,75781663eba6f3ea29b444f9defcadce69d9ef7b110bfd75d20a841294dfc030,final-v1:long_chain_fork:late_notice:business-0,main,79,0,0,0,16,16,26397,0,0,2,4,26397,2,L4,6,16,30021,5,16,0,0,2,4,2,0,0,0,0,16,0,0,16,0,0,0,0,results/final_unified_live_v1_provider_retry_20260911/runs/w0079/result.json,6c6a97c8fddbe6c4a9ae7be0c78141b6d6eea25ba797da48eb3ee7d6ae2ab5f1,4,14,0,1,provider_retry,completed,20,long_chain_fork,4,6,0,,0,0,0,1,2,0,0,14,0,w0079
0,0,0,0,business-0,late_notice,17,6,12,17,6,75781663eba6f3ea29b444f9defcadce69d9ef7b110bfd75d20a841294dfc030,final-v1:long_chain_fork:late_notice:business-0,ablation,80,0,0,0,17,17,28069,0,0,2,4,28069,2,L4_no_push,4,17,0,0,16,0,0,2,4,2,0,0,0,0,17,0,0,17,0,0,0,0,results/final_unified_live_v1_20260911/runs/w0080/result.json,c84a763ebd484475e326314d1a593ffbeaba1bf10ddb02c43c988cbcf90e121f,4,15,0,1,base_preserved,completed,25,long_chain_fork,4,4,0,,0,0,0,1,2,0,0,15,0,w0080
0,0,0,0,business-0,late_notice,18,5,10,7,5,75781663eba6f3ea29b444f9defcadce69d9ef7b110bfd75d20a841294dfc030,final-v1:long_chain_fork:late_notice:business-0,ablation,81,0,0,0,18,18,49069,0,0,2,4,49069,2,L4_no_fact,6,18,30021,5,16,0,0,2,4,2,0,0,0,0,18,0,0,18,0,0,0,0,results/final_unified_live_v1_20260911/runs/w0081/result.json,4adcb02433debcd25e05617523b2f7bde24e3ccf52a5d8a3e60c1d002e61a686,4,15,0,0,base_preserved,completed,25,long_chain_fork,4,6,0,,0,0,0,0,2,0,0,15,0,w0081
0,0,0,0,business-0,late_notice,19,5,11,29,5,75781663eba6f3ea29b444f9defcadce69d9ef7b110bfd75d20a841294dfc030,final-v1:long_chain_fork:late_notice:business-0,ablation,82,0,0,0,19,19,67821,0,0,2,4,67821,2,L4_no_recovery,5,19,30021,5,16,0,0,2,4,2,0,0,0,0,19,0,0,19,0,0,0,0,results/final_unified_live_v1_20260911/runs/w0082/result.json,7d9b97bfcd83c79099cecce7d4ffa0521b5608654eb1c2912340ed58872161eb,4,15,0,1,base_preserved,completed,38,long_chain_fork,4,5,0,,0,0,0,1,2,0,0,15,0,w0082
0,0,0,0,business-0,late_notice,19,5,11,0,5,75781663eba6f3ea29b444f9defcadce69d9ef7b110bfd75d20a841294dfc030,final-v1:long_chain_fork:late_notice:business-0,ablation,83,0,0,0,19,19,32067,0,0,2,4,32067,2,L3_coarse,3,19,0,0,16,0,1,2,4,2,0,0,0,0,19,0,0,19,0,0,0,0,results/final_unified_live_v1_provider_retry_20260911/runs/w0083/result.json,64105020dd2ad7fb524af1c7fdb027b33d0e33b95ca39ad52b782e6b26854f18,4,12,0,0,provider_retry,completed,9,long_chain_fork,4,3,0,,0,0,0,0,2,0,0,12,0,w0083
0,0,0,0,business-0,late_notice,18,5,10,7,5,75781663eba6f3ea29b444f9defcadce69d9ef7b110bfd75d20a841294dfc030,final-v1:long_chain_fork:late_notice:business-0,ablation,84,0,0,0,18,18,48918,0,0,2,4,48918,2,verify_all,6,18,0,0,16,0,0,2,4,2,0,0,0,0,18,0,0,18,0,0,0,0,results/final_unified_live_v1_20260911/runs/w0084/result.json,cc55affe90172d2f28579e707f16357e96f4aed71d68fc8ea018c4b315c7788b,4,15,0,0,base_preserved,completed,27,long_chain_fork,4,6,0,,0,0,0,0,2,0,0,15,0,w0084
0,0,0,0,business-1,late_notice,16,0,15,0,6,c990ca1ead272c0d54f4ac9480ff561c3a94ec4dfb570cd7fc69223949cf1773,final-v1:long_chain_fork:late_notice:business-1,main,85,0,0,0,16,16,9753,0,0,2,4,9753,2,L0,1,16,0,0,16,0,0,2,4,2,2,4,4,2,16,0,0,16,0,0,0,0,results/final_unified_live_v1_20260911/runs/w0085/result.json,1fcc41ce075ad8ee59dc7b34f95af6c90b2dca439b1b09b62ac7abe62e13cdff,0,21,0,2,base_preserved,completed,0,long_chain_fork,4,1,0,,0,0,0,2,2,2,2,0,0,w0085
0,0,0,0,business-1,late_notice,18,0,15,8,6,c990ca1ead272c0d54f4ac9480ff561c3a94ec4dfb570cd7fc69223949cf1773,final-v1:long_chain_fork:late_notice:business-1,main,86,0,0,0,18,18,51177,0,0,2,4,51177,2,L1,1,18,0,0,16,0,0,2,4,2,2,4,4,2,18,0,0,18,0,0,0,0,results/final_unified_live_v1_provider_retry_20260911/runs/w0086/result.json,9d5f97ec66f33c7740a6a70031d652aae7b78e75f0c53125f3cef4cb861663cc,4,21,0,2,provider_retry,completed,4,long_chain_fork,4,1,0,,0,0,0,2,2,2,2,21,0,w0086
0,0,0,0,business-1,late_notice,16,0,15,0,6,c990ca1ead272c0d54f4ac9480ff561c3a94ec4dfb570cd7fc69223949cf1773,final-v1:long_chain_fork:late_notice:business-1,main,87,0,0,0,16,16,24351,0,0,2,4,24351,2,L2,1,16,0,0,16,0,0,2,4,2,2,4,4,2,16,0,0,16,0,0,0,0,results/final_unified_live_v1_claimref_fix_20260911/runs/w0087/result.json,68d94698b06d5e5cb452fe6ae1d488ff9555e3fa23b185091e775ffa38d458f1,4,21,0,2,claimref_fix,completed,19,long_chain_fork,4,1,0,,0,0,0,2,2,2,2,21,0,w0087
0,0,0,0,business-1,late_notice,18,5,12,7,5,c990ca1ead272c0d54f4ac9480ff561c3a94ec4dfb570cd7fc69223949cf1773,final-v1:long_chain_fork:late_notice:business-1,main,88,0,0,0,18,18,52209,0,0,2,4,52209,2,L3,4,18,0,0,16,0,0,2,4,2,0,0,0,0,18,0,0,18,0,0,0,0,results/final_unified_live_v1_provider_retry_20260911/runs/w0088/result.json,43b62f5f889cc5edaa71d6f0e5e9351b6b77eeaa6fd420d7e4abc374e92e7135,4,16,0,1,provider_retry,completed,35,long_chain_fork,4,4,0,,0,0,0,1,2,0,0,16,0,w0088
0,0,0,0,business-1,late_notice,17,5,11,18,5,c990ca1ead272c0d54f4ac9480ff561c3a94ec4dfb570cd7fc69223949cf1773,final-v1:long_chain_fork:late_notice:business-1,main,89,0,0,0,17,17,37747,0,0,2,4,37747,2,L4,5,17,30021,5,16,0,0,2,4,2,0,0,0,0,17,0,0,17,0,0,0,0,results/final_unified_live_v1_provider_retry_20260911/runs/w0089/result.json,b91cc513a2715c57d7a1079a4f1b758df033b643d3b4cf36e5e625b999582b73,4,14,0,2,provider_retry,completed,28,long_chain_fork,4,5,0,,0,0,0,2,2,0,0,14,0,w0089
0,0,0,0,business-0,signed_false,16,0,16,0,8,52fbace333200c6ad616307d54dc149f72aa07d3a36faa86e12eadfd90d6dbc8,final-v1:long_chain_fork:signed_false:business-0,main,90,0,0,0,16,16,12609,0,0,2,4,12609,2,L0,0,16,0,0,16,0,0,2,4,2,2,6,6,4,16,0,0,16,0,0,0,0,results/final_unified_live_v1_provider_retry_20260911/runs/w0090/result.json,0e151046a55e598f07028a43756ade8acf8c63d8e844b6b954cd9075711ce8c6,0,22,0,2,provider_retry,completed,0,long_chain_fork,4,0,0,,0,0,0,2,2,2,2,0,0,w0090
0,0,0,0,business-0,signed_false,16,0,16,0,8,52fbace333200c6ad616307d54dc149f72aa07d3a36faa86e12eadfd90d6dbc8,final-v1:long_chain_fork:signed_false:business-0,main,91,0,0,0,16,16,20945,0,0,2,4,20945,2,L1,0,16,0,0,16,0,0,2,4,2,2,6,6,4,16,0,0,16,0,0,0,0,results/final_unified_live_v1_20260911/runs/w0091/result.json,bbe933471676c690ff5eb7029e4aca1c0f1b0a037d35ba0e46bc752403f1418c,4,22,0,2,base_preserved,completed,0,long_chain_fork,4,0,0,,0,0,0,2,2,2,2,22,0,w0091
0,0,0,0,business-0,signed_false,16,0,16,0,8,52fbace333200c6ad616307d54dc149f72aa07d3a36faa86e12eadfd90d6dbc8,final-v1:long_chain_fork:signed_false:business-0,main,92,0,0,0,16,16,24330,0,0,2,4,24330,2,L2,0,16,0,0,16,0,0,2,4,2,2,6,6,4,16,0,0,16,0,0,0,0,results/final_unified_live_v1_claimref_fix_20260911/runs/w0092/result.json,a023218d03325abe2517a5fd9e77230cf2f569aa51955bdb70ab499eac953599,4,22,0,2,claimref_fix,completed,20,long_chain_fork,4,0,0,,0,0,0,2,2,2,2,22,0,w0092
0,0,0,0,business-0,signed_false,16,0,16,0,8,52fbace333200c6ad616307d54dc149f72aa07d3a36faa86e12eadfd90d6dbc8,final-v1:long_chain_fork:signed_false:business-0,main,93,0,0,0,16,16,24503,0,0,2,4,24503,2,L3,0,16,0,0,16,0,0,2,4,2,2,6,6,4,16,0,0,16,0,0,0,0,results/final_unified_live_v1_claimref_fix_20260911/runs/w0093/result.json,6c9c9a578058e35b7558934a60bd8b20cd8de510eb892fe47a91e3cdb25dee9c,4,22,0,2,claimref_fix,completed,54,long_chain_fork,4,0,0,,0,0,0,2,2,2,2,22,0,w0093
0,0,0,0,business-0,signed_false,16,8,16,26,8,52fbace333200c6ad616307d54dc149f72aa07d3a36faa86e12eadfd90d6dbc8,final-v1:long_chain_fork:signed_false:business-0,main,94,0,0,0,16,16,24551,0,0,2,4,24551,2,L4,0,16,37756,6,16,0,0,2,4,2,0,0,0,0,16,0,0,16,0,0,0,0,results/final_unified_live_v1_claimref_fix_20260911/runs/w0094/result.json,c9c36bbb1a2951d04dcc4a2fbadeeff3a56386df86fdc419351a55062f2f54a7,4,16,0,2,claimref_fix,completed,52,long_chain_fork,4,0,0,,0,0,0,2,2,0,0,16,0,w0094
0,0,0,0,business-0,signed_false,16,8,16,26,8,52fbace333200c6ad616307d54dc149f72aa07d3a36faa86e12eadfd90d6dbc8,final-v1:long_chain_fork:signed_false:business-0,ablation,95,0,0,0,16,16,21365,0,0,2,4,21365,2,L4_no_push,0,16,0,0,16,0,0,2,4,2,0,0,0,0,16,0,0,16,0,0,0,0,results/final_unified_live_v1_20260911/runs/w0095/result.json,0ba5d4d58c8fefa21c2d8debfa21495076282c564d580629fac799457d0920cb,4,16,0,2,base_preserved,completed,52,long_chain_fork,4,0,0,,0,0,0,2,2,0,0,16,0,w0095
0,0,0,0,business-0,signed_false,16,0,16,0,8,52fbace333200c6ad616307d54dc149f72aa07d3a36faa86e12eadfd90d6dbc8,final-v1:long_chain_fork:signed_false:business-0,ablation,96,0,0,0,16,16,24497,0,0,2,4,24497,2,L4_no_fact,0,16,0,0,16,0,0,2,4,2,2,6,6,4,16,0,0,16,0,0,0,0,results/final_unified_live_v1_provider_retry_20260911/runs/w0096/result.json,2088d177bffacc48df7e436d3bbd6b61c045e2075fdf56e07e2ac7c39166d7b8,4,22,0,2,provider_retry,completed,54,long_chain_fork,4,0,0,,0,0,0,2,2,2,2,22,0,w0096
0,0,0,0,business-0,signed_false,16,8,16,26,8,52fbace333200c6ad616307d54dc149f72aa07d3a36faa86e12eadfd90d6dbc8,final-v1:long_chain_fork:signed_false:business-0,ablation,97,0,0,0,16,16,24682,0,0,2,4,24682,2,L4_no_recovery,0,16,37756,6,16,0,0,2,4,2,0,0,0,0,16,0,0,16,0,0,0,0,results/final_unified_live_v1_provider_retry_20260911/runs/w0097/result.json,1235251721c626e90561248142021b0897b5861b0aec22378a9cfaf814c60fbc,4,16,0,2,provider_retry,completed,52,long_chain_fork,4,0,0,,0,0,0,2,2,0,0,16,0,w0097
0,0,0,0,business-0,signed_false,16,0,16,0,8,52fbace333200c6ad616307d54dc149f72aa07d3a36faa86e12eadfd90d6dbc8,final-v1:long_chain_fork:signed_false:business-0,ablation,98,0,0,0,16,16,24523,0,0,2,4,24523,2,L3_coarse,0,16,0,0,16,0,0,2,4,2,2,6,6,4,16,0,0,16,0,0,0,0,results/final_unified_live_v1_provider_retry_20260911/runs/w0098/result.json,4044eb5267ae83d7a4560273e8c8c29c4393a4fa07c8c4ede7a094e6f4e7f9da,4,22,0,2,provider_retry,completed,54,long_chain_fork,4,0,0,,0,0,0,2,2,2,2,22,0,w0098
0,0,0,0,business-0,signed_false,16,0,16,0,8,52fbace333200c6ad616307d54dc149f72aa07d3a36faa86e12eadfd90d6dbc8,final-v1:long_chain_fork:signed_false:business-0,ablation,99,0,0,0,16,16,24621,0,0,2,4,24621,2,verify_all,0,16,0,0,16,0,0,2,4,2,2,6,6,4,16,0,0,16,0,0,0,0,results/final_unified_live_v1_provider_retry_20260911/runs/w0099/result.json,f6c11f780e65e66d44450bd640d626821b5469713f3537b9efe563646e580ce6,4,22,0,2,provider_retry,completed,54,long_chain_fork,4,0,0,,0,0,0,2,2,2,2,22,0,w0099
0,0,0,0,business-1,signed_false,16,0,16,0,8,d2aa9a84f02c3297fa70f95c2b6273b57a99785e111ede2f14a7ae9eb45803a2,final-v1:long_chain_fork:signed_false:business-1,main,100,0,0,0,16,16,12520,0,0,2,4,12520,2,L0,0,16,0,0,16,0,0,2,4,2,2,6,6,4,16,0,0,16,0,0,0,0,results/final_unified_live_v1_provider_retry_20260911/runs/w0100/result.json,333ff92ced2dffc6a00a15edaa9d5f908edfe3e9385160174f6e31e380d73979,0,22,0,2,provider_retry,completed,0,long_chain_fork,4,0,0,,0,0,0,2,2,2,2,0,0,w0100
0,0,0,0,business-1,signed_false,16,0,16,0,8,d2aa9a84f02c3297fa70f95c2b6273b57a99785e111ede2f14a7ae9eb45803a2,final-v1:long_chain_fork:signed_false:business-1,main,101,0,0,0,16,16,20830,0,0,2,4,20830,2,L1,0,16,0,0,16,0,0,2,4,2,2,6,6,4,16,0,0,16,0,0,0,0,results/final_unified_live_v1_20260911/runs/w0101/result.json,29fd02492ddfe0ce4e773b83a1b586314d0523b784cad413d343116db440ac41,4,22,0,2,base_preserved,completed,0,long_chain_fork,4,0,0,,0,0,0,2,2,2,2,22,0,w0101
0,0,0,0,business-1,signed_false,16,0,16,0,8,d2aa9a84f02c3297fa70f95c2b6273b57a99785e111ede2f14a7ae9eb45803a2,final-v1:long_chain_fork:signed_false:business-1,main,102,0,0,0,16,16,21034,0,0,2,4,21034,2,L2,0,16,0,0,16,0,0,2,4,2,2,6,6,4,16,0,0,16,0,0,0,0,results/final_unified_live_v1_20260911/runs/w0102/result.json,fb7eb1330f75088c9b1ea53d7738966d761cf9b0c69219417ed4e4483af2b62d,4,22,0,2,base_preserved,completed,20,long_chain_fork,4,0,0,,0,0,0,2,2,2,2,22,0,w0102
0,0,0,0,business-1,signed_false,16,0,16,0,8,d2aa9a84f02c3297fa70f95c2b6273b57a99785e111ede2f14a7ae9eb45803a2,final-v1:long_chain_fork:signed_false:business-1,main,103,0,0,0,16,16,21360,0,0,2,4,21360,2,L3,0,16,0,0,16,0,0,2,4,2,2,6,6,4,16,0,0,16,0,0,0,0,results/final_unified_live_v1_20260911/runs/w0103/result.json,7f02130798ce6f3e77ca336c430f5ae6973621db4f6fd508c345e00119bcb3da,4,22,0,2,base_preserved,completed,54,long_chain_fork,4,0,0,,0,0,0,2,2,2,2,22,0,w0103
0,0,0,0,business-1,signed_false,16,8,16,26,8,d2aa9a84f02c3297fa70f95c2b6273b57a99785e111ede2f14a7ae9eb45803a2,final-v1:long_chain_fork:signed_false:business-1,main,104,0,0,0,16,16,20854,0,0,2,4,20854,2,L4,0,16,37744,6,16,0,0,2,4,2,0,0,0,0,16,0,0,16,0,0,0,0,results/final_unified_live_v1_20260911/runs/w0104/result.json,2dfca41cc87aca5da75e98670cbc8182fb3cc4dc063cb8b761caac5034829a6d,4,16,0,2,base_preserved,completed,35,long_chain_fork,4,0,0,,0,0,0,2,2,0,0,16,0,w0104
0,0,0,0,business-0,conflicting_sources,17,0,12,2,5,703af816e75201f58fd9ae3771c78fe36dec05c3fbe908978703a94a7477a577,final-v1:long_chain_fork:conflicting_sources:business-0,main,105,0,0,0,17,17,10972,0,0,2,4,10972,2,L0,3,17,0,0,16,0,0,2,4,2,2,5,5,3,17,0,0,17,0,0,0,0,results/final_unified_live_v1_20260911/runs/w0105/result.json,3c9cf7732deb38888df434af22dab63f5ea85240acc6c04cb3e40d97afb9a447,0,22,0,2,base_preserved,completed,4,long_chain_fork,4,3,0,,0,0,0,2,2,0,0,0,0,w0105
0,0,0,0,business-0,conflicting_sources,17,0,16,1,8,703af816e75201f58fd9ae3771c78fe36dec05c3fbe908978703a94a7477a577,final-v1:long_chain_fork:conflicting_sources:business-0,main,106,0,0,0,17,17,25919,0,0,2,4,25919,2,L1,0,17,0,0,16,0,0,2,4,2,2,6,6,4,17,0,0,17,0,0,0,0,results/final_unified_live_v1_20260911/runs/w0106/result.json,8a169b8919ced954714c17ec55c62a30bce4da8a6971ea0f3d48aa36f8f9a6fc,5,24,0,2,base_preserved,completed,1,long_chain_fork,4,0,0,,0,0,0,2,2,2,2,24,0,w0106
0,0,0,0,business-0,conflicting_sources,16,0,16,0,8,703af816e75201f58fd9ae3771c78fe36dec05c3fbe908978703a94a7477a577,final-v1:long_chain_fork:conflicting_sources:business-0,main,107,0,0,0,16,16,25214,0,0,2,4,25214,2,L2,0,16,0,0,16,0,0,2,4,2,2,6,6,4,16,0,0,16,0,0,0,0,results/final_unified_live_v1_provider_retry_20260911/runs/w0107/result.json,324d957a513b695f44197c98d2297e9487bb38dd515999f67c847c8d25a91ead,5,24,0,2,provider_retry,completed,20,long_chain_fork,4,0,0,,0,0,0,2,2,2,2,24,0,w0107
0,0,0,0,business-0,conflicting_sources,16,0,16,0,8,703af816e75201f58fd9ae3771c78fe36dec05c3fbe908978703a94a7477a577,final-v1:long_chain_fork:conflicting_sources:business-0,main,108,0,0,0,16,16,25109,0,0,2,4,25109,2,L3,0,16,0,0,16,0,0,2,4,2,2,6,6,4,16,0,0,16,0,0,0,0,results/final_unified_live_v1_claimref_fix_20260911/runs/w0108/result.json,8fc4168f21b3d70209a607470a00bb9e7676ccaebed13890041545d63104d5e2,5,24,0,2,claimref_fix,completed,54,long_chain_fork,4,0,0,,0,0,0,2,2,2,2,24,0,w0108
0,0,0,0,business-0,conflicting_sources,16,8,16,26,8,703af816e75201f58fd9ae3771c78fe36dec05c3fbe908978703a94a7477a577,final-v1:long_chain_fork:conflicting_sources:business-0,main,109,0,0,0,16,16,25244,0,0,2,4,25244,2,L4,0,16,38150,6,16,0,0,2,4,2,0,0,0,0,16,0,0,16,0,0,0,0,results/final_unified_live_v1_claimref_fix_20260911/runs/w0109/result.json,c3168087277a759c6939f23bd71e56179baf3ff495e974cec4876f239447d189,5,18,0,2,claimref_fix,completed,45,long_chain_fork,4,0,0,,0,0,0,2,2,0,0,18,0,w0109
0,0,0,0,business-0,conflicting_sources,17,7,15,26,7,703af816e75201f58fd9ae3771c78fe36dec05c3fbe908978703a94a7477a577,final-v1:long_chain_fork:conflicting_sources:business-0,ablation,110,0,0,0,17,17,27214,0,0,2,4,27214,2,L4_no_push,1,17,0,0,16,0,0,2,4,2,0,0,0,0,17,0,0,17,0,0,0,0,results/final_unified_live_v1_20260911/runs/w0110/result.json,87eb702e4f38dac69646098cd4ce66f4de8ae45ced25a38dcbba5f15ac29a302,5,18,0,2,base_preserved,completed,45,long_chain_fork,4,1,0,,0,0,0,2,2,0,0,18,0,w0110
0,0,0,0,business-0,conflicting_sources,16,0,16,0,8,703af816e75201f58fd9ae3771c78fe36dec05c3fbe908978703a94a7477a577,final-v1:long_chain_fork:conflicting_sources:business-0,ablation,111,0,0,0,16,16,25363,0,0,2,4,25363,2,L4_no_fact,0,16,0,0,16,0,0,2,4,2,2,6,6,4,16,0,0,16,0,0,0,0,results/final_unified_live_v1_claimref_fix_20260911/runs/w0111/result.json,576bea58868c6b5fc2934d3e2ac2e1379851d92b523f8e9e311b5a858244e7f9,5,24,0,2,claimref_fix,completed,54,long_chain_fork,4,0,0,,0,0,0,2,2,2,2,24,0,w0111
0,0,0,0,business-0,conflicting_sources,16,8,16,26,8,703af816e75201f58fd9ae3771c78fe36dec05c3fbe908978703a94a7477a577,final-v1:long_chain_fork:conflicting_sources:business-0,ablation,112,0,0,0,16,16,21949,0,0,2,4,21949,2,L4_no_recovery,0,16,38162,6,16,0,0,2,4,2,0,0,0,0,16,0,0,16,0,0,0,0,results/final_unified_live_v1_20260911/runs/w0112/result.json,e180c37bce93e2c5d57766a2c17781786beaa493231182c55dec655ac9d1c62e,5,18,0,2,base_preserved,completed,45,long_chain_fork,4,0,0,,0,0,0,2,2,0,0,18,0,w0112
0,0,0,0,business-0,conflicting_sources,18,6,13,1,6,703af816e75201f58fd9ae3771c78fe36dec05c3fbe908978703a94a7477a577,final-v1:long_chain_fork:conflicting_sources:business-0,ablation,113,0,0,0,18,18,31100,0,0,2,4,31100,2,L3_coarse,1,18,0,0,16,0,0,2,4,2,0,0,0,0,18,0,0,18,0,0,0,0,results/final_unified_live_v1_20260911/runs/w0113/result.json,9d9d41261a390b873c2c468742387e1767ed5f96c60a36a8d0c15557592540e8,5,17,0,2,base_preserved,completed,45,long_chain_fork,4,1,0,,0,0,0,2,2,0,0,17,0,w0113
0,0,0,0,business-0,conflicting_sources,18,7,15,5,7,703af816e75201f58fd9ae3771c78fe36dec05c3fbe908978703a94a7477a577,final-v1:long_chain_fork:conflicting_sources:business-0,ablation,114,0,0,0,18,18,46165,0,0,2,4,46165,2,verify_all,0,18,0,0,16,0,0,2,4,2,0,0,0,0,18,0,0,18,0,0,0,0,results/final_unified_live_v1_claimref_fix_20260911/runs/w0114/result.json,58f8ee3e97b2e8d915c72422f4b98fb0babf0f2c6cbab77fa1592fae545f0234,5,18,0,2,claimref_fix,completed,51,long_chain_fork,4,0,0,,0,0,0,2,2,0,0,18,0,w0114
0,0,0,0,business-1,conflicting_sources,18,0,13,3,5,ea1bd08678f3514bd3982ec2363fa08d23da91711f5e99ab60e767128874f8a1,final-v1:long_chain_fork:conflicting_sources:business-1,main,115,0,0,0,18,18,11483,0,0,2,4,11483,2,L0,2,18,0,0,16,0,0,2,4,2,2,5,5,3,18,0,0,18,0,0,0,0,results/final_unified_live_v1_20260911/runs/w0115/result.json,dd8a64a9f1c5302bdfd690ab3f60e73122ae4421fb120f77538885e7f85a2b32,0,23,0,2,base_preserved,completed,5,long_chain_fork,4,2,0,,0,0,0,2,2,0,0,0,0,w0115
0,0,0,0,business-1,conflicting_sources,16,0,16,0,8,ea1bd08678f3514bd3982ec2363fa08d23da91711f5e99ab60e767128874f8a1,final-v1:long_chain_fork:conflicting_sources:business-1,main,116,0,0,0,16,16,24902,0,0,2,4,24902,2,L1,0,16,0,0,16,0,0,2,4,2,2,6,6,4,16,0,0,16,0,0,0,0,results/final_unified_live_v1_provider_retry_20260911/runs/w0116/result.json,dd7bcdb68ca360b1c6c842772c38796cabcbd877192ab41f2ba2a034e53da3d2,5,24,0,2,provider_retry,completed,0,long_chain_fork,4,0,0,,0,0,0,2,2,2,2,24,0,w0116
0,0,0,0,business-1,conflicting_sources,17,7,14,1,7,ea1bd08678f3514bd3982ec2363fa08d23da91711f5e99ab60e767128874f8a1,final-v1:long_chain_fork:conflicting_sources:business-1,main,117,0,0,0,18,17,31692,0,0,2,4,31692,2,L2,1,17,0,0,16,0,0,2,4,2,0,0,0,0,18,0,0,18,0,0,0,0,results/final_unified_live_v1_claimref_fix_20260911/runs/w0117/result.json,202a94b872a8a90dd01d9d9c77090742f02b5dde3959f091edf7b38625ea604c,5,18,0,1,claimref_fix,completed,17,long_chain_fork,4,1,0,,0,0,0,1,2,0,0,18,0,w0117
0,0,0,0,business-1,conflicting_sources,16,0,14,0,7,ea1bd08678f3514bd3982ec2363fa08d23da91711f5e99ab60e767128874f8a1,final-v1:long_chain_fork:conflicting_sources:business-1,main,118,0,0,0,16,16,21058,0,0,2,4,21058,2,L3,2,16,0,0,16,0,0,2,4,2,2,5,5,3,16,0,0,16,0,0,0,0,results/final_unified_live_v1_20260911/runs/w0118/result.json,1deaec7ed24f16b0ca6cb4a229f57154ebce317d7a29e770a34050df943c06d5,5,23,0,1,base_preserved,completed,48,long_chain_fork,4,2,0,,0,0,0,1,2,2,2,23,0,w0118
,0,0,0,business-1,conflicting_sources,0,,,,,ea1bd08678f3514bd3982ec2363fa08d23da91711f5e99ab60e767128874f8a1,final-v1:long_chain_fork:conflicting_sources:business-1,main,119,,0,0,0,0,0,0,0,0,0,,0,L4,,,,,0,0,,2,4,2,,,,,,0,0,0,,0,0,0,,,,,,,base_interrupted,unknown,,long_chain_fork,,0,2,paused_for_claim_refs_contract_audit; no automatic paid replay,4,2,,,,,,,,w0119
0,0,0,0,business-0,confirmed_repair,17,0,16,0,8,ae557001467db27103e5d1c0624b5cfa0cbdd300958c4fce439bc501fde5f77a,final-v1:long_chain_fork:confirmed_repair:business-0,main,120,0,0,0,17,17,10484,0,0,2,4,10484,2,L0,1,17,0,0,16,0,0,2,4,2,2,6,6,4,17,0,0,17,0,0,0,0,results/final_unified_live_v1_20260911/runs/w0120/result.json,bac8588fe3f4e0ca2ec7808fdc0f888cc3bf62f9dc1fc2c8e5a2ee86e92b55a4,0,22,0,2,base_preserved,completed,0,long_chain_fork,4,1,0,,0,0,0,2,2,2,2,0,0,w0120
,0,0,0,business-0,confirmed_repair,0,,,,,ae557001467db27103e5d1c0624b5cfa0cbdd300958c4fce439bc501fde5f77a,final-v1:long_chain_fork:confirmed_repair:business-0,main,121,,0,0,0,0,0,0,0,0,0,,0,L1,,,,,0,0,,2,4,2,,,,,,0,0,0,,0,0,0,,,,,,,base_interrupted,unknown,,long_chain_fork,,0,2,paused_for_claim_refs_contract_audit; no automatic paid replay,4,2,,,,,,,,w0121
,0,0,0,business-0,confirmed_repair,0,,,,,ae557001467db27103e5d1c0624b5cfa0cbdd300958c4fce439bc501fde5f77a,final-v1:long_chain_fork:confirmed_repair:business-0,main,122,,0,0,0,0,0,0,0,0,0,,0,L2,,,,,0,0,,2,4,2,,,,,,0,0,0,,0,0,0,,,,,,,base_interrupted,unknown,,long_chain_fork,,0,2,paused_for_claim_refs_contract_audit; no automatic paid replay,4,2,,,,,,,,w0122
,0,0,0,business-0,confirmed_repair,0,,,,,ae557001467db27103e5d1c0624b5cfa0cbdd300958c4fce439bc501fde5f77a,final-v1:long_chain_fork:confirmed_repair:business-0,main,123,,0,0,0,0,0,0,0,0,0,,0,L3,,,,,0,0,,2,4,2,,,,,,0,0,0,,0,0,0,,,,,,,base_interrupted,unknown,,long_chain_fork,,0,2,paused_for_claim_refs_contract_audit; no automatic paid replay,4,2,,,,,,,,w0123
,0,0,0,business-0,confirmed_repair,0,,,,,ae557001467db27103e5d1c0624b5cfa0cbdd300958c4fce439bc501fde5f77a,final-v1:long_chain_fork:confirmed_repair:business-0,main,124,,0,0,0,0,0,0,0,0,0,,0,L4,,,,,0,0,,2,4,2,,,,,,0,0,0,,0,0,0,,,,,,,base_interrupted,unknown,,long_chain_fork,,0,2,paused_for_claim_refs_contract_audit; no automatic paid replay,4,2,,,,,,,,w0124
0,1,0,0,business-0,confirmed_repair,27,8,16,35,8,ae557001467db27103e5d1c0624b5cfa0cbdd300958c4fce439bc501fde5f77a,final-v1:long_chain_fork:confirmed_repair:business-0,ablation,125,0,0,0,27,27,60492,0,0,2,4,60492,2,L4_no_push,0,27,0,0,18,0,0,2,4,2,0,0,0,0,27,0,0,27,2,0,2,2,results/final_unified_live_v1_claimref_fix_20260911/runs/w0125/result.json,1b61b42db9ac7e31956b75b6d6c5f3636fe259651db0d1338d006c9db8c59b1a,5,16,0,4,claimref_fix,completed,74,long_chain_fork,4,0,0,,0,0,0,2,2,0,0,16,0,w0125
,0,0,0,business-0,confirmed_repair,0,,,,,ae557001467db27103e5d1c0624b5cfa0cbdd300958c4fce439bc501fde5f77a,final-v1:long_chain_fork:confirmed_repair:business-0,ablation,126,,0,0,0,0,0,0,0,0,0,,0,L4_no_fact,,,,,0,0,,2,4,2,,,,,,0,0,0,,0,0,0,,,,,,,base_interrupted,unknown,,long_chain_fork,,0,2,paused_for_claim_refs_contract_audit; no automatic paid replay,4,2,,,,,,,,w0126
0,0,0,0,business-0,confirmed_repair,17,8,16,26,8,ae557001467db27103e5d1c0624b5cfa0cbdd300958c4fce439bc501fde5f77a,final-v1:long_chain_fork:confirmed_repair:business-0,ablation,127,0,0,0,17,17,25247,0,0,2,4,25247,2,L4_no_recovery,1,17,37988,6,16,0,0,2,4,2,0,0,0,0,17,0,0,17,0,0,0,0,results/final_unified_live_v1_claimref_fix_20260911/runs/w0127/result.json,fa92368c6adc305e5beeebc6f609c57e3cef3b48d979da9b0b23f5efe4a40c59,4,16,0,2,claimref_fix,completed,54,long_chain_fork,4,1,0,,0,0,0,2,2,0,0,16,0,w0127
0,0,0,0,business-0,confirmed_repair,17,0,16,0,8,ae557001467db27103e5d1c0624b5cfa0cbdd300958c4fce439bc501fde5f77a,final-v1:long_chain_fork:confirmed_repair:business-0,ablation,128,0,0,0,17,17,25103,0,0,2,4,25103,2,L3_coarse,1,17,0,0,16,0,0,2,4,2,2,6,6,4,17,0,0,17,0,0,0,0,results/final_unified_live_v1_claimref_fix_20260911/runs/w0128/result.json,10659aa58444e3ef6aba962cb0034afe8145aca9f0108d80f8d299d679fc5a70,4,22,0,2,claimref_fix,completed,54,long_chain_fork,4,1,0,,0,0,0,2,2,2,2,22,0,w0128
0,0,0,0,business-0,confirmed_repair,18,0,16,4,8,ae557001467db27103e5d1c0624b5cfa0cbdd300958c4fce439bc501fde5f77a,final-v1:long_chain_fork:confirmed_repair:business-0,ablation,129,0,0,0,18,18,40556,0,0,2,4,40556,2,verify_all,1,18,0,0,16,0,0,2,4,2,2,6,6,4,18,0,0,18,0,0,0,0,results/final_unified_live_v1_claimref_fix_20260911/runs/w0129/result.json,995e7c92587e5b09621d715913c5a2bc8d0a51d7dc4cfd74cc44972017a316f7,4,22,0,2,claimref_fix,completed,59,long_chain_fork,4,1,0,,0,0,0,2,2,2,2,22,0,w0129
0,0,0,0,business-1,confirmed_repair,17,0,16,0,8,66f427dff54458754a291a2d17b3c45de58a047003e4db5ad2d302e5c035bf59,final-v1:long_chain_fork:confirmed_repair:business-1,main,130,0,0,0,17,17,13277,0,0,2,4,13277,2,L0,1,17,0,0,16,0,0,2,4,2,2,6,6,4,17,0,0,17,0,0,0,0,results/final_unified_live_v1_claimref_fix_20260911/runs/w0130/result.json,fb735b911fd49093f522e9381f45ba190c00ee755a068994f440dbd72596e2a9,0,22,0,2,claimref_fix,completed,0,long_chain_fork,4,1,0,,0,0,0,2,2,2,2,0,0,w0130
0,0,0,0,business-1,confirmed_repair,17,0,16,0,8,66f427dff54458754a291a2d17b3c45de58a047003e4db5ad2d302e5c035bf59,final-v1:long_chain_fork:confirmed_repair:business-1,main,131,0,0,0,17,17,25295,0,0,2,4,25295,2,L1,1,17,0,0,16,0,0,2,4,2,2,6,6,4,17,0,0,17,0,0,0,0,results/final_unified_live_v1_claimref_fix_20260911/runs/w0131/result.json,213067fd09bf015a519546839cd2cb9f5e4e6110567abf14757cbe92330e9a59,4,22,0,2,claimref_fix,completed,0,long_chain_fork,4,1,0,,0,0,0,2,2,2,2,22,0,w0131
0,0,0,0,business-1,confirmed_repair,17,0,16,0,8,66f427dff54458754a291a2d17b3c45de58a047003e4db5ad2d302e5c035bf59,final-v1:long_chain_fork:confirmed_repair:business-1,main,132,0,0,0,17,17,25335,0,0,2,4,25335,2,L2,1,17,0,0,16,0,0,2,4,2,2,6,6,4,17,0,0,17,0,0,0,0,results/final_unified_live_v1_claimref_fix_20260911/runs/w0132/result.json,0467d6bb90e0de4ca04619680df67c94ff471b2d34441e63368ead0f0d32ebf1,4,22,0,2,claimref_fix,completed,20,long_chain_fork,4,1,0,,0,0,0,2,2,2,2,22,0,w0132
0,0,0,0,business-1,confirmed_repair,17,0,16,0,8,66f427dff54458754a291a2d17b3c45de58a047003e4db5ad2d302e5c035bf59,final-v1:long_chain_fork:confirmed_repair:business-1,main,133,0,0,0,17,17,25250,0,0,2,4,25250,2,L3,1,17,0,0,16,0,0,2,4,2,2,6,6,4,17,0,0,17,0,0,0,0,results/final_unified_live_v1_claimref_fix_20260911/runs/w0133/result.json,b511121c2cc0ef126487876133e93d7332d9942fcc4b7632286205623ae86dd6,4,22,0,2,claimref_fix,completed,54,long_chain_fork,4,1,0,,0,0,0,2,2,2,2,22,0,w0133
0,1,0,0,business-1,confirmed_repair,28,8,16,39,8,66f427dff54458754a291a2d17b3c45de58a047003e4db5ad2d302e5c035bf59,final-v1:long_chain_fork:confirmed_repair:business-1,main,134,0,0,0,29,28,83126,0,0,2,4,83126,2,L4,0,28,71254,12,18,0,0,2,4,2,0,0,0,0,29,0,0,29,2,0,2,2,results/final_unified_live_v1_claimref_fix_20260911/runs/w0134/result.json,36280c3755410e8d8d1e4b17f6bae3bf5ac22423e733ef69d41578289bc82f03,5,16,0,4,claimref_fix,completed,52,long_chain_fork,4,0,0,,0,0,0,2,2,0,0,16,0,w0134
0,0,0,0,business-0,authority_unknown,16,0,16,0,8,3a9a963738506bd41a98761b47e6166e54b4202b1292adf6ff2a93e008f1d45d,final-v1:long_chain_fork:authority_unknown:business-0,main,135,0,0,0,16,16,12610,0,0,2,4,12610,2,L0,0,16,0,0,16,0,0,2,4,2,2,6,6,4,16,0,0,16,0,0,0,0,results/final_unified_live_v1_claimref_fix_20260911/runs/w0135/result.json,7ab2d3799e51689efc86e4cc20b1a15110a491023890c5cf5e0863238d92d9fa,0,22,0,2,claimref_fix,completed,0,long_chain_fork,4,0,0,,0,0,0,2,2,2,2,0,0,w0135
0,0,0,0,business-0,authority_unknown,16,0,16,0,8,3a9a963738506bd41a98761b47e6166e54b4202b1292adf6ff2a93e008f1d45d,final-v1:long_chain_fork:authority_unknown:business-0,main,136,0,0,0,16,16,24170,0,0,2,4,24170,2,L1,0,16,0,0,16,0,0,2,4,2,2,6,6,4,16,0,0,16,0,0,0,0,results/final_unified_live_v1_claimref_fix_20260911/runs/w0136/result.json,cb51d2147331aa471474740a376b9b8c63ea49260f6a225a442df2c00c78fa10,4,22,0,2,claimref_fix,completed,0,long_chain_fork,4,0,0,,0,0,0,2,2,2,2,22,0,w0136
0,0,0,0,business-0,authority_unknown,16,0,15,0,8,3a9a963738506bd41a98761b47e6166e54b4202b1292adf6ff2a93e008f1d45d,final-v1:long_chain_fork:authority_unknown:business-0,main,137,0,0,0,16,16,24105,0,0,2,4,24105,2,L2,1,16,0,0,16,0,0,2,4,2,2,6,6,4,16,0,0,16,0,0,0,0,results/final_unified_live_v1_claimref_fix_20260911/runs/w0137/result.json,7e48c3351b97c6a0cad05603b6091a0a82a2363640ee1736362c6ed23e19ffae,4,22,0,1,claimref_fix,completed,18,long_chain_fork,4,1,0,,0,0,0,1,2,2,2,22,0,w0137
0,0,0,0,business-0,authority_unknown,16,0,16,0,8,3a9a963738506bd41a98761b47e6166e54b4202b1292adf6ff2a93e008f1d45d,final-v1:long_chain_fork:authority_unknown:business-0,main,138,0,0,0,16,16,24198,0,0,2,4,24198,2,L3,0,16,0,0,16,0,0,2,4,2,2,6,6,4,16,0,0,16,0,0,0,0,results/final_unified_live_v1_claimref_fix_20260911/runs/w0138/result.json,38c958095331c7118e11e575adab8cbfa43cbc822efc0d2c26e445ba9dc3614f,4,22,0,2,claimref_fix,completed,54,long_chain_fork,4,0,0,,0,0,0,2,2,2,2,22,0,w0138
0,0,0,0,business-0,authority_unknown,16,8,16,50,8,3a9a963738506bd41a98761b47e6166e54b4202b1292adf6ff2a93e008f1d45d,final-v1:long_chain_fork:authority_unknown:business-0,main,139,0,0,0,16,16,24042,0,0,2,4,24042,2,L4,0,16,0,0,16,0,0,2,4,2,0,0,0,0,16,0,0,16,0,0,0,0,results/final_unified_live_v1_claimref_fix_20260911/runs/w0139/result.json,5387958fd89e4cf4f09f7faddf930db39c7fad302669d6a9bfea680ff807d08b,4,16,0,2,claimref_fix,completed,54,long_chain_fork,4,0,0,,0,0,0,2,2,0,0,16,0,w0139
0,0,0,0,business-0,authority_unknown,16,8,16,50,8,3a9a963738506bd41a98761b47e6166e54b4202b1292adf6ff2a93e008f1d45d,final-v1:long_chain_fork:authority_unknown:business-0,ablation,140,0,0,0,16,16,23910,0,0,2,4,23910,2,L4_no_push,0,16,0,0,16,0,0,2,4,2,0,0,0,0,16,0,0,16,0,0,0,0,results/final_unified_live_v1_claimref_fix_20260911/runs/w0140/result.json,6fbc369a7378ee14c0efafff733992dce15ada921d567a32c6e0f89dc72591cd,4,16,0,2,claimref_fix,completed,54,long_chain_fork,4,0,0,,0,0,0,2,2,0,0,16,0,w0140
0,0,0,0,business-0,authority_unknown,16,0,16,0,8,3a9a963738506bd41a98761b47e6166e54b4202b1292adf6ff2a93e008f1d45d,final-v1:long_chain_fork:authority_unknown:business-0,ablation,141,0,0,0,16,16,24008,0,0,2,4,24008,2,L4_no_fact,0,16,0,0,16,0,0,2,4,2,2,6,6,4,16,0,0,16,0,0,0,0,results/final_unified_live_v1_claimref_fix_20260911/runs/w0141/result.json,66d997f509df04609d7bc841fdeb150b0678ee1b98f1a62b2d376a71bb28ee94,4,22,0,2,claimref_fix,completed,54,long_chain_fork,4,0,0,,0,0,0,2,2,2,2,22,0,w0141
0,0,0,0,business-0,authority_unknown,16,8,16,50,8,3a9a963738506bd41a98761b47e6166e54b4202b1292adf6ff2a93e008f1d45d,final-v1:long_chain_fork:authority_unknown:business-0,ablation,142,0,0,0,16,16,23962,0,0,2,4,23962,2,L4_no_recovery,0,16,0,0,16,0,0,2,4,2,0,0,0,0,16,0,0,16,0,0,0,0,results/final_unified_live_v1_claimref_fix_20260911/runs/w0142/result.json,9920bccaef685d70c6ff1525e65f334d118e7f6f66df94fa38a16e98d7007215,4,16,0,2,claimref_fix,completed,54,long_chain_fork,4,0,0,,0,0,0,2,2,0,0,16,0,w0142
0,0,0,0,business-0,authority_unknown,17,0,16,4,8,3a9a963738506bd41a98761b47e6166e54b4202b1292adf6ff2a93e008f1d45d,final-v1:long_chain_fork:authority_unknown:business-0,ablation,143,0,0,0,17,17,39255,0,0,2,4,39255,2,L3_coarse,0,17,0,0,16,0,0,2,4,2,2,6,6,4,17,0,0,17,0,0,0,0,results/final_unified_live_v1_claimref_fix_20260911/runs/w0143/result.json,b7ac12fcdda28005010f91bc6b510ad050e4b55c289daf5cee51476922bea83d,4,22,0,2,claimref_fix,completed,59,long_chain_fork,4,0,0,,0,0,0,2,2,2,2,22,0,w0143
0,0,0,0,business-0,authority_unknown,16,0,16,0,8,3a9a963738506bd41a98761b47e6166e54b4202b1292adf6ff2a93e008f1d45d,final-v1:long_chain_fork:authority_unknown:business-0,ablation,144,0,0,0,16,16,23986,0,0,2,4,23986,2,verify_all,0,16,0,0,16,0,0,2,4,2,2,6,6,4,16,0,0,16,0,0,0,0,results/final_unified_live_v1_claimref_fix_20260911/runs/w0144/result.json,58d589b395109fa7cec851d8d79c2a89353a6aafa86818f20512d414fe55b1d4,4,22,0,2,claimref_fix,completed,54,long_chain_fork,4,0,0,,0,0,0,2,2,2,2,22,0,w0144
0,0,0,0,business-1,authority_unknown,16,0,16,0,8,46d6619adf5daf526c221b0da9f37b3303d385d8e13697689b41306ff6f97c77,final-v1:long_chain_fork:authority_unknown:business-1,main,145,0,0,0,16,16,12562,0,0,2,4,12562,2,L0,0,16,0,0,16,0,0,2,4,2,2,6,6,4,16,0,0,16,0,0,0,0,results/final_unified_live_v1_claimref_fix_20260911/runs/w0145/result.json,69e01cac7c25ada7c049a1d65171690c1975057a03a277a6e3572a8514a6c74b,0,22,0,2,claimref_fix,completed,0,long_chain_fork,4,0,0,,0,0,0,2,2,2,2,0,0,w0145
0,0,0,0,business-1,authority_unknown,16,0,16,0,8,46d6619adf5daf526c221b0da9f37b3303d385d8e13697689b41306ff6f97c77,final-v1:long_chain_fork:authority_unknown:business-1,main,146,0,0,0,16,16,24373,0,0,2,4,24373,2,L1,0,16,0,0,16,0,0,2,4,2,2,6,6,4,16,0,0,16,0,0,0,0,results/final_unified_live_v1_claimref_fix_20260911/runs/w0146/result.json,de5e2470d31e46b1e87fd657f3951ce98c6039bbb33e9c53d882c5dba17b48c4,4,22,0,2,claimref_fix,completed,0,long_chain_fork,4,0,0,,0,0,0,2,2,2,2,22,0,w0146
0,0,0,0,business-1,authority_unknown,17,0,16,4,8,46d6619adf5daf526c221b0da9f37b3303d385d8e13697689b41306ff6f97c77,final-v1:long_chain_fork:authority_unknown:business-1,main,147,0,0,0,17,17,37552,0,0,2,4,37552,2,L2,0,17,0,0,16,0,0,2,4,2,2,6,6,4,17,0,0,17,0,0,0,0,results/final_unified_live_v1_claimref_fix_20260911/runs/w0147/result.json,250115bf7ce7f6a4ceac6c75e0a6639b0e13ea2b7c27f51cd6704f8fd087badd,4,22,0,2,claimref_fix,completed,22,long_chain_fork,4,0,0,,0,0,0,2,2,2,2,22,0,w0147
0,0,0,0,business-1,authority_unknown,16,0,16,0,8,46d6619adf5daf526c221b0da9f37b3303d385d8e13697689b41306ff6f97c77,final-v1:long_chain_fork:authority_unknown:business-1,main,148,0,0,0,16,16,24255,0,0,2,4,24255,2,L3,0,16,0,0,16,0,0,2,4,2,2,6,6,4,16,0,0,16,0,0,0,0,results/final_unified_live_v1_claimref_fix_20260911/runs/w0148/result.json,10ee6ae318ecf09a75b542a798d758450a8b42ed0f5c7e09d522562db7e0cbaa,4,22,0,2,claimref_fix,completed,54,long_chain_fork,4,0,0,,0,0,0,2,2,2,2,22,0,w0148
0,0,0,0,business-1,authority_unknown,16,8,16,50,8,46d6619adf5daf526c221b0da9f37b3303d385d8e13697689b41306ff6f97c77,final-v1:long_chain_fork:authority_unknown:business-1,main,149,0,0,0,16,16,24399,0,0,2,4,24399,2,L4,0,16,0,0,16,0,0,2,4,2,0,0,0,0,16,0,0,16,0,0,0,0,results/final_unified_live_v1_claimref_fix_20260911/runs/w0149/result.json,46c6f0c18ed1bca0fb5eea645547d0ff1a7435aedbf1107e49df79e0581e40fb,4,16,0,2,claimref_fix,completed,54,long_chain_fork,4,0,0,,0,0,0,2,2,0,0,16,0,w0149
0,0,0,0,business-0,active,22,0,22,0,0,16d153c1f95908c4a20986c96d8dee650f797fde2329e045bac215bd62d4b05c,final-v1:converge_then_fork:active:business-0,main,150,0,0,0,22,22,17594,0,0,0,4,17594,4,L0,0,22,0,0,22,0,0,0,4,4,0,0,0,0,22,0,0,22,0,0,0,0,results/final_unified_live_v1_claimref_fix_20260911/runs/w0150/result.json,8f4679f97f654bc20326885cfc195d460d5be565d9d2a33e6256e22b39906874,0,31,0,4,claimref_fix,completed,0,converge_then_fork,4,0,0,,0,0,0,4,4,0,0,0,0,w0150
0,0,0,0,business-0,active,23,0,22,6,0,16d153c1f95908c4a20986c96d8dee650f797fde2329e045bac215bd62d4b05c,final-v1:converge_then_fork:active:business-0,main,151,0,0,0,23,23,58389,0,0,0,4,58389,4,L1,0,23,0,0,22,0,0,0,4,4,0,0,0,0,23,0,0,23,0,0,0,0,results/final_unified_live_v1_claimref_fix_20260911/runs/w0151/result.json,2dd1df37d9ab5c90ce732cd87d87882ffd36b9c4f8cfe43ccb166ec68f4aaa80,4,31,0,4,claimref_fix,completed,2,converge_then_fork,4,0,0,,0,0,0,4,4,0,0,31,0,w0151
0,0,0,0,business-0,active,22,0,22,0,0,16d153c1f95908c4a20986c96d8dee650f797fde2329e045bac215bd62d4b05c,final-v1:converge_then_fork:active:business-0,main,152,0,0,0,22,22,40096,0,0,0,4,40096,4,L2,0,22,0,0,22,0,0,0,4,4,0,0,0,0,22,0,0,22,0,0,0,0,results/final_unified_live_v1_claimref_fix_20260911/runs/w0152/result.json,3277a86170ce73c889ae7b542a231e0a7db9a9b7e02cfdf3e2a164cfdcb43283,4,31,0,4,claimref_fix,completed,26,converge_then_fork,4,0,0,,0,0,0,4,4,0,0,31,0,w0152
0,0,0,0,business-0,active,22,0,22,0,0,16d153c1f95908c4a20986c96d8dee650f797fde2329e045bac215bd62d4b05c,final-v1:converge_then_fork:active:business-0,main,153,0,0,0,22,22,39773,0,0,0,4,39773,4,L3,0,22,0,0,22,0,0,0,4,4,0,0,0,0,22,0,0,22,0,0,0,0,results/final_unified_live_v1_claimref_fix_20260911/runs/w0153/result.json,74f4132a0d1f2974f80da6fe29d9a052d464e22c4be3fa78b70baffff3f989db,4,31,0,4,claimref_fix,completed,94,converge_then_fork,4,0,0,,0,0,0,4,4,0,0,31,0,w0153
0,0,0,0,business-0,active,22,0,22,90,0,16d153c1f95908c4a20986c96d8dee650f797fde2329e045bac215bd62d4b05c,final-v1:converge_then_fork:active:business-0,main,154,0,0,0,22,22,39960,0,0,0,4,39960,4,L4,0,22,0,0,22,0,0,0,4,4,0,0,0,0,22,0,0,22,0,0,0,0,results/final_unified_live_v1_claimref_fix_20260911/runs/w0154/result.json,a885c5d4c2c2c61db416682c4d1e7f9150f97f01d6a5c5a708a34d798e1625ad,4,31,0,4,claimref_fix,completed,94,converge_then_fork,4,0,0,,0,0,0,4,4,0,0,31,0,w0154
0,0,0,0,business-1,active,22,0,22,0,0,e8c57a7e8b90e91f42c4dd4faf8429bf74a7d99980dc5eee0a478c4267b19b4f,final-v1:converge_then_fork:active:business-1,main,155,0,0,0,22,22,17526,0,0,0,4,17526,4,L0,0,22,0,0,22,0,0,0,4,4,0,0,0,0,22,0,0,22,0,0,0,0,results/final_unified_live_v1_claimref_fix_20260911/runs/w0155/result.json,8168e9e3289633ee3036e63c2b9d74ee19c932e90953cd1b249cb2bdbb4efd25,0,31,0,4,claimref_fix,completed,0,converge_then_fork,4,0,0,,0,0,0,4,4,0,0,0,0,w0155
0,0,0,0,business-1,active,22,0,22,0,0,e8c57a7e8b90e91f42c4dd4faf8429bf74a7d99980dc5eee0a478c4267b19b4f,final-v1:converge_then_fork:active:business-1,main,156,0,0,0,22,22,39439,0,0,0,4,39439,4,L1,0,22,0,0,22,0,0,0,4,4,0,0,0,0,22,0,0,22,0,0,0,0,results/final_unified_live_v1_claimref_fix_20260911/runs/w0156/result.json,136d97dd7ec64c40eaa7a8a0f473d3732d81bfe66822f4e7659c335d73f9c73b,4,31,0,4,claimref_fix,completed,0,converge_then_fork,4,0,0,,0,0,0,4,4,0,0,31,0,w0156
0,0,0,0,business-1,active,22,0,22,0,0,e8c57a7e8b90e91f42c4dd4faf8429bf74a7d99980dc5eee0a478c4267b19b4f,final-v1:converge_then_fork:active:business-1,main,157,0,0,0,22,22,39181,0,0,0,4,39181,4,L2,0,22,0,0,22,0,0,0,4,4,0,0,0,0,22,0,0,22,0,0,0,0,results/final_unified_live_v1_claimref_fix_20260911/runs/w0157/result.json,860ccfd71a9916bb782b81e1b5762e1a2ed534bd8e46e1fad4b20b3a4262b983,4,31,0,4,claimref_fix,completed,26,converge_then_fork,4,0,0,,0,0,0,4,4,0,0,31,0,w0157
0,0,0,0,business-1,active,22,0,22,0,0,e8c57a7e8b90e91f42c4dd4faf8429bf74a7d99980dc5eee0a478c4267b19b4f,final-v1:converge_then_fork:active:business-1,main,158,0,0,0,22,22,39400,0,0,0,4,39400,4,L3,0,22,0,0,22,0,0,0,4,4,0,0,0,0,22,0,0,22,0,0,0,0,results/final_unified_live_v1_claimref_fix_20260911/runs/w0158/result.json,7a7eaa746f75d8b6310f46ecadc93a1d6fe0fd336c6c7f61d2c679de3e541250,4,31,0,4,claimref_fix,completed,94,converge_then_fork,4,0,0,,0,0,0,4,4,0,0,31,0,w0158
0,0,0,0,business-1,active,22,0,22,90,0,e8c57a7e8b90e91f42c4dd4faf8429bf74a7d99980dc5eee0a478c4267b19b4f,final-v1:converge_then_fork:active:business-1,main,159,0,0,0,22,22,39539,0,0,0,4,39539,4,L4,0,22,0,0,22,0,0,0,4,4,0,0,0,0,22,0,0,22,0,0,0,0,results/final_unified_live_v1_claimref_fix_20260911/runs/w0159/result.json,627be767ae7f8fb99096818fb273c42a0e193746e783e66bd5b2892fe04bbbc2,4,31,0,4,claimref_fix,completed,94,converge_then_fork,4,0,0,,0,0,0,4,4,0,0,31,0,w0159
0,0,0,0,business-0,tampered_handoff,22,0,22,0,1,912fe763f8b74711be32cffc7056266d5583e2b980a943b10a3f2b36c346169e,final-v1:converge_then_fork:tampered_handoff:business-0,main,160,0,0,0,22,22,17660,0,0,1,4,17660,3,L0,0,22,0,0,22,0,0,1,4,3,1,1,1,1,22,0,0,22,0,0,0,0,results/final_unified_live_v1_claimref_fix_20260911/runs/w0160/result.json,ff785289dfd835ca5a0c4a6cd864b60e176f12275fbe0f22f165e92fcb9b3cd1,0,31,0,3,claimref_fix,completed,0,converge_then_fork,4,0,0,,0,0,0,3,3,1,1,0,0,w0160
3,0,0,0,business-0,tampered_handoff,23,0,21,0,0,912fe763f8b74711be32cffc7056266d5583e2b980a943b10a3f2b36c346169e,final-v1:converge_then_fork:tampered_handoff:business-0,main,161,0,0,0,23,23,42698,0,0,1,4,42698,3,L1,1,23,0,0,22,0,0,1,4,3,0,0,0,0,23,0,0,23,0,0,0,0,results/final_unified_live_v1_claimref_fix_20260911/runs/w0161/result.json,4fa98fca534f8fe7bc4c0d098bc55cd44b22ce2a82084510aaf9b4cfbc409757,4,29,2,3,claimref_fix,completed,0,converge_then_fork,4,1,0,,0,0,0,3,3,0,0,29,0,w0161
3,0,0,0,business-0,tampered_handoff,22,0,22,0,0,912fe763f8b74711be32cffc7056266d5583e2b980a943b10a3f2b36c346169e,final-v1:converge_then_fork:tampered_handoff:business-0,main,162,0,0,0,22,22,37578,0,0,1,4,37578,3,L2,0,22,0,0,22,0,0,1,4,3,0,0,0,0,22,0,0,22,0,0,0,0,results/final_unified_live_v1_claimref_fix_20260911/runs/w0162/result.json,ff2acc9bb11d676a1b439c156aa25503e036a7c72368e9df1248d7920127957e,4,29,2,3,claimref_fix,completed,24,converge_then_fork,4,0,0,,0,0,0,3,3,0,0,29,0,w0162
3,0,0,0,business-0,tampered_handoff,23,0,21,0,0,912fe763f8b74711be32cffc7056266d5583e2b980a943b10a3f2b36c346169e,final-v1:converge_then_fork:tampered_handoff:business-0,main,163,0,0,0,23,23,43033,0,0,1,4,43033,3,L3,0,23,0,0,22,0,0,1,4,3,0,0,0,0,23,0,0,23,0,0,0,0,results/final_unified_live_v1_provider_retry_20260911/runs/w0163/result.json,d636e45112babfdfd560adaa4528d8985b847e7891e0b18b62a72c2be13a9b60,4,29,2,3,provider_retry,completed,87,converge_then_fork,4,0,0,,0,0,0,3,3,0,0,29,0,w0163
3,0,0,0,business-0,tampered_handoff,22,0,21,84,0,912fe763f8b74711be32cffc7056266d5583e2b980a943b10a3f2b36c346169e,final-v1:converge_then_fork:tampered_handoff:business-0,main,164,0,0,0,23,22,39661,0,0,1,4,39661,3,L4,1,22,0,0,22,0,0,1,4,3,0,0,0,0,23,0,0,23,0,0,0,0,results/final_unified_live_v1_claimref_fix_20260911/runs/w0164/result.json,630ba9ba573ca7642f2153e162275532078ed235eb383810d0c1d9f7767de70f,4,29,2,3,claimref_fix,completed,87,converge_then_fork,4,1,0,,0,0,0,3,3,0,0,29,0,w0164
0,0,0,0,business-1,tampered_handoff,22,0,22,0,1,e9d906099868032a16e11eba46ce32ba3693652c2cf43e0cde20d6aaaf02b189,final-v1:converge_then_fork:tampered_handoff:business-1,main,165,0,0,0,22,22,17462,0,0,1,4,17462,3,L0,0,22,0,0,22,0,0,1,4,3,1,1,1,1,22,0,0,22,0,0,0,0,results/final_unified_live_v1_claimref_fix_20260911/runs/w0165/result.json,e42786d5a5d872b0a8afa470abed087df24673b5199b10451cc87de5616dd250,0,31,0,3,claimref_fix,completed,0,converge_then_fork,4,0,0,,0,0,0,3,3,1,1,0,0,w0165
3,0,0,0,business-1,tampered_handoff,22,0,21,0,0,e9d906099868032a16e11eba46ce32ba3693652c2cf43e0cde20d6aaaf02b189,final-v1:converge_then_fork:tampered_handoff:business-1,main,166,0,0,0,22,22,38067,0,0,1,4,38067,3,L1,1,22,0,0,22,0,0,1,4,3,0,0,0,0,22,0,0,22,0,0,0,0,results/final_unified_live_v1_claimref_fix_20260911/runs/w0166/result.json,552c79f98cf1f0dbb67805ff03a2fcc59217295e11a400ba97bf7e002e1fbd7a,4,29,2,3,claimref_fix,completed,0,converge_then_fork,4,1,0,,0,0,0,3,3,0,0,29,0,w0166
3,0,0,0,business-1,tampered_handoff,22,0,21,0,0,e9d906099868032a16e11eba46ce32ba3693652c2cf43e0cde20d6aaaf02b189,final-v1:converge_then_fork:tampered_handoff:business-1,main,167,0,0,0,22,22,37719,0,0,1,4,37719,3,L2,1,22,0,0,22,0,0,1,4,3,0,0,0,0,22,0,0,22,0,0,0,0,results/final_unified_live_v1_provider_retry_20260911/runs/w0167/result.json,9137b10bdf6e353d618bbdba23db38562f65e1f3d3e5cae7d8276223130b874e,4,29,2,3,provider_retry,completed,24,converge_then_fork,4,1,0,,0,0,0,3,3,0,0,29,0,w0167
3,0,0,0,business-1,tampered_handoff,22,0,21,0,0,e9d906099868032a16e11eba46ce32ba3693652c2cf43e0cde20d6aaaf02b189,final-v1:converge_then_fork:tampered_handoff:business-1,main,168,0,0,0,22,22,37789,0,0,1,4,37789,3,L3,1,22,0,0,22,0,0,1,4,3,0,0,0,0,22,0,0,22,0,0,0,0,results/final_unified_live_v1_claimref_fix_20260911/runs/w0168/result.json,8cb6d1722c6495f91e942ecf34d6bb1cb08198c6e0d0b0960a7f66f8ddf63331,4,29,2,3,claimref_fix,completed,87,converge_then_fork,4,1,0,,0,0,0,3,3,0,0,29,0,w0168
3,0,0,0,business-1,tampered_handoff,22,0,21,84,0,e9d906099868032a16e11eba46ce32ba3693652c2cf43e0cde20d6aaaf02b189,final-v1:converge_then_fork:tampered_handoff:business-1,main,169,0,0,0,22,22,37760,0,0,1,4,37760,3,L4,1,22,0,0,22,0,0,1,4,3,0,0,0,0,22,0,0,22,0,0,0,0,results/final_unified_live_v1_claimref_fix_20260911/runs/w0169/result.json,d3ce13e066d2d8e6358be3298e9431490c9b7465eb8bcd695de6f0e081e7ed0e,4,29,2,3,claimref_fix,completed,87,converge_then_fork,4,1,0,,0,0,0,3,3,0,0,29,0,w0169
0,0,0,0,business-0,root_retraction,22,0,21,0,10,dcf10593a96835b54a9b011cb3dea9ccc973f913aa02f0c63a9db49ebf5eda07,final-v1:converge_then_fork:root_retraction:business-0,main,170,0,0,0,22,22,17645,0,0,2,4,17645,2,L0,1,22,0,0,22,0,0,2,4,2,2,8,7,4,22,0,0,22,0,0,0,0,results/final_unified_live_v1_claimref_fix_20260911/runs/w0170/result.json,5d1fdea660112e94e5fc9e7a03bf09c2766b488294d636aa6bf574c952ee5f4f,0,30,0,2,claimref_fix,completed,0,converge_then_fork,4,1,0,,0,0,0,2,2,2,2,0,0,w0170
0,0,0,0,business-0,root_retraction,22,0,21,0,10,dcf10593a96835b54a9b011cb3dea9ccc973f913aa02f0c63a9db49ebf5eda07,final-v1:converge_then_fork:root_retraction:business-0,main,171,0,0,0,22,22,39638,0,0,2,4,39638,2,L1,1,22,0,0,22,0,0,2,4,2,2,8,7,4,22,0,0,22,0,0,0,0,results/final_unified_live_v1_claimref_fix_20260911/runs/w0171/result.json,ca8f403c95e0ce1f6b7ab96304278a86136c3b9b7baed7ee4ddff1e85b30cc25,4,30,0,2,claimref_fix,completed,0,converge_then_fork,4,1,0,,0,0,0,2,2,2,2,30,0,w0171
0,0,0,0,business-0,root_retraction,23,8,18,2,8,dcf10593a96835b54a9b011cb3dea9ccc973f913aa02f0c63a9db49ebf5eda07,final-v1:converge_then_fork:root_retraction:business-0,main,172,0,0,0,23,23,51479,0,0,2,4,51479,2,L2,4,23,0,0,22,0,0,2,4,2,0,0,0,0,23,0,0,23,0,0,0,0,results/final_unified_live_v1_provider_retry_20260911/runs/w0172/result.json,8903b6538c82b12a7bd82832a229ac35a63da1baedef61ab98487610833df6a9,4,21,0,2,provider_retry,completed,23,converge_then_fork,4,4,0,,0,0,0,2,2,0,0,21,0,w0172
0,0,0,0,business-0,root_retraction,24,8,18,6,8,dcf10593a96835b54a9b011cb3dea9ccc973f913aa02f0c63a9db49ebf5eda07,final-v1:converge_then_fork:root_retraction:business-0,main,173,0,0,0,24,24,71707,0,0,2,4,71707,2,L3,4,24,0,0,22,0,0,2,4,2,0,0,0,0,24,0,0,24,0,0,0,0,results/final_unified_live_v1_claimref_fix_20260911/runs/w0173/result.json,36fd5dc0d5726aeb5a2af77b2cafff0598162ce1f531337c5875d903d5f569bf,4,21,0,2,claimref_fix,completed,59,converge_then_fork,4,4,0,,0,0,0,2,2,0,0,21,0,w0173
0,0,0,0,business-0,root_retraction,24,8,19,45,8,dcf10593a96835b54a9b011cb3dea9ccc973f913aa02f0c63a9db49ebf5eda07,final-v1:converge_then_fork:root_retraction:business-0,main,174,0,0,0,24,24,53158,0,0,2,4,53158,2,L4,2,24,59749,9,22,0,0,2,4,2,0,0,0,0,24,0,0,24,0,0,0,0,results/final_unified_live_v1_claimref_fix_20260911/runs/w0174/result.json,917f2c225ade4e20d2b4063c05ef96a228555c09d81a53ab7397c4603fd24ec6,4,22,0,2,claimref_fix,completed,54,converge_then_fork,4,2,0,,0,0,0,2,2,0,0,22,0,w0174
0,0,0,0,business-1,root_retraction,22,0,21,0,10,15a0ea6a0dae194f31abcb83603ef0503d06e03a0a4e9982515660d6eec5455a,final-v1:converge_then_fork:root_retraction:business-1,main,175,0,0,0,22,22,18648,0,0,2,4,18648,2,L0,1,22,0,0,22,0,0,2,4,2,2,8,7,4,22,0,0,22,0,0,0,0,results/final_unified_live_v1_contract_cleanup_20260911/runs/w0175/result.json,9b096f45e6206ef414f8014ecd4bf975f6c48bdc5df5e9850c9e0fe15f0fde20,0,30,0,2,contract_cleanup,completed,0,converge_then_fork,4,1,0,,0,0,0,2,2,2,2,0,0,w0175
0,0,0,0,business-1,root_retraction,22,0,21,0,10,15a0ea6a0dae194f31abcb83603ef0503d06e03a0a4e9982515660d6eec5455a,final-v1:converge_then_fork:root_retraction:business-1,main,176,0,0,0,22,22,39685,0,0,2,4,39685,2,L1,1,22,0,0,22,0,0,2,4,2,2,8,7,4,22,0,0,22,0,0,0,0,results/final_unified_live_v1_claimref_fix_20260911/runs/w0176/result.json,fc3331212d0a662b005b7dd0f6a05f797bca58e64ea0dbb751604c0383731e7b,4,30,0,2,claimref_fix,completed,0,converge_then_fork,4,1,0,,0,0,0,2,2,2,2,30,0,w0176
0,0,0,0,business-1,root_retraction,26,8,19,18,8,15a0ea6a0dae194f31abcb83603ef0503d06e03a0a4e9982515660d6eec5455a,final-v1:converge_then_fork:root_retraction:business-1,main,177,0,0,0,26,26,101916,0,0,2,4,101916,2,L2,3,26,0,0,22,0,0,2,4,2,0,0,0,0,26,0,0,26,0,0,0,0,results/final_unified_live_v1_claimref_fix_20260911/runs/w0177/result.json,2c3b3a386e7973054b66cb3809e9cc4baa14c817b755fd2e1aaa4c71e4614e1a,4,22,0,2,claimref_fix,completed,28,converge_then_fork,4,3,0,,0,0,0,2,2,0,0,22,0,w0177
0,0,0,0,business-1,root_retraction,25,9,18,11,9,15a0ea6a0dae194f31abcb83603ef0503d06e03a0a4e9982515660d6eec5455a,final-v1:converge_then_fork:root_retraction:business-1,main,178,0,0,0,25,25,89343,0,0,2,4,89343,2,L3,4,25,0,0,22,0,0,2,4,2,0,0,0,0,25,0,0,25,0,0,0,0,results/final_unified_live_v1_claimref_fix_20260911/runs/w0178/result.json,1d005c3484370ec16d45130ccbdc6fd67de446f9ba3aa81a494ad578b06a34df,4,20,0,2,claimref_fix,completed,66,converge_then_fork,4,4,0,,0,0,0,2,2,0,0,20,0,w0178
0,0,0,0,business-1,root_retraction,24,5,16,47,5,15a0ea6a0dae194f31abcb83603ef0503d06e03a0a4e9982515660d6eec5455a,final-v1:converge_then_fork:root_retraction:business-1,main,179,0,0,0,24,24,60429,0,0,2,4,60429,2,L4,5,24,59749,9,22,0,0,2,4,2,0,0,0,0,24,0,0,24,0,0,0,0,results/final_unified_live_v1_claimref_fix_20260911/runs/w0179/result.json,3c87d85354bdf0b44e9d7979a07a5df43aa4307fec4a3966aa0bf9f84e8f7e7d,4,22,0,2,claimref_fix,completed,56,converge_then_fork,4,5,0,,0,0,0,2,2,0,0,22,0,w0179
0,0,0,0,business-0,intermediate_retraction,23,0,20,0,8,98391d5aa4ae1de78d71fac9cf7525dfbfdff7cdacb2d1037d039b60f8f220a2,final-v1:converge_then_fork:intermediate_retraction:business-0,main,180,0,0,0,23,23,18531,0,0,2,4,18531,2,L0,2,23,0,0,22,0,0,2,4,2,2,6,5,3,23,0,0,23,0,0,0,0,results/final_unified_live_v1_claimref_fix_20260911/runs/w0180/result.json,7db1fa74bb96a1c9781158cb0b79d5084bc0082350f4c26bff735ef97eb19514,0,29,0,2,claimref_fix,completed,1,converge_then_fork,4,2,0,,0,0,0,2,2,2,2,0,0,w0180
0,0,0,0,business-0,intermediate_retraction,22,0,20,0,8,98391d5aa4ae1de78d71fac9cf7525dfbfdff7cdacb2d1037d039b60f8f220a2,final-v1:converge_then_fork:intermediate_retraction:business-0,main,181,0,0,0,22,22,40566,0,0,2,4,40566,2,L1,2,22,0,0,22,0,0,2,4,2,2,6,5,3,22,0,0,22,0,0,0,0,results/final_unified_live_v1_claimref_fix_20260911/runs/w0181/result.json,01945a99c5531c3ec681edbbe613277d0e44f5e3460884a040bd93793cd9058c,4,29,0,2,claimref_fix,completed,0,converge_then_fork,4,2,0,,0,0,0,2,2,2,2,29,0,w0181
0,0,0,0,business-0,intermediate_retraction,22,0,19,0,8,98391d5aa4ae1de78d71fac9cf7525dfbfdff7cdacb2d1037d039b60f8f220a2,final-v1:converge_then_fork:intermediate_retraction:business-0,main,182,0,0,0,22,22,40591,0,0,2,4,40591,2,L2,3,22,0,0,22,0,0,2,4,2,2,6,5,3,22,0,0,22,0,0,0,0,results/final_unified_live_v1_claimref_fix_20260911/runs/w0182/result.json,74ddfc0608c7edfb827f82102df59bf11535777b80e24fc1bb572b926a6ed2c2,4,28,0,2,claimref_fix,completed,23,converge_then_fork,4,3,0,,0,0,0,2,2,2,2,28,0,w0182
0,0,0,0,business-0,intermediate_retraction,23,7,18,3,7,98391d5aa4ae1de78d71fac9cf7525dfbfdff7cdacb2d1037d039b60f8f220a2,final-v1:converge_then_fork:intermediate_retraction:business-0,main,183,0,0,0,23,23,55617,0,0,2,4,55617,2,L3,4,23,0,0,22,0,0,2,4,2,0,0,0,0,23,0,0,23,0,0,0,0,results/final_unified_live_v1_claimref_fix_20260911/runs/w0183/result.json,8a55440bd91b5a0ce3c546b67543d6642978439923400f27e001cbad7de21c8e,4,22,0,2,claimref_fix,completed,57,converge_then_fork,4,4,0,,0,0,0,2,2,0,0,22,0,w0183
0,0,0,0,business-0,intermediate_retraction,26,5,16,50,5,98391d5aa4ae1de78d71fac9cf7525dfbfdff7cdacb2d1037d039b60f8f220a2,final-v1:converge_then_fork:intermediate_retraction:business-0,main,184,0,0,0,26,26,90653,0,0,2,4,90653,2,L4,5,26,57754,8,22,0,0,2,4,2,0,0,0,0,26,0,0,26,0,0,0,0,results/final_unified_live_v1_claimref_fix_20260911/runs/w0184/result.json,a59f4125ab0ae6713d5f14a8e69eadf313fc49febd0af50a0d7bb8da26e49dee,4,23,0,1,claimref_fix,completed,56,converge_then_fork,4,5,0,,0,0,0,1,2,0,0,23,0,w0184
0,0,0,0,business-1,intermediate_retraction,22,0,20,0,8,c54d6af8e4e102da13fd557bd1e974b22020053a52a3247a783639d68a17e1a2,final-v1:converge_then_fork:intermediate_retraction:business-1,main,185,0,0,0,22,22,17456,0,0,2,4,17456,2,L0,2,22,0,0,22,0,0,2,4,2,2,6,5,3,22,0,0,22,0,0,0,0,results/final_unified_live_v1_claimref_fix_20260911/runs/w0185/result.json,84e8e24a5cceaa4b76ba49490a18d3167337bc76b927232977ab304fbbf224d0,0,29,0,2,claimref_fix,completed,0,converge_then_fork,4,2,0,,0,0,0,2,2,2,2,0,0,w0185
0,0,0,0,business-1,intermediate_retraction,22,0,20,0,8,c54d6af8e4e102da13fd557bd1e974b22020053a52a3247a783639d68a17e1a2,final-v1:converge_then_fork:intermediate_retraction:business-1,main,186,0,0,0,22,22,39858,0,0,2,4,39858,2,L1,2,22,0,0,22,0,0,2,4,2,2,6,5,3,22,0,0,22,0,0,0,0,results/final_unified_live_v1_claimref_fix_20260911/runs/w0186/result.json,e45ea248e4b3f6c4e32ddd37f2c45f750867ca076fb8c44c9022a4f42f3a9711,4,29,0,2,claimref_fix,completed,0,converge_then_fork,4,2,0,,0,0,0,2,2,2,2,29,0,w0186
0,0,0,0,business-1,intermediate_retraction,22,0,20,0,8,c54d6af8e4e102da13fd557bd1e974b22020053a52a3247a783639d68a17e1a2,final-v1:converge_then_fork:intermediate_retraction:business-1,main,187,0,0,0,22,22,39983,0,0,2,4,39983,2,L2,2,22,0,0,22,0,0,2,4,2,2,6,5,3,22,0,0,22,0,0,0,0,results/final_unified_live_v1_claimref_fix_20260911/runs/w0187/result.json,e58482322aafb66378d03366d70306b3bbc6bc252f933de2bd8fb602209655be,4,29,0,2,claimref_fix,completed,24,converge_then_fork,4,2,0,,0,0,0,2,2,2,2,29,0,w0187
0,0,0,0,business-1,intermediate_retraction,25,7,18,16,7,c54d6af8e4e102da13fd557bd1e974b22020053a52a3247a783639d68a17e1a2,final-v1:converge_then_fork:intermediate_retraction:business-1,main,188,0,0,0,25,25,101058,0,0,2,4,101058,2,L3,4,25,0,0,22,0,0,2,4,2,0,0,0,0,25,0,0,25,0,0,0,0,results/final_unified_live_v1_claimref_fix_20260911/runs/w0188/result.json,6c77033412e132a53780865153cfdc19d4e9cb7a03842b595a46b4790592b31c,4,23,0,1,claimref_fix,completed,65,converge_then_fork,4,4,0,,0,0,0,1,2,0,0,23,0,w0188
0,0,0,0,business-1,intermediate_retraction,23,4,16,46,4,c54d6af8e4e102da13fd557bd1e974b22020053a52a3247a783639d68a17e1a2,final-v1:converge_then_fork:intermediate_retraction:business-1,main,189,0,0,0,23,23,48823,0,0,2,4,48823,2,L4,6,23,57754,8,22,0,0,2,4,2,0,0,0,0,23,0,0,23,0,0,0,0,results/final_unified_live_v1_claimref_fix_20260911/runs/w0189/result.json,60793ee7a707fbfa270fc3a00a0f3749bb77aeb306aa46e4944b9befee759f73,4,23,0,2,claimref_fix,completed,52,converge_then_fork,4,6,0,,0,0,0,2,2,0,0,23,0,w0189
0,0,0,0,business-0,branch_retraction,22,0,21,0,1,e8fdeee0c82dbc3e8e38189a63a69171fe8892c83e1dbf60eee0dccaf3408dc2,final-v1:converge_then_fork:branch_retraction:business-0,main,190,0,0,0,22,22,17589,0,0,1,4,17589,3,L0,1,22,0,0,22,0,0,1,4,3,0,0,0,0,22,0,0,22,0,0,0,0,results/final_unified_live_v1_claimref_fix_20260911/runs/w0190/result.json,a17f6acfbf0b32f4f44b292845037b44454b528a215bd389490754aeae9c1178,0,30,0,3,claimref_fix,completed,0,converge_then_fork,4,1,0,,0,0,0,3,3,1,1,0,0,w0190
0,0,0,0,business-0,branch_retraction,22,0,21,0,1,e8fdeee0c82dbc3e8e38189a63a69171fe8892c83e1dbf60eee0dccaf3408dc2,final-v1:converge_then_fork:branch_retraction:business-0,main,191,0,0,0,22,22,39575,0,0,1,4,39575,3,L1,1,22,0,0,22,0,0,1,4,3,0,0,0,0,22,0,0,22,0,0,0,0,results/final_unified_live_v1_claimref_fix_20260911/runs/w0191/result.json,ede4b937f4420734141d2a44abf96c3902eb2f4d8b2fd087dbcf88ba0dfb9a9a,4,30,0,3,claimref_fix,completed,0,converge_then_fork,4,1,0,,0,0,0,3,3,1,1,30,0,w0191
0,0,0,0,business-0,branch_retraction,23,1,22,0,2,e8fdeee0c82dbc3e8e38189a63a69171fe8892c83e1dbf60eee0dccaf3408dc2,final-v1:converge_then_fork:branch_retraction:business-0,main,192,0,0,0,23,23,46725,0,0,1,4,46725,3,L2,0,23,0,0,22,0,0,1,4,3,0,0,0,0,23,0,0,23,0,0,0,0,results/final_unified_live_v1_claimref_fix_20260911/runs/w0192/result.json,50bf2f4e1093040bbba875d2f416d89b43e908a9c6bbfb20d4c783191689bcb1,4,30,0,3,claimref_fix,completed,25,converge_then_fork,4,0,0,,0,0,0,3,3,1,1,30,0,w0192
0,0,0,0,business-0,branch_retraction,22,1,20,0,1,e8fdeee0c82dbc3e8e38189a63a69171fe8892c83e1dbf60eee0dccaf3408dc2,final-v1:converge_then_fork:branch_retraction:business-0,main,193,0,0,0,22,22,39675,0,0,1,4,39675,3,L3,2,22,0,0,22,0,0,1,4,3,0,0,0,0,22,0,0,22,0,0,0,0,results/final_unified_live_v1_claimref_fix_20260911/runs/w0193/result.json,55bcee19d06390368b290f217d8a26ce2b63fd59658914da3793351c0174ba41,4,30,0,2,claimref_fix,completed,78,converge_then_fork,4,2,0,,0,0,0,2,3,0,0,30,0,w0193
0,0,0,0,business-0,branch_retraction,22,0,20,78,0,e8fdeee0c82dbc3e8e38189a63a69171fe8892c83e1dbf60eee0dccaf3408dc2,final-v1:converge_then_fork:branch_retraction:business-0,main,194,0,0,0,22,22,39952,0,0,1,4,39952,3,L4,2,22,9637,1,22,0,0,1,4,3,0,0,0,0,22,0,0,22,0,0,0,0,results/final_unified_live_v1_claimref_fix_20260911/runs/w0194/result.json,b987e77716c3518297ae8e71f09474e48fe8fd6429252ac3c18ff09a24ea856c,4,30,0,3,claimref_fix,completed,81,converge_then_fork,4,2,0,,0,0,0,3,3,0,0,30,0,w0194
0,0,0,0,business-1,branch_retraction,22,0,21,0,1,89c67ddef6c75748908b753ecc45017fd0dc4eaf103115e1811bf64a8e160c37,final-v1:converge_then_fork:branch_retraction:business-1,main,195,0,0,0,22,22,17489,0,0,1,4,17489,3,L0,1,22,0,0,22,0,0,1,4,3,0,0,0,0,22,0,0,22,0,0,0,0,results/final_unified_live_v1_claimref_fix_20260911/runs/w0195/result.json,5c5e84ec9f68199f2736747c08d0ed71f32652126d7d214d04eda11c642a43e8,0,30,0,3,claimref_fix,completed,0,converge_then_fork,4,1,0,,0,0,0,3,3,1,1,0,0,w0195
0,0,0,0,business-1,branch_retraction,22,0,21,0,1,89c67ddef6c75748908b753ecc45017fd0dc4eaf103115e1811bf64a8e160c37,final-v1:converge_then_fork:branch_retraction:business-1,main,196,0,0,0,22,22,38765,0,0,1,4,38765,3,L1,1,22,0,0,22,0,0,1,4,3,0,0,0,0,22,0,0,22,0,0,0,0,results/final_unified_live_v1_claimref_fix_20260911/runs/w0196/result.json,f29b2a651c4604460616a65a71bc2f159f0e51e973ab2e04309f4b332dc80065,4,30,0,3,claimref_fix,completed,0,converge_then_fork,4,1,0,,0,0,0,3,3,1,1,30,0,w0196
0,0,0,0,business-1,branch_retraction,23,0,21,6,1,89c67ddef6c75748908b753ecc45017fd0dc4eaf103115e1811bf64a8e160c37,final-v1:converge_then_fork:branch_retraction:business-1,main,197,0,0,0,23,23,57380,0,0,1,4,57380,3,L2,1,23,0,0,22,0,0,1,4,3,0,0,0,0,23,0,0,23,0,0,0,0,results/final_unified_live_v1_claimref_fix_20260911/runs/w0197/result.json,8507a212b1c170089768938c1839a6c13ce1dbbc5f00d3edf53a931abcdb8870,4,30,0,3,claimref_fix,completed,27,converge_then_fork,4,1,0,,0,0,0,3,3,1,1,30,0,w0197
0,0,0,0,business-1,branch_retraction,22,1,21,0,1,89c67ddef6c75748908b753ecc45017fd0dc4eaf103115e1811bf64a8e160c37,final-v1:converge_then_fork:branch_retraction:business-1,main,198,0,0,0,22,22,39156,0,0,1,4,39156,3,L3,1,22,0,0,22,0,0,1,4,3,0,0,0,0,22,0,0,22,0,0,0,0,results/final_unified_live_v1_claimref_fix_20260911/runs/w0198/result.json,a7eedf894e8788b586d22e419400addcaa6df80e8b93757aaa40a182540ae751,4,30,0,3,claimref_fix,completed,83,converge_then_fork,4,1,0,,0,0,0,3,3,0,0,30,0,w0198
0,0,0,0,business-1,branch_retraction,22,0,20,78,0,89c67ddef6c75748908b753ecc45017fd0dc4eaf103115e1811bf64a8e160c37,final-v1:converge_then_fork:branch_retraction:business-1,main,199,0,0,0,22,22,39301,0,0,1,4,39301,3,L4,2,22,9637,1,22,0,0,1,4,3,0,0,0,0,22,0,0,22,0,0,0,0,results/final_unified_live_v1_claimref_fix_20260911/runs/w0199/result.json,8671cded712ac79a6d730f870360e67ccd20a642024f73b1a68a3119c716af83,4,30,0,3,claimref_fix,completed,81,converge_then_fork,4,2,0,,0,0,0,3,3,0,0,30,0,w0199
0,0,0,0,business-0,late_notice,22,0,20,0,8,553a70906f6c9f183f743cb53688beafd9a24af91bc18cf6086457187299aa63,final-v1:converge_then_fork:late_notice:business-0,main,200,0,0,0,22,22,17706,0,0,2,4,17706,2,L0,2,22,0,0,22,0,0,2,4,2,2,6,5,3,22,0,0,22,0,0,0,0,results/final_unified_live_v1_claimref_fix_20260911/runs/w0200/result.json,e8287994fce27468d8fee900fb2438505b169e7bcfee3e622b2beaec2f58c8f3,0,29,0,2,claimref_fix,completed,0,converge_then_fork,4,2,0,,0,0,0,2,2,2,2,0,0,w0200
0,0,0,0,business-0,late_notice,22,0,20,0,8,553a70906f6c9f183f743cb53688beafd9a24af91bc18cf6086457187299aa63,final-v1:converge_then_fork:late_notice:business-0,main,201,0,0,0,22,22,39853,0,0,2,4,39853,2,L1,2,22,0,0,22,0,0,2,4,2,2,6,5,3,22,0,0,22,0,0,0,0,results/final_unified_live_v1_claimref_fix_20260911/runs/w0201/result.json,eb9eb90a207ccfa3525dde293deaafd447ba8d99ca291d0f6d6a8ddb530c895c,4,29,0,2,claimref_fix,completed,0,converge_then_fork,4,2,0,,0,0,0,2,2,2,2,29,0,w0201
0,0,0,0,business-0,late_notice,22,0,20,0,8,553a70906f6c9f183f743cb53688beafd9a24af91bc18cf6086457187299aa63,final-v1:converge_then_fork:late_notice:business-0,main,202,0,0,0,22,22,40077,0,0,2,4,40077,2,L2,2,22,0,0,22,0,0,2,4,2,2,6,5,3,22,0,0,22,0,0,0,0,results/final_unified_live_v1_claimref_fix_20260911/runs/w0202/result.json,c27b86c5508cefae3c599c6b431f34fbf374a2cfe51918fe64aa7857550a0dc3,4,29,0,2,claimref_fix,completed,24,converge_then_fork,4,2,0,,0,0,0,2,2,2,2,29,0,w0202
0,0,0,0,business-0,late_notice,24,7,18,11,7,553a70906f6c9f183f743cb53688beafd9a24af91bc18cf6086457187299aa63,final-v1:converge_then_fork:late_notice:business-0,main,203,0,0,0,24,24,84163,0,0,2,4,84163,2,L3,4,24,0,0,22,0,0,2,4,2,0,0,0,0,24,0,0,24,0,0,0,0,results/final_unified_live_v1_claimref_fix_20260911/runs/w0203/result.json,93c77c8ab014a1a1d37d09e1afe81f985cbc499cd6ca2f9c3a1518fbdd405271,4,22,0,2,claimref_fix,completed,61,converge_then_fork,4,4,0,,0,0,0,2,2,0,0,22,0,w0203
0,0,0,0,business-0,late_notice,25,7,18,57,7,553a70906f6c9f183f743cb53688beafd9a24af91bc18cf6086457187299aa63,final-v1:converge_then_fork:late_notice:business-0,main,204,0,0,0,25,25,105493,0,0,2,4,105493,2,L4,4,25,56602,8,22,0,0,2,4,2,0,0,0,0,25,0,0,25,0,0,0,0,results/final_unified_live_v1_claimref_fix_20260911/runs/w0204/result.json,33f27a8e642162945615e8c151cc8660324ca9bc2a09ad9b55c9086c166e7ae4,4,22,0,2,claimref_fix,completed,67,converge_then_fork,4,4,0,,0,0,0,2,2,0,0,22,0,w0204
0,0,0,0,business-1,late_notice,22,0,21,0,9,e816387065e9ed208e17f034417278771de23a1d5b0d54795e053f2e910c64bf,final-v1:converge_then_fork:late_notice:business-1,main,205,0,0,0,22,22,17505,0,0,2,4,17505,2,L0,1,22,0,0,22,0,0,2,4,2,2,7,6,4,22,0,0,22,0,0,0,0,results/final_unified_live_v1_claimref_fix_20260911/runs/w0205/result.json,4a6b0dc1176e3b0aa0d9e601d7552cf3f03d14fdb5d5bb8e08b4eaeeda2120c8,0,30,0,2,claimref_fix,completed,0,converge_then_fork,4,1,0,,0,0,0,2,2,2,2,0,0,w0205
0,0,0,0,business-1,late_notice,23,1,21,0,9,e816387065e9ed208e17f034417278771de23a1d5b0d54795e053f2e910c64bf,final-v1:converge_then_fork:late_notice:business-1,main,206,0,0,0,23,23,43687,0,0,2,4,43687,2,L1,1,23,0,0,22,0,0,2,4,2,2,6,5,3,23,0,0,23,0,0,0,0,results/final_unified_live_v1_claimref_fix_20260911/runs/w0206/result.json,7b38bd5584518e66e7d90571f4fbeaea084950e7027742401e4d43355395aa1f,4,29,0,2,claimref_fix,completed,0,converge_then_fork,4,1,0,,0,0,0,2,2,2,2,29,0,w0206
0,0,0,0,business-1,late_notice,24,0,20,6,8,e816387065e9ed208e17f034417278771de23a1d5b0d54795e053f2e910c64bf,final-v1:converge_then_fork:late_notice:business-1,main,207,0,0,0,24,24,62091,0,0,2,4,62091,2,L2,2,24,0,0,22,0,0,2,4,2,2,6,5,3,24,0,0,24,0,0,0,0,results/final_unified_live_v1_claimref_fix_20260911/runs/w0207/result.json,b75dedf9859e6b68d9593ff519591f9ed0d337382d39f285294a095a8a59e089,4,29,0,2,claimref_fix,completed,26,converge_then_fork,4,2,0,,0,0,0,2,2,2,2,29,0,w0207
0,0,0,0,business-1,late_notice,24,7,19,12,7,e816387065e9ed208e17f034417278771de23a1d5b0d54795e053f2e910c64bf,final-v1:converge_then_fork:late_notice:business-1,main,208,0,0,0,24,24,86002,0,0,2,4,86002,2,L3,3,24,0,0,22,0,0,2,4,2,0,0,0,0,24,0,0,24,0,0,0,0,results/final_unified_live_v1_claimref_fix_20260911/runs/w0208/result.json,a766e8683fc7abdcfaf36c29d613b1ad245a03384c6547b77fca66ed3d240b51,4,23,0,2,claimref_fix,completed,70,converge_then_fork,4,3,0,,0,0,0,2,2,0,0,23,0,w0208
0,0,0,0,business-1,late_notice,24,7,19,58,7,e816387065e9ed208e17f034417278771de23a1d5b0d54795e053f2e910c64bf,final-v1:converge_then_fork:late_notice:business-1,main,209,0,0,0,24,24,87505,0,0,2,4,87505,2,L4,3,24,56602,8,22,0,0,2,4,2,0,0,0,0,24,0,0,24,0,0,0,0,results/final_unified_live_v1_claimref_fix_20260911/runs/w0209/result.json,f925a525ccea8c2633ff65e93729e8584b8712f2c2f61127e8911cd5d039d68c,4,23,0,2,claimref_fix,completed,71,converge_then_fork,4,3,0,,0,0,0,2,2,0,0,23,0,w0209
0,0,0,0,business-0,signed_false,22,0,22,0,11,4ae07cd943b5b6e1304e40241c4620529120eee2af25c8612c24bdaecb43bbe3,final-v1:converge_then_fork:signed_false:business-0,main,210,0,0,0,22,22,17574,0,0,2,4,17574,2,L0,0,22,0,0,22,0,0,2,4,2,2,9,8,5,22,0,0,22,0,0,0,0,results/final_unified_live_v1_claimref_fix_20260911/runs/w0210/result.json,a9eb2f91c5c78b8a435ab5fc4e4edae56fb2e39acb984fbe9533561899b23c79,0,31,0,2,claimref_fix,completed,0,converge_then_fork,4,0,0,,0,0,0,2,2,2,2,0,0,w0210
0,0,0,0,business-0,signed_false,22,0,22,0,11,4ae07cd943b5b6e1304e40241c4620529120eee2af25c8612c24bdaecb43bbe3,final-v1:converge_then_fork:signed_false:business-0,main,211,0,0,0,22,22,39798,0,0,2,4,39798,2,L1,0,22,0,0,22,0,0,2,4,2,2,9,8,5,22,0,0,22,0,0,0,0,results/final_unified_live_v1_claimref_fix_20260911/runs/w0211/result.json,4b65397a6d92e9a057bfbb7d588e42a6c8b95c9e3d0dddba6e27305c1be40021,4,31,0,2,claimref_fix,completed,0,converge_then_fork,4,0,0,,0,0,0,2,2,2,2,31,0,w0211
0,0,0,0,business-0,signed_false,22,0,22,0,11,4ae07cd943b5b6e1304e40241c4620529120eee2af25c8612c24bdaecb43bbe3,final-v1:converge_then_fork:signed_false:business-0,main,212,0,0,0,22,22,39954,0,0,2,4,39954,2,L2,0,22,0,0,22,0,0,2,4,2,2,9,8,5,22,0,0,22,0,0,0,0,results/final_unified_live_v1_claimref_fix_20260911/runs/w0212/result.json,4d4e632b59b53f8492e3fb9c3ec4075376b2914f50588574fa1978076451b9f5,4,31,0,2,claimref_fix,completed,26,converge_then_fork,4,0,0,,0,0,0,2,2,2,2,31,0,w0212
0,0,0,0,business-0,signed_false,22,0,22,0,11,4ae07cd943b5b6e1304e40241c4620529120eee2af25c8612c24bdaecb43bbe3,final-v1:converge_then_fork:signed_false:business-0,main,213,0,0,0,22,22,39865,0,0,2,4,39865,2,L3,0,22,0,0,22,0,0,2,4,2,2,9,8,5,22,0,0,22,0,0,0,0,results/final_unified_live_v1_claimref_fix_20260911/runs/w0213/result.json,d748a75217c36926abe02375f6efc93d27a944cb4d4f82c72742438585738ba6,4,31,0,2,claimref_fix,completed,94,converge_then_fork,4,0,0,,0,0,0,2,2,2,2,31,0,w0213
0,0,0,0,business-0,signed_false,22,11,22,46,11,4ae07cd943b5b6e1304e40241c4620529120eee2af25c8612c24bdaecb43bbe3,final-v1:converge_then_fork:signed_false:business-0,main,214,0,0,0,22,22,39964,0,0,2,4,39964,2,L4,0,22,66508,9,22,0,0,2,4,2,0,0,0,0,22,0,0,22,0,0,0,0,results/final_unified_live_v1_claimref_fix_20260911/runs/w0214/result.json,5ce4b0afe9c43df576d337cbc4f75805e200e6c58f13ddec6e906ba0e2439a59,4,22,0,2,claimref_fix,completed,78,converge_then_fork,4,0,0,,0,0,0,2,2,0,0,22,0,w0214
0,0,0,0,business-1,signed_false,22,0,22,0,11,a45a13684e4971b3997b8c685c5ac24ded48dc78e3cb8e4a41977c4a6e72463d,final-v1:converge_then_fork:signed_false:business-1,main,215,0,0,0,22,22,17477,0,0,2,4,17477,2,L0,0,22,0,0,22,0,0,2,4,2,2,9,8,5,22,0,0,22,0,0,0,0,results/final_unified_live_v1_claimref_fix_20260911/runs/w0215/result.json,fc0183adc2b88b9cd8b47188f77560ac49cdad19b7da9bebd75ded19cc35211f,0,31,0,2,claimref_fix,completed,0,converge_then_fork,4,0,0,,0,0,0,2,2,2,2,0,0,w0215
0,0,0,0,business-1,signed_false,22,0,22,0,11,a45a13684e4971b3997b8c685c5ac24ded48dc78e3cb8e4a41977c4a6e72463d,final-v1:converge_then_fork:signed_false:business-1,main,216,0,0,0,22,22,39714,0,0,2,4,39714,2,L1,0,22,0,0,22,0,0,2,4,2,2,9,8,5,22,0,0,22,0,0,0,0,results/final_unified_live_v1_claimref_fix_20260911/runs/w0216/result.json,a163acace64467188bbdf115cacd19b134d3ef5eb668abe74b1890ba27bd0c93,4,31,0,2,claimref_fix,completed,0,converge_then_fork,4,0,0,,0,0,0,2,2,2,2,31,0,w0216
0,0,0,0,business-1,signed_false,22,0,22,0,11,a45a13684e4971b3997b8c685c5ac24ded48dc78e3cb8e4a41977c4a6e72463d,final-v1:converge_then_fork:signed_false:business-1,main,217,0,0,0,22,22,39842,0,0,2,4,39842,2,L2,0,22,0,0,22,0,0,2,4,2,2,9,8,5,22,0,0,22,0,0,0,0,results/final_unified_live_v1_claimref_fix_20260911/runs/w0217/result.json,945a26d7f2d05c81844715b21d0a86303b546266951bf1df505703675ed3d720,4,31,0,2,claimref_fix,completed,26,converge_then_fork,4,0,0,,0,0,0,2,2,2,2,31,0,w0217
0,0,0,0,business-1,signed_false,22,0,22,0,11,a45a13684e4971b3997b8c685c5ac24ded48dc78e3cb8e4a41977c4a6e72463d,final-v1:converge_then_fork:signed_false:business-1,main,218,0,0,0,22,22,39634,0,0,2,4,39634,2,L3,0,22,0,0,22,0,0,2,4,2,2,9,8,5,22,0,0,22,0,0,0,0,results/final_unified_live_v1_claimref_fix_20260911/runs/w0218/result.json,69d7b28254c000eac6552fc4815ed36bbbb0fd3d68c2a8b29c23d9b41847c3b6,4,31,0,2,claimref_fix,completed,94,converge_then_fork,4,0,0,,0,0,0,2,2,2,2,31,0,w0218
0,0,0,0,business-1,signed_false,22,11,21,45,11,a45a13684e4971b3997b8c685c5ac24ded48dc78e3cb8e4a41977c4a6e72463d,final-v1:converge_then_fork:signed_false:business-1,main,219,0,0,0,22,22,40053,0,0,2,4,40053,2,L4,1,22,66508,9,22,0,0,2,4,2,0,0,0,0,22,0,0,22,0,0,0,0,results/final_unified_live_v1_claimref_fix_20260911/runs/w0219/result.json,af47915aebce2d36acf369e0d97494db3f5ca34d30cebca1f270ea7f2e02b8ec,4,21,0,2,claimref_fix,completed,86,converge_then_fork,4,1,0,,0,0,0,2,2,0,0,21,0,w0219
0,0,0,0,business-0,conflicting_sources,25,0,19,4,8,aa5e81e1004da55d72d5390c38bb67c2f73c5848783341ce6cc42358f8bb8214,final-v1:converge_then_fork:conflicting_sources:business-0,main,220,0,0,0,25,25,20880,0,0,2,4,20880,2,L0,2,25,0,0,22,0,0,2,4,2,2,8,7,4,25,0,0,25,0,0,0,0,results/final_unified_live_v1_claimref_fix_20260911/runs/w0220/result.json,44cb4d8d9b459b05179e9a91aadf35f71f59f88ef995b6536d7865677b699830,0,32,0,2,claimref_fix,completed,8,converge_then_fork,4,2,0,,0,0,0,2,2,0,0,0,0,w0220
0,0,0,0,business-0,conflicting_sources,24,0,21,12,10,aa5e81e1004da55d72d5390c38bb67c2f73c5848783341ce6cc42358f8bb8214,final-v1:converge_then_fork:conflicting_sources:business-0,main,221,0,0,0,24,24,85069,0,0,2,4,85069,2,L1,1,24,0,0,22,0,0,2,4,2,2,9,8,5,24,0,0,24,0,0,0,0,results/final_unified_live_v1_claimref_fix_20260911/runs/w0221/result.json,355b8375dc550de46116b3019290116c6fc8ddf253c015a620b5e899c34171b0,5,33,0,2,claimref_fix,completed,4,converge_then_fork,4,1,0,,0,0,0,2,2,1,1,33,0,w0221
0,0,0,0,business-0,conflicting_sources,22,0,22,0,11,aa5e81e1004da55d72d5390c38bb67c2f73c5848783341ce6cc42358f8bb8214,final-v1:converge_then_fork:conflicting_sources:business-0,main,222,0,0,0,22,22,39680,0,0,2,4,39680,2,L2,0,22,0,0,22,0,0,2,4,2,2,9,8,5,22,0,0,22,0,0,0,0,results/final_unified_live_v1_claimref_fix_20260911/runs/w0222/result.json,a6dc0fcb4fdbfd41e3017f542b286efef4e9d2092baac0b6e54142fd0fa58f80,5,33,0,2,claimref_fix,completed,26,converge_then_fork,4,0,0,,0,0,0,2,2,2,2,33,0,w0222
0,0,0,0,business-0,conflicting_sources,22,0,22,0,11,aa5e81e1004da55d72d5390c38bb67c2f73c5848783341ce6cc42358f8bb8214,final-v1:converge_then_fork:conflicting_sources:business-0,main,223,0,0,0,22,22,39550,0,0,2,4,39550,2,L3,0,22,0,0,22,0,0,2,4,2,2,9,8,5,22,0,0,22,0,0,0,0,results/final_unified_live_v1_claimref_fix_20260911/runs/w0223/result.json,df380b8e2471e62d8392984e15472d8c2b865a72baba28ff30cd50f26826a024,5,33,0,2,claimref_fix,completed,94,converge_then_fork,4,0,0,,0,0,0,2,2,2,2,33,0,w0223
0,0,0,0,business-0,conflicting_sources,22,11,22,46,11,aa5e81e1004da55d72d5390c38bb67c2f73c5848783341ce6cc42358f8bb8214,final-v1:converge_then_fork:conflicting_sources:business-0,main,224,0,0,0,22,22,39998,0,0,2,4,39998,2,L4,0,22,67222,9,22,0,0,2,4,2,0,0,0,0,22,0,0,22,0,0,0,0,results/final_unified_live_v1_claimref_fix_20260911/runs/w0224/result.json,f7b66537a45c5d567ddfbf4af09be1fe11889e6682e8d984010451d3c6a47369,5,24,0,2,claimref_fix,completed,90,converge_then_fork,4,0,0,,0,0,0,2,2,0,0,24,0,w0224
0,0,0,0,business-1,conflicting_sources,23,0,19,2,8,fc6bcb1d62f69866160f5abb3a4dc85d0e176c2c2f081cb99f88d9af90f4d6cc,final-v1:converge_then_fork:conflicting_sources:business-1,main,225,0,0,0,23,23,20119,0,0,2,4,20119,2,L0,2,23,0,0,22,0,0,2,4,2,2,8,7,4,23,0,0,23,0,0,0,0,results/final_unified_live_v1_contract_cleanup_20260911/runs/w0225/result.json,5d96d27eb6cb862dc355d542f114164adba35b64a91505d147773f22f515dca7,0,32,0,2,contract_cleanup,completed,4,converge_then_fork,4,2,0,,0,0,0,2,2,0,0,0,0,w0225
0,0,0,0,business-1,conflicting_sources,23,0,22,6,11,fc6bcb1d62f69866160f5abb3a4dc85d0e176c2c2f081cb99f88d9af90f4d6cc,final-v1:converge_then_fork:conflicting_sources:business-1,main,226,0,0,0,23,23,59193,0,0,2,4,59193,2,L1,0,23,0,0,22,0,0,2,4,2,2,9,8,5,23,0,0,23,0,0,0,0,results/final_unified_live_v1_claimref_fix_20260911/runs/w0226/result.json,95dc62b0a77ed5427aaa151cd770c0b142f3d22cbe24957fdd72c8807bd133e0,5,33,0,2,claimref_fix,completed,2,converge_then_fork,4,0,0,,0,0,0,2,2,2,2,33,0,w0226
0,0,0,0,business-1,conflicting_sources,22,0,22,0,11,fc6bcb1d62f69866160f5abb3a4dc85d0e176c2c2f081cb99f88d9af90f4d6cc,final-v1:converge_then_fork:conflicting_sources:business-1,main,227,0,0,0,22,22,40571,0,0,2,4,40571,2,L2,0,22,0,0,22,0,0,2,4,2,2,9,8,5,22,0,0,22,0,0,0,0,results/final_unified_live_v1_claimref_fix_20260911/runs/w0227/result.json,bc0fd7314c60b3b12f71d1f343bf59aacd03455a0400ff25c12bfc81bdd1d858,5,33,0,2,claimref_fix,completed,26,converge_then_fork,4,0,0,,0,0,0,2,2,2,2,33,0,w0227
0,0,0,0,business-1,conflicting_sources,22,0,22,0,11,fc6bcb1d62f69866160f5abb3a4dc85d0e176c2c2f081cb99f88d9af90f4d6cc,final-v1:converge_then_fork:conflicting_sources:business-1,main,228,0,0,0,22,22,40544,0,0,2,4,40544,2,L3,0,22,0,0,22,0,0,2,4,2,2,9,8,5,22,0,0,22,0,0,0,0,results/final_unified_live_v1_claimref_fix_20260911/runs/w0228/result.json,cb01ea56c980054db7564a5490a25d6de1feba6cd145f13b3a2573810f63ed3a,5,33,0,2,claimref_fix,completed,94,converge_then_fork,4,0,0,,0,0,0,2,2,2,2,33,0,w0228
0,0,0,0,business-1,conflicting_sources,22,9,18,43,9,fc6bcb1d62f69866160f5abb3a4dc85d0e176c2c2f081cb99f88d9af90f4d6cc,final-v1:converge_then_fork:conflicting_sources:business-1,main,229,0,0,0,22,22,41293,0,0,2,4,41293,2,L4,4,22,126788,16,22,0,0,2,4,2,0,0,0,0,22,0,0,22,0,0,0,0,results/final_unified_live_v1_provider_retry_20260911/runs/w0229/result.json,e43ab15a5d010d6f66525d72cb6467404adad5db5b80b9459dca1f3594fd578e,5,22,0,2,provider_retry,completed,78,converge_then_fork,4,4,0,,0,0,0,2,2,0,0,22,0,w0229
0,0,0,0,business-0,confirmed_repair,23,0,22,0,11,c3beeda559673ad13bfbe387da35fc94a765e7dd42f2128ca67d7c5ce376dfed,final-v1:converge_then_fork:confirmed_repair:business-0,main,230,0,0,0,23,23,18417,0,0,2,4,18417,2,L0,1,23,0,0,22,0,0,2,4,2,2,9,8,5,23,0,0,23,0,0,0,0,results/final_unified_live_v1_claimref_fix_20260911/runs/w0230/result.json,4b37c6ef839049dadd7edcc61f565a1ba9adbf32769f7b961bcf44ddbcad4a91,0,31,0,2,claimref_fix,completed,0,converge_then_fork,4,1,0,,0,0,0,2,2,2,2,0,0,w0230
0,0,0,0,business-0,confirmed_repair,23,0,22,0,11,c3beeda559673ad13bfbe387da35fc94a765e7dd42f2128ca67d7c5ce376dfed,final-v1:converge_then_fork:confirmed_repair:business-0,main,231,0,0,0,23,23,39982,0,0,2,4,39982,2,L1,1,23,0,0,22,0,0,2,4,2,2,9,8,5,23,0,0,23,0,0,0,0,results/final_unified_live_v1_provider_retry_20260911/runs/w0231/result.json,821ac2077800516274ed3da2e9f39f03f3c020e841a20bc4af6eadc2fbee5451,4,31,0,2,provider_retry,completed,0,converge_then_fork,4,1,0,,0,0,0,2,2,2,2,31,0,w0231
0,0,0,0,business-0,confirmed_repair,23,0,22,0,11,c3beeda559673ad13bfbe387da35fc94a765e7dd42f2128ca67d7c5ce376dfed,final-v1:converge_then_fork:confirmed_repair:business-0,main,232,0,0,0,23,23,40121,0,0,2,4,40121,2,L2,1,23,0,0,22,0,0,2,4,2,2,9,8,5,23,0,0,23,0,0,0,0,results/final_unified_live_v1_claimref_fix_20260911/runs/w0232/result.json,43b87a7f78c014446fa4be12b3079040ea7a2ce56f6a20a179a768824cc4468e,4,31,0,2,claimref_fix,completed,26,converge_then_fork,4,1,0,,0,0,0,2,2,2,2,31,0,w0232
0,0,0,0,business-0,confirmed_repair,23,0,22,0,11,c3beeda559673ad13bfbe387da35fc94a765e7dd42f2128ca67d7c5ce376dfed,final-v1:converge_then_fork:confirmed_repair:business-0,main,233,0,0,0,23,23,39915,0,0,2,4,39915,2,L3,1,23,0,0,22,0,0,2,4,2,2,9,8,5,23,0,0,23,0,0,0,0,results/final_unified_live_v1_claimref_fix_20260911/runs/w0233/result.json,5c2f04865a25ba5dcae564af0860d739c0c17c974ac86af4c3d301665b479813,4,31,0,2,claimref_fix,completed,94,converge_then_fork,4,1,0,,0,0,0,2,2,2,2,31,0,w0233
0,1,2,2,business-0,confirmed_repair,30,11,22,47,11,c3beeda559673ad13bfbe387da35fc94a765e7dd42f2128ca67d7c5ce376dfed,final-v1:converge_then_fork:confirmed_repair:business-0,main,234,0,0,0,28,28,63496,0,0,2,4,63496,2,L4,2,28,66916,9,22,0,0,2,4,2,0,0,0,0,28,0,0,28,0,2,2,2,results/final_unified_live_v1_claimref_fix_20260911/runs/w0234/result.json,3156b6bd3d7f1ffd5b5bf3f1d59076f17d88dbc87df1cfad903377c1184f4375,5,22,0,2,claimref_fix,completed,90,converge_then_fork,4,0,0,,0,0,0,2,2,0,0,22,0,w0234
0,0,0,0,business-1,confirmed_repair,23,0,22,0,11,b720e77f98140d8a8de8b05788e148e39b7e25b91f57f1deb95f0336b5c90ee3,final-v1:converge_then_fork:confirmed_repair:business-1,main,235,0,0,0,23,23,18194,0,0,2,4,18194,2,L0,1,23,0,0,22,0,0,2,4,2,2,9,8,5,23,0,0,23,0,0,0,0,results/final_unified_live_v1_claimref_fix_20260911/runs/w0235/result.json,9c95ba70986e09ebc7cd755bc8abdc9fe60b9dba8ac35d0721ca4d565a26d9df,0,31,0,2,claimref_fix,completed,0,converge_then_fork,4,1,0,,0,0,0,2,2,2,2,0,0,w0235
0,0,0,0,business-1,confirmed_repair,23,0,22,0,11,b720e77f98140d8a8de8b05788e148e39b7e25b91f57f1deb95f0336b5c90ee3,final-v1:converge_then_fork:confirmed_repair:business-1,main,236,0,0,0,23,23,39557,0,0,2,4,39557,2,L1,1,23,0,0,22,0,0,2,4,2,2,9,8,5,23,0,0,23,0,0,0,0,results/final_unified_live_v1_claimref_fix_20260911/runs/w0236/result.json,56cac569ce06d3f7717219267f87f52d1a98177898106335d321934680386d3d,4,31,0,2,claimref_fix,completed,0,converge_then_fork,4,1,0,,0,0,0,2,2,2,2,31,0,w0236
0,0,0,0,business-1,confirmed_repair,24,0,22,6,11,b720e77f98140d8a8de8b05788e148e39b7e25b91f57f1deb95f0336b5c90ee3,final-v1:converge_then_fork:confirmed_repair:business-1,main,237,0,0,0,24,24,57547,0,0,2,4,57547,2,L2,1,24,0,0,22,0,0,2,4,2,2,9,8,5,24,0,0,24,0,0,0,0,results/final_unified_live_v1_claimref_fix_20260911/runs/w0237/result.json,b6da9156e7a5ad4c5982ddb59c5f423c9392ef9e3929262dcea968f5a189d647,4,31,0,2,claimref_fix,completed,28,converge_then_fork,4,1,0,,0,0,0,2,2,2,2,31,0,w0237
0,0,0,0,business-1,confirmed_repair,23,0,22,0,11,b720e77f98140d8a8de8b05788e148e39b7e25b91f57f1deb95f0336b5c90ee3,final-v1:converge_then_fork:confirmed_repair:business-1,main,238,0,0,0,23,23,39440,0,0,2,4,39440,2,L3,0,23,0,0,22,0,0,2,4,2,2,9,8,5,23,0,0,23,0,0,0,0,results/final_unified_live_v1_claimref_fix_20260911/runs/w0238/result.json,81caeed13f575e3ae1c217bbbfa951ca42168395d758a35fd46ecd7da93c2dd4,4,31,0,2,claimref_fix,completed,94,converge_then_fork,4,0,0,,0,0,0,2,2,2,2,31,0,w0238
0,1,2,2,business-1,confirmed_repair,30,11,22,47,11,b720e77f98140d8a8de8b05788e148e39b7e25b91f57f1deb95f0336b5c90ee3,final-v1:converge_then_fork:confirmed_repair:business-1,main,239,0,0,0,28,28,62732,0,0,2,4,62732,2,L4,2,28,66916,9,22,0,0,2,4,2,0,0,0,0,28,0,0,28,0,2,2,2,results/final_unified_live_v1_claimref_fix_20260911/runs/w0239/result.json,af820e09ebc29f034aaf89e47f4fe1231784e23e1fc6fb0e88b06c3604e4942a,5,22,0,2,claimref_fix,completed,86,converge_then_fork,4,0,0,,0,0,0,2,2,0,0,22,0,w0239
0,0,0,0,business-0,authority_unknown,22,0,22,0,11,429cea83e94fbf7b621021080731a8fc14bd8784f8e38324e20b02df0daa7a50,final-v1:converge_then_fork:authority_unknown:business-0,main,240,0,0,0,22,22,17727,0,0,2,4,17727,2,L0,0,22,0,0,22,0,0,2,4,2,2,9,8,5,22,0,0,22,0,0,0,0,results/final_unified_live_v1_claimref_fix_20260911/runs/w0240/result.json,09fbb574c5998fe1c393e442e64dc611b558bfc96ef6b0c712ea9b0bbf2054cd,0,31,0,2,claimref_fix,completed,0,converge_then_fork,4,0,0,,0,0,0,2,2,2,2,0,0,w0240
0,0,0,0,business-0,authority_unknown,22,0,22,0,11,429cea83e94fbf7b621021080731a8fc14bd8784f8e38324e20b02df0daa7a50,final-v1:converge_then_fork:authority_unknown:business-0,main,241,0,0,0,22,22,40070,0,0,2,4,40070,2,L1,0,22,0,0,22,0,0,2,4,2,2,9,8,5,22,0,0,22,0,0,0,0,results/final_unified_live_v1_claimref_fix_20260911/runs/w0241/result.json,51d0889b0e1a183691c6bf0905c5f1fcf99d1d5301f9be95d96ef8484c7a7d1e,4,31,0,2,claimref_fix,completed,0,converge_then_fork,4,0,0,,0,0,0,2,2,2,2,31,0,w0241
0,0,0,0,business-0,authority_unknown,22,0,22,0,11,429cea83e94fbf7b621021080731a8fc14bd8784f8e38324e20b02df0daa7a50,final-v1:converge_then_fork:authority_unknown:business-0,main,242,0,0,0,22,22,39803,0,0,2,4,39803,2,L2,0,22,0,0,22,0,0,2,4,2,2,9,8,5,22,0,0,22,0,0,0,0,results/final_unified_live_v1_claimref_fix_20260911/runs/w0242/result.json,a74ad603652b9d82ea2bf39a655d68f45b92c4eb23bd3660c2e73501358ce64a,4,31,0,2,claimref_fix,completed,26,converge_then_fork,4,0,0,,0,0,0,2,2,2,2,31,0,w0242
0,0,0,0,business-0,authority_unknown,22,0,22,0,11,429cea83e94fbf7b621021080731a8fc14bd8784f8e38324e20b02df0daa7a50,final-v1:converge_then_fork:authority_unknown:business-0,main,243,0,0,0,22,22,39921,0,0,2,4,39921,2,L3,0,22,0,0,22,0,0,2,4,2,2,9,8,5,22,0,0,22,0,0,0,0,results/final_unified_live_v1_claimref_fix_20260911/runs/w0243/result.json,9df26491b8fa58b94ca9fcc37bac8fc66970aa4134fba42f16476c0a216abf95,4,31,0,2,claimref_fix,completed,94,converge_then_fork,4,0,0,,0,0,0,2,2,2,2,31,0,w0243
0,0,0,0,business-0,authority_unknown,22,11,22,90,11,429cea83e94fbf7b621021080731a8fc14bd8784f8e38324e20b02df0daa7a50,final-v1:converge_then_fork:authority_unknown:business-0,main,244,0,0,0,22,22,40154,0,0,2,4,40154,2,L4,0,22,0,0,22,0,0,2,4,2,0,0,0,0,22,0,0,22,0,0,0,0,results/final_unified_live_v1_claimref_fix_20260911/runs/w0244/result.json,c5d75463f2533bbcf2d45b40e177fab9eba3b72b2012bf13c1691ec19e1dec43,4,22,0,2,claimref_fix,completed,94,converge_then_fork,4,0,0,,0,0,0,2,2,0,0,22,0,w0244
0,0,0,0,business-1,authority_unknown,22,0,22,0,11,047a6a4fd468a5a30c9d5f15480043a726a14ea472a7fe906e34b2037ce8e685,final-v1:converge_then_fork:authority_unknown:business-1,main,245,0,0,0,22,22,17499,0,0,2,4,17499,2,L0,0,22,0,0,22,0,0,2,4,2,2,9,8,5,22,0,0,22,0,0,0,0,results/final_unified_live_v1_claimref_fix_20260911/runs/w0245/result.json,8853a7f07c8945e9cb7e66d4f4dbcabca12f8a7cdb3108a60b0c0525aef5dc22,0,31,0,2,claimref_fix,completed,0,converge_then_fork,4,0,0,,0,0,0,2,2,2,2,0,0,w0245
0,0,0,0,business-1,authority_unknown,22,0,22,0,11,047a6a4fd468a5a30c9d5f15480043a726a14ea472a7fe906e34b2037ce8e685,final-v1:converge_then_fork:authority_unknown:business-1,main,246,0,0,0,22,22,39172,0,0,2,4,39172,2,L1,0,22,0,0,22,0,0,2,4,2,2,9,8,5,22,0,0,22,0,0,0,0,results/final_unified_live_v1_claimref_fix_20260911/runs/w0246/result.json,4004f50068127c6004b9b296d4925d192f4d1b5b8ad295584b8f69e472079825,4,31,0,2,claimref_fix,completed,0,converge_then_fork,4,0,0,,0,0,0,2,2,2,2,31,0,w0246
0,0,0,0,business-1,authority_unknown,22,0,22,0,11,047a6a4fd468a5a30c9d5f15480043a726a14ea472a7fe906e34b2037ce8e685,final-v1:converge_then_fork:authority_unknown:business-1,main,247,0,0,0,22,22,39241,0,0,2,4,39241,2,L2,0,22,0,0,22,0,0,2,4,2,2,9,8,5,22,0,0,22,0,0,0,0,results/final_unified_live_v1_provider_retry_20260911/runs/w0247/result.json,49a4535f8543af308b69790df81f09080fa18b123c906546ec2ae4dd6dddd6b6,4,31,0,2,provider_retry,completed,26,converge_then_fork,4,0,0,,0,0,0,2,2,2,2,31,0,w0247
0,0,0,0,business-1,authority_unknown,22,0,22,0,11,047a6a4fd468a5a30c9d5f15480043a726a14ea472a7fe906e34b2037ce8e685,final-v1:converge_then_fork:authority_unknown:business-1,main,248,0,0,0,22,22,39107,0,0,2,4,39107,2,L3,0,22,0,0,22,0,0,2,4,2,2,9,8,5,22,0,0,22,0,0,0,0,results/final_unified_live_v1_claimref_fix_20260911/runs/w0248/result.json,0e19da8b4ca8ddc236d1aab6c7023635dd92ea89a36ea74a028a900a7f859bb7,4,31,0,2,claimref_fix,completed,94,converge_then_fork,4,0,0,,0,0,0,2,2,2,2,31,0,w0248
0,0,0,0,business-1,authority_unknown,22,11,22,90,11,047a6a4fd468a5a30c9d5f15480043a726a14ea472a7fe906e34b2037ce8e685,final-v1:converge_then_fork:authority_unknown:business-1,main,249,0,0,0,22,22,39326,0,0,2,4,39326,2,L4,0,22,0,0,22,0,0,2,4,2,0,0,0,0,22,0,0,22,0,0,0,0,results/final_unified_live_v1_claimref_fix_20260911/runs/w0249/result.json,e02704aa6089a943fd65b2b470f8bc794c4b38a239322a5d152179b323995514,4,22,0,2,claimref_fix,completed,94,converge_then_fork,4,0,0,,0,0,0,2,2,0,0,22,0,w0249
0,0,0,0,business-0,active,13,0,13,0,0,9e2a3e79b649d23fe64ceaf1cb7a62b814659d9cbf799c6737aaa8cbeb7c92c2,final-v1:reused_org_independent:active:business-0,main,250,0,0,0,13,13,10041,0,0,0,4,10041,4,L0,0,13,0,0,13,0,0,0,4,4,0,0,0,0,13,0,0,13,0,0,0,0,results/final_unified_live_v1_claimref_fix_20260911/runs/w0250/result.json,46fe12256d96d484c140374d15bd3492077d4fb612f29b89ad21de198b0dd7aa,0,15,0,4,claimref_fix,completed,0,reused_org_independent,4,0,0,,0,0,0,4,4,0,0,0,0,w0250
0,0,0,0,business-0,active,13,0,13,0,0,9e2a3e79b649d23fe64ceaf1cb7a62b814659d9cbf799c6737aaa8cbeb7c92c2,final-v1:reused_org_independent:active:business-0,main,251,0,0,0,13,13,15274,0,0,0,4,15274,4,L1,0,13,0,0,13,0,0,0,4,4,0,0,0,0,13,0,0,13,0,0,0,0,results/final_unified_live_v1_claimref_fix_20260911/runs/w0251/result.json,ba054e2f0c33088804e31bf7d45e7211929b8099b4a0bb6431986ebdf88428e5,6,15,0,4,claimref_fix,completed,0,reused_org_independent,4,0,0,,0,0,0,4,4,0,0,15,0,w0251
0,0,0,0,business-0,active,13,0,13,0,0,9e2a3e79b649d23fe64ceaf1cb7a62b814659d9cbf799c6737aaa8cbeb7c92c2,final-v1:reused_org_independent:active:business-0,main,252,0,0,0,13,13,15395,0,0,0,4,15395,4,L2,0,13,0,0,13,0,0,0,4,4,0,0,0,0,13,0,0,13,0,0,0,0,results/final_unified_live_v1_claimref_fix_20260911/runs/w0252/result.json,1e67f85599b18d62a3430c2dd1c455054904deb602f3b15f5cf4dc775242fb4d,6,15,0,4,claimref_fix,completed,17,reused_org_independent,4,0,0,,0,0,0,4,4,0,0,15,0,w0252
0,0,0,0,business-0,active,13,0,13,0,0,9e2a3e79b649d23fe64ceaf1cb7a62b814659d9cbf799c6737aaa8cbeb7c92c2,final-v1:reused_org_independent:active:business-0,main,253,0,0,0,13,13,15321,0,0,0,4,15321,4,L3,0,13,0,0,13,0,0,0,4,4,0,0,0,0,13,0,0,13,0,0,0,0,results/final_unified_live_v1_claimref_fix_20260911/runs/w0253/result.json,f98af833a51e1476de00e7185cf3d037732177db74200a7f945f99f04b86aa1d,6,15,0,4,claimref_fix,completed,31,reused_org_independent,4,0,0,,0,0,0,4,4,0,0,15,0,w0253
0,0,0,0,business-0,active,13,0,13,27,0,9e2a3e79b649d23fe64ceaf1cb7a62b814659d9cbf799c6737aaa8cbeb7c92c2,final-v1:reused_org_independent:active:business-0,main,254,0,0,0,13,13,15337,0,0,0,4,15337,4,L4,0,13,0,0,13,0,0,0,4,4,0,0,0,0,13,0,0,13,0,0,0,0,results/final_unified_live_v1_claimref_fix_20260911/runs/w0254/result.json,569cf41da7a49e17958fc46a5400607ec1e9aaf501c98d8daa88c96f1191640e,6,15,0,4,claimref_fix,completed,31,reused_org_independent,4,0,0,,0,0,0,4,4,0,0,15,0,w0254
0,0,0,0,business-1,active,13,0,13,0,0,0954379c8f4a571a86292ca18563d0ad523d67b39931c01277f363e4fba750ad,final-v1:reused_org_independent:active:business-1,main,255,0,0,0,13,13,10059,0,0,0,4,10059,4,L0,0,13,0,0,13,0,0,0,4,4,0,0,0,0,13,0,0,13,0,0,0,0,results/final_unified_live_v1_claimref_fix_20260911/runs/w0255/result.json,399a5178c19db8cdcc5041566c0e133a4b5d634e88edebda4ee9b228e213082e,0,15,0,4,claimref_fix,completed,0,reused_org_independent,4,0,0,,0,0,0,4,4,0,0,0,0,w0255
0,0,0,0,business-1,active,13,0,13,0,0,0954379c8f4a571a86292ca18563d0ad523d67b39931c01277f363e4fba750ad,final-v1:reused_org_independent:active:business-1,main,256,0,0,0,13,13,15641,0,0,0,4,15641,4,L1,0,13,0,0,13,0,0,0,4,4,0,0,0,0,13,0,0,13,0,0,0,0,results/final_unified_live_v1_claimref_fix_20260911/runs/w0256/result.json,244d457ee8a695e8572df8d8ff4f02feb783b3a3bf7dd432cc480856fe9a3047,6,15,0,4,claimref_fix,completed,0,reused_org_independent,4,0,0,,0,0,0,4,4,0,0,15,0,w0256
0,0,0,0,business-1,active,13,0,13,0,0,0954379c8f4a571a86292ca18563d0ad523d67b39931c01277f363e4fba750ad,final-v1:reused_org_independent:active:business-1,main,257,0,0,0,13,13,15660,0,0,0,4,15660,4,L2,0,13,0,0,13,0,0,0,4,4,0,0,0,0,13,0,0,13,0,0,0,0,results/final_unified_live_v1_claimref_fix_20260911/runs/w0257/result.json,1f3a666bb4ee75f632fee0b1a8f56ebfefc4250bbf7532dcbd354259a50b6567,6,15,0,4,claimref_fix,completed,17,reused_org_independent,4,0,0,,0,0,0,4,4,0,0,15,0,w0257
0,0,0,0,business-1,active,13,0,13,0,0,0954379c8f4a571a86292ca18563d0ad523d67b39931c01277f363e4fba750ad,final-v1:reused_org_independent:active:business-1,main,258,0,0,0,13,13,15330,0,0,0,4,15330,4,L3,0,13,0,0,13,0,0,0,4,4,0,0,0,0,13,0,0,13,0,0,0,0,results/final_unified_live_v1_claimref_fix_20260911/runs/w0258/result.json,66944ce559e885ceb1c61008b27a8a567504df415312499b4c7ff0955c38fa5d,6,15,0,4,claimref_fix,completed,31,reused_org_independent,4,0,0,,0,0,0,4,4,0,0,15,0,w0258
0,0,0,0,business-1,active,13,0,13,27,0,0954379c8f4a571a86292ca18563d0ad523d67b39931c01277f363e4fba750ad,final-v1:reused_org_independent:active:business-1,main,259,0,0,0,13,13,15585,0,0,0,4,15585,4,L4,0,13,0,0,13,0,0,0,4,4,0,0,0,0,13,0,0,13,0,0,0,0,results/final_unified_live_v1_claimref_fix_20260911/runs/w0259/result.json,86cc41757be88328c9182d63efb75dc810b23fa9e156527928e135f016e5de34,6,15,0,4,claimref_fix,completed,31,reused_org_independent,4,0,0,,0,0,0,4,4,0,0,15,0,w0259
0,0,0,0,business-0,tampered_handoff,13,0,13,0,1,bf12d01cbf8fee050190e2e24ccf104bb725b4ff92eaeb18d1d2a3797c5430a8,final-v1:reused_org_independent:tampered_handoff:business-0,main,260,0,0,0,13,13,10093,0,0,1,4,10093,3,L0,0,13,0,0,13,0,0,1,4,3,1,1,1,1,13,0,0,13,0,0,0,0,results/final_unified_live_v1_claimref_fix_20260911/runs/w0260/result.json,a82a8db2b6a951d2d73bbcb4fd66a8a5467d508caf311d374275c7f200852c2b,0,15,0,3,claimref_fix,completed,0,reused_org_independent,4,0,0,,0,0,0,3,3,1,1,0,0,w0260
2,0,0,0,business-0,tampered_handoff,13,0,13,0,0,bf12d01cbf8fee050190e2e24ccf104bb725b4ff92eaeb18d1d2a3797c5430a8,final-v1:reused_org_independent:tampered_handoff:business-0,main,261,0,0,0,13,13,15330,0,0,1,4,15330,3,L1,0,13,0,0,13,0,0,1,4,3,0,0,0,0,13,0,0,13,0,0,0,0,results/final_unified_live_v1_claimref_fix_20260911/runs/w0261/result.json,90cdc0afac74696006046df57e76f638506b4187099be1d388ac4429c6e7f7e2,6,14,2,3,claimref_fix,completed,0,reused_org_independent,4,0,0,,0,0,0,3,3,0,0,14,0,w0261
2,0,0,0,business-0,tampered_handoff,13,0,13,0,0,bf12d01cbf8fee050190e2e24ccf104bb725b4ff92eaeb18d1d2a3797c5430a8,final-v1:reused_org_independent:tampered_handoff:business-0,main,262,0,0,0,13,13,15305,0,0,1,4,15305,3,L2,0,13,0,0,13,0,0,1,4,3,0,0,0,0,13,0,0,13,0,0,0,0,results/final_unified_live_v1_claimref_fix_20260911/runs/w0262/result.json,1d3f4cb1ee35f241f92a1abbaad022adc94cfb995d84ba17989bee7da6127e8f,6,14,2,3,claimref_fix,completed,15,reused_org_independent,4,0,0,,0,0,0,3,3,0,0,14,0,w0262
2,0,0,0,business-0,tampered_handoff,13,0,13,0,0,bf12d01cbf8fee050190e2e24ccf104bb725b4ff92eaeb18d1d2a3797c5430a8,final-v1:reused_org_independent:tampered_handoff:business-0,main,263,0,0,0,13,13,15357,0,0,1,4,15357,3,L3,0,13,0,0,13,0,0,1,4,3,0,0,0,0,13,0,0,13,0,0,0,0,results/final_unified_live_v1_provider_retry_20260911/runs/w0263/result.json,0a0c3995b2269638097a60af97e056f5f30d62c3a4afc9b4111f802b436b939f,6,14,2,3,provider_retry,completed,27,reused_org_independent,4,0,0,,0,0,0,3,3,0,0,14,0,w0263
2,0,0,0,business-0,tampered_handoff,13,0,13,24,0,bf12d01cbf8fee050190e2e24ccf104bb725b4ff92eaeb18d1d2a3797c5430a8,final-v1:reused_org_independent:tampered_handoff:business-0,main,264,0,0,0,13,13,15409,0,0,1,4,15409,3,L4,0,13,0,0,13,0,0,1,4,3,0,0,0,0,13,0,0,13,0,0,0,0,results/final_unified_live_v1_claimref_fix_20260911/runs/w0264/result.json,c9ce52ea8ec842ee95b09e0c8f167c40a6a9f7203597948ebe9d6c7ad82b4019,6,14,2,3,claimref_fix,completed,27,reused_org_independent,4,0,0,,0,0,0,3,3,0,0,14,0,w0264
0,0,0,0,business-1,tampered_handoff,13,0,13,0,1,258c390e3d67f761858b9817dea1bafc7768e11bac1d384f653064e9e7f9e3f5,final-v1:reused_org_independent:tampered_handoff:business-1,main,265,0,0,0,13,13,10010,0,0,1,4,10010,3,L0,0,13,0,0,13,0,0,1,4,3,1,1,1,1,13,0,0,13,0,0,0,0,results/final_unified_live_v1_claimref_fix_20260911/runs/w0265/result.json,11c1a5a7ac812c7c448db13b55d1176380ffcd9185f07892cbff725ed946980f,0,15,0,3,claimref_fix,completed,0,reused_org_independent,4,0,0,,0,0,0,3,3,1,1,0,0,w0265
2,0,0,0,business-1,tampered_handoff,13,0,13,0,0,258c390e3d67f761858b9817dea1bafc7768e11bac1d384f653064e9e7f9e3f5,final-v1:reused_org_independent:tampered_handoff:business-1,main,266,0,0,0,13,13,15196,0,0,1,4,15196,3,L1,0,13,0,0,13,0,0,1,4,3,0,0,0,0,13,0,0,13,0,0,0,0,results/final_unified_live_v1_claimref_fix_20260911/runs/w0266/result.json,7191c03fa007ec7570dc86bb3b5d0262d4cb1f71fce108ac2037382ce09bd64e,6,14,2,3,claimref_fix,completed,0,reused_org_independent,4,0,0,,0,0,0,3,3,0,0,14,0,w0266
2,0,0,0,business-1,tampered_handoff,13,0,13,0,0,258c390e3d67f761858b9817dea1bafc7768e11bac1d384f653064e9e7f9e3f5,final-v1:reused_org_independent:tampered_handoff:business-1,main,267,0,0,0,13,13,15219,0,0,1,4,15219,3,L2,0,13,0,0,13,0,0,1,4,3,0,0,0,0,13,0,0,13,0,0,0,0,results/final_unified_live_v1_claimref_fix_20260911/runs/w0267/result.json,d07f51d1c59db6d61783813861f68b225e42968f14ea71356eace8e78b2f6ff5,6,14,2,3,claimref_fix,completed,15,reused_org_independent,4,0,0,,0,0,0,3,3,0,0,14,0,w0267
2,0,0,0,business-1,tampered_handoff,14,0,13,1,0,258c390e3d67f761858b9817dea1bafc7768e11bac1d384f653064e9e7f9e3f5,final-v1:reused_org_independent:tampered_handoff:business-1,main,268,0,0,0,14,14,20122,0,0,1,4,20122,3,L3,0,14,0,0,13,0,0,1,4,3,0,0,0,0,14,0,0,14,0,0,0,0,results/final_unified_live_v1_claimref_fix_20260911/runs/w0268/result.json,6dca04e7d83915b976b443388a10ed263240c2b4a93078f2bd4b125e86a19bb7,6,14,2,3,claimref_fix,completed,28,reused_org_independent,4,0,0,,0,0,0,3,3,0,0,14,0,w0268
2,0,0,0,business-1,tampered_handoff,13,0,13,24,0,258c390e3d67f761858b9817dea1bafc7768e11bac1d384f653064e9e7f9e3f5,final-v1:reused_org_independent:tampered_handoff:business-1,main,269,0,0,0,13,13,15179,0,0,1,4,15179,3,L4,0,13,0,0,13,0,0,1,4,3,0,0,0,0,13,0,0,13,0,0,0,0,results/final_unified_live_v1_claimref_fix_20260911/runs/w0269/result.json,6792c7e7c1712ccf4c410d2655814fa605efc874711428f6f8bd97435fc97829,6,14,2,3,claimref_fix,completed,27,reused_org_independent,4,0,0,,0,0,0,3,3,0,0,14,0,w0269
0,0,0,0,business-0,root_retraction,13,0,12,0,6,2937141eed08aa591f3d41bb713d9c85c67cfcd721ed570b49311aeaee5a8dfa,final-v1:reused_org_independent:root_retraction:business-0,main,270,0,0,0,13,13,10079,0,0,2,4,10079,2,L0,1,13,0,0,13,0,0,2,4,2,2,4,3,2,13,0,0,13,0,0,0,0,results/final_unified_live_v1_claimref_fix_20260911/runs/w0270/result.json,5e1fbace7b1c48d94ba65ea3b2ccbd1349e67b494a03c60eaeb411df04a0a503,0,15,0,2,claimref_fix,completed,0,reused_org_independent,4,1,0,,0,0,0,2,2,2,2,0,0,w0270
0,0,0,0,business-0,root_retraction,13,0,12,0,6,2937141eed08aa591f3d41bb713d9c85c67cfcd721ed570b49311aeaee5a8dfa,final-v1:reused_org_independent:root_retraction:business-0,main,271,0,0,0,13,13,15846,0,0,2,4,15846,2,L1,1,13,0,0,13,0,0,2,4,2,2,4,3,2,13,0,0,13,0,0,0,0,results/final_unified_live_v1_claimref_fix_20260911/runs/w0271/result.json,5ba8dff9fed54fb1b1996dfcb1b9d2ba81091ea33adce618a3f0be7443edf15b,6,15,0,2,claimref_fix,completed,0,reused_org_independent,4,1,0,,0,0,0,2,2,2,2,15,0,w0271
0,0,0,0,business-0,root_retraction,13,6,12,0,6,2937141eed08aa591f3d41bb713d9c85c67cfcd721ed570b49311aeaee5a8dfa,final-v1:reused_org_independent:root_retraction:business-0,main,272,0,0,0,13,13,16993,0,0,2,4,16993,2,L2,1,13,0,0,13,0,0,2,4,2,0,0,0,0,13,0,0,13,0,0,0,0,results/final_unified_live_v1_claimref_fix_20260911/runs/w0272/result.json,fe6beeb0ac816b2084fd11e0dc41ff32d070a841679d09c922c81cfced9ea64a,6,15,0,2,claimref_fix,completed,13,reused_org_independent,4,1,0,,0,0,0,2,2,0,0,15,0,w0272
0,0,0,0,business-0,root_retraction,14,6,12,0,6,2937141eed08aa591f3d41bb713d9c85c67cfcd721ed570b49311aeaee5a8dfa,final-v1:reused_org_independent:root_retraction:business-0,main,273,0,0,0,14,14,22988,0,0,2,4,22988,2,L3,1,14,0,0,13,0,0,2,4,2,0,0,0,0,14,0,0,14,0,0,0,0,results/final_unified_live_v1_claimref_fix_20260911/runs/w0273/result.json,6608567f8c959beb631064f542f2b78ce85fce68d7f0ca818cb3341bea9e1a11,6,15,0,2,claimref_fix,completed,18,reused_org_independent,4,1,0,,0,0,0,2,2,0,0,15,0,w0273
0,0,0,0,business-0,root_retraction,14,4,10,10,4,2937141eed08aa591f3d41bb713d9c85c67cfcd721ed570b49311aeaee5a8dfa,final-v1:reused_org_independent:root_retraction:business-0,main,274,0,0,0,14,14,21110,0,0,2,4,21110,2,L4,3,14,17552,5,13,0,0,2,4,2,0,0,0,0,14,0,0,14,0,0,0,0,results/final_unified_live_v1_claimref_fix_20260911/runs/w0274/result.json,45d637c5974290b2c3e8e03c3a8d89871915eadf14d0688540fe5cdd66778430,6,15,0,2,claimref_fix,completed,14,reused_org_independent,4,3,0,,0,0,0,2,2,0,0,15,0,w0274
0,0,0,0,business-1,root_retraction,13,0,12,0,6,79bb7ccc45d4af6064f78d4788dced6dac863b557c2d19a7da48ed25531f30d7,final-v1:reused_org_independent:root_retraction:business-1,main,275,0,0,0,13,13,9981,0,0,2,4,9981,2,L0,1,13,0,0,13,0,0,2,4,2,2,4,3,2,13,0,0,13,0,0,0,0,results/final_unified_live_v1_claimref_fix_20260911/runs/w0275/result.json,0c376cb504d777cfdb11f858f1fb57f151e3275400de3a5f0a5e80a5600d9b64,0,15,0,2,claimref_fix,completed,0,reused_org_independent,4,1,0,,0,0,0,2,2,2,2,0,0,w0275
0,0,0,0,business-1,root_retraction,13,0,12,0,6,79bb7ccc45d4af6064f78d4788dced6dac863b557c2d19a7da48ed25531f30d7,final-v1:reused_org_independent:root_retraction:business-1,main,276,0,0,0,13,13,16044,0,0,2,4,16044,2,L1,1,13,0,0,13,0,0,2,4,2,2,4,3,2,13,0,0,13,0,0,0,0,results/final_unified_live_v1_claimref_fix_20260911/runs/w0276/result.json,aa9360174c1ccb3b1dcd815cf55ad85316b3f118867cff3137140617ba2f4c9f,6,15,0,2,claimref_fix,completed,0,reused_org_independent,4,1,0,,0,0,0,2,2,2,2,15,0,w0276
0,0,0,0,business-1,root_retraction,13,6,12,0,6,79bb7ccc45d4af6064f78d4788dced6dac863b557c2d19a7da48ed25531f30d7,final-v1:reused_org_independent:root_retraction:business-1,main,277,0,0,0,13,13,16822,0,0,2,4,16822,2,L2,1,13,0,0,13,0,0,2,4,2,0,0,0,0,13,0,0,13,0,0,0,0,results/final_unified_live_v1_claimref_fix_20260911/runs/w0277/result.json,fe58e528263b17004c56e8513e371e7a1d49f5e0c241b82f7341ab5d8ac9f2fa,6,15,0,2,claimref_fix,completed,13,reused_org_independent,4,1,0,,0,0,0,2,2,0,0,15,0,w0277
0,0,0,0,business-1,root_retraction,14,5,11,0,5,79bb7ccc45d4af6064f78d4788dced6dac863b557c2d19a7da48ed25531f30d7,final-v1:reused_org_independent:root_retraction:business-1,main,278,0,0,0,14,14,23082,0,0,2,4,23082,2,L3,1,14,0,0,13,0,0,2,4,2,0,0,0,0,14,0,0,14,0,0,0,0,results/final_unified_live_v1_claimref_fix_20260911/runs/w0278/result.json,f3407cb95ecb850eabb6f36bcf5c7b3c04a6c5f16e72d3125055e9105d7b913f,6,15,0,2,claimref_fix,completed,18,reused_org_independent,4,1,0,,0,0,0,2,2,0,0,15,0,w0278
0,0,0,0,business-1,root_retraction,14,3,9,10,3,79bb7ccc45d4af6064f78d4788dced6dac863b557c2d19a7da48ed25531f30d7,final-v1:reused_org_independent:root_retraction:business-1,main,279,0,0,0,14,14,21080,0,0,2,4,21080,2,L4,4,14,17552,5,13,0,0,2,4,2,0,0,0,0,14,0,0,14,0,0,0,0,results/final_unified_live_v1_claimref_fix_20260911/runs/w0279/result.json,bd10f8f10ae95f4a65e97ada1b3c09a3bb2b839e2b72b403439428f7670046da,6,15,0,2,claimref_fix,completed,14,reused_org_independent,4,4,0,,0,0,0,2,2,0,0,15,0,w0279
0,0,0,0,business-0,intermediate_retraction,13,0,11,0,4,0b6d3e18cbcb3293bcbdf1d1ecde52ed2a78a38896ab7b02cde00c7d7372224c,final-v1:reused_org_independent:intermediate_retraction:business-0,main,280,0,0,0,13,13,10158,0,0,2,4,10158,2,L0,2,13,0,0,13,0,0,2,4,2,2,2,1,1,13,0,0,13,0,0,0,0,results/final_unified_live_v1_claimref_fix_20260911/runs/w0280/result.json,1741c0b0f8ccea886a2fc8197ecc5ef602e291d74cd06406ebdefa17237f09c3,0,15,0,2,claimref_fix,completed,0,reused_org_independent,4,2,0,,0,0,0,2,2,2,2,0,0,w0280
0,0,0,0,business-0,intermediate_retraction,13,0,11,0,4,0b6d3e18cbcb3293bcbdf1d1ecde52ed2a78a38896ab7b02cde00c7d7372224c,final-v1:reused_org_independent:intermediate_retraction:business-0,main,281,0,0,0,13,13,15799,0,0,2,4,15799,2,L1,2,13,0,0,13,0,0,2,4,2,2,2,1,1,13,0,0,13,0,0,0,0,results/final_unified_live_v1_claimref_fix_20260911/runs/w0281/result.json,d269dc232b60ce523713f8026bc1b61921082960c1e8348a8b3996c2275fc280,6,15,0,2,claimref_fix,completed,0,reused_org_independent,4,2,0,,0,0,0,2,2,2,2,15,0,w0281
0,0,0,0,business-0,intermediate_retraction,13,0,11,0,4,0b6d3e18cbcb3293bcbdf1d1ecde52ed2a78a38896ab7b02cde00c7d7372224c,final-v1:reused_org_independent:intermediate_retraction:business-0,main,282,0,0,0,13,13,15774,0,0,2,4,15774,2,L2,2,13,0,0,13,0,0,2,4,2,2,2,1,1,13,0,0,13,0,0,0,0,results/final_unified_live_v1_claimref_fix_20260911/runs/w0282/result.json,b911f304b4d37f5fe385914f46835b8b4e55016aedd00fb861e91fbbed8c04aa,6,15,0,2,claimref_fix,completed,15,reused_org_independent,4,2,0,,0,0,0,2,2,2,2,15,0,w0282
0,0,0,0,business-0,intermediate_retraction,13,3,10,0,3,0b6d3e18cbcb3293bcbdf1d1ecde52ed2a78a38896ab7b02cde00c7d7372224c,final-v1:reused_org_independent:intermediate_retraction:business-0,main,283,0,0,0,13,13,16192,0,0,2,4,16192,2,L3,3,13,0,0,13,0,0,2,4,2,0,0,0,0,13,0,0,13,0,0,0,0,results/final_unified_live_v1_claimref_fix_20260911/runs/w0283/result.json,db4ee997de9961b8de93f8ee5de98ea0418e2172faf74283e5a2b07071637cab,6,15,0,2,claimref_fix,completed,21,reused_org_independent,4,3,0,,0,0,0,2,2,0,0,15,0,w0283
0,0,0,0,business-0,intermediate_retraction,14,0,7,11,0,0b6d3e18cbcb3293bcbdf1d1ecde52ed2a78a38896ab7b02cde00c7d7372224c,final-v1:reused_org_independent:intermediate_retraction:business-0,main,284,0,0,0,14,14,20147,0,0,2,4,20147,2,L4,5,14,15284,4,13,0,0,2,4,2,0,0,0,0,14,0,0,14,0,0,0,0,results/final_unified_live_v1_claimref_fix_20260911/runs/w0284/result.json,be620ca749295316208f5835db2819f56e3a58d50d04e98263336cbc965d87f7,6,15,0,2,claimref_fix,completed,13,reused_org_independent,4,5,0,,0,0,0,2,2,0,0,15,0,w0284
0,0,0,0,business-1,intermediate_retraction,13,0,11,0,4,3fda8772ae2762e219adbbda5c15ad85b7e0c60d883761cfb699796004bc8f1c,final-v1:reused_org_independent:intermediate_retraction:business-1,main,285,0,0,0,13,13,10047,0,0,2,4,10047,2,L0,2,13,0,0,13,0,0,2,4,2,2,2,1,1,13,0,0,13,0,0,0,0,results/final_unified_live_v1_claimref_fix_20260911/runs/w0285/result.json,56fcb93a8b68f2bbeeee505d1bd5f64c5b9431f92e7922350cd33dcd10d6abe4,0,15,0,2,claimref_fix,completed,0,reused_org_independent,4,2,0,,0,0,0,2,2,2,2,0,0,w0285
0,0,0,0,business-1,intermediate_retraction,13,0,11,0,4,3fda8772ae2762e219adbbda5c15ad85b7e0c60d883761cfb699796004bc8f1c,final-v1:reused_org_independent:intermediate_retraction:business-1,main,286,0,0,0,13,13,15563,0,0,2,4,15563,2,L1,2,13,0,0,13,0,0,2,4,2,2,2,1,1,13,0,0,13,0,0,0,0,results/final_unified_live_v1_claimref_fix_20260911/runs/w0286/result.json,9324bb7164651f1d543b2512891c5565313dedf5fa4eeb9f61cbbe1b24bdd62f,6,15,0,2,claimref_fix,completed,0,reused_org_independent,4,2,0,,0,0,0,2,2,2,2,15,0,w0286
0,0,0,0,business-1,intermediate_retraction,13,0,11,0,4,3fda8772ae2762e219adbbda5c15ad85b7e0c60d883761cfb699796004bc8f1c,final-v1:reused_org_independent:intermediate_retraction:business-1,main,287,0,0,0,13,13,15534,0,0,2,4,15534,2,L2,2,13,0,0,13,0,0,2,4,2,2,2,1,1,13,0,0,13,0,0,0,0,results/final_unified_live_v1_claimref_fix_20260911/runs/w0287/result.json,9701b55255e69ceb90ece1b12066fd79cfd8a8faeacb8f5a2810c1095a47f18d,6,15,0,2,claimref_fix,completed,15,reused_org_independent,4,2,0,,0,0,0,2,2,2,2,15,0,w0287
0,0,0,0,business-1,intermediate_retraction,13,3,10,0,3,3fda8772ae2762e219adbbda5c15ad85b7e0c60d883761cfb699796004bc8f1c,final-v1:reused_org_independent:intermediate_retraction:business-1,main,288,0,0,0,13,13,16211,0,0,2,4,16211,2,L3,3,13,0,0,13,0,0,2,4,2,0,0,0,0,13,0,0,13,0,0,0,0,results/final_unified_live_v1_claimref_fix_20260911/runs/w0288/result.json,572d23665a39479796af9b77ff6256b98a1ba398372c6b56f737f6dd04db2dc8,6,15,0,2,claimref_fix,completed,19,reused_org_independent,4,3,0,,0,0,0,2,2,0,0,15,0,w0288
0,0,0,0,business-1,intermediate_retraction,14,1,8,11,1,3fda8772ae2762e219adbbda5c15ad85b7e0c60d883761cfb699796004bc8f1c,final-v1:reused_org_independent:intermediate_retraction:business-1,main,289,0,0,0,14,14,23142,0,0,2,4,23142,2,L4,5,14,15284,4,13,0,0,2,4,2,0,0,0,0,14,0,0,14,0,0,0,0,results/final_unified_live_v1_claimref_fix_20260911/runs/w0289/result.json,47646e7742e04dca70e40aa45922686e52171aa69ac1340d94bf320edce361c0,6,15,0,2,claimref_fix,completed,13,reused_org_independent,4,5,0,,0,0,0,2,2,0,0,15,0,w0289
0,0,0,0,business-0,branch_retraction,13,0,12,0,1,03ea721315e0ff289570284bf6a8e820db3e12696b0ca744301e405639f1e376,final-v1:reused_org_independent:branch_retraction:business-0,main,290,0,0,0,13,13,10044,0,0,1,4,10044,3,L0,1,13,0,0,13,0,0,1,4,3,0,0,0,0,13,0,0,13,0,0,0,0,results/final_unified_live_v1_provider_retry_20260911/runs/w0290/result.json,7737122ce576581eb1c814e094a24d6e45b6b4662985d54424348f5be42c0de8,0,15,0,3,provider_retry,completed,0,reused_org_independent,4,1,0,,0,0,0,3,3,1,1,0,0,w0290
0,0,0,0,business-0,branch_retraction,13,0,12,0,1,03ea721315e0ff289570284bf6a8e820db3e12696b0ca744301e405639f1e376,final-v1:reused_org_independent:branch_retraction:business-0,main,291,0,0,0,13,13,15766,0,0,1,4,15766,3,L1,1,13,0,0,13,0,0,1,4,3,0,0,0,0,13,0,0,13,0,0,0,0,results/final_unified_live_v1_claimref_fix_20260911/runs/w0291/result.json,1519e26425c9824d17821c84a13278cce647e53dce802cdc14342b661037cd85,6,15,0,3,claimref_fix,completed,0,reused_org_independent,4,1,0,,0,0,0,3,3,1,1,15,0,w0291
0,0,0,0,business-0,branch_retraction,14,0,12,0,1,03ea721315e0ff289570284bf6a8e820db3e12696b0ca744301e405639f1e376,final-v1:reused_org_independent:branch_retraction:business-0,main,292,0,0,0,14,14,19050,0,0,1,4,19050,3,L2,1,14,0,0,13,0,0,1,4,3,0,0,0,0,14,0,0,14,0,0,0,0,results/final_unified_live_v1_claimref_fix_20260911/runs/w0292/result.json,8b30baa81d6191c48112d5d73c95cc4ed7a5dc4b27c603b69b05ad8d99fa633e,6,15,0,3,claimref_fix,completed,16,reused_org_independent,4,1,0,,0,0,0,3,3,1,1,15,0,w0292
0,0,0,0,business-0,branch_retraction,13,1,12,0,1,03ea721315e0ff289570284bf6a8e820db3e12696b0ca744301e405639f1e376,final-v1:reused_org_independent:branch_retraction:business-0,main,293,0,0,0,13,13,15802,0,0,1,4,15802,3,L3,1,13,0,0,13,0,0,1,4,3,0,0,0,0,13,0,0,13,0,0,0,0,results/final_unified_live_v1_claimref_fix_20260911/runs/w0293/result.json,5ea5e4923b484619e987a5f14bf0f04fcda5e08a55f2be91abcb7897708214ef,6,15,0,3,claimref_fix,completed,25,reused_org_independent,4,1,0,,0,0,0,3,3,0,0,15,0,w0293
0,0,0,0,business-0,branch_retraction,13,0,11,21,0,03ea721315e0ff289570284bf6a8e820db3e12696b0ca744301e405639f1e376,final-v1:reused_org_independent:branch_retraction:business-0,main,294,0,0,0,13,13,15997,0,0,1,4,15997,3,L4,2,13,4088,1,13,0,0,1,4,3,0,0,0,0,13,0,0,13,0,0,0,0,results/final_unified_live_v1_claimref_fix_20260911/runs/w0294/result.json,ccc5a6898adf6dd53fee3ff2649b45e549ed114cd4990408cf992ccf4ee0ec77,6,15,0,3,claimref_fix,completed,24,reused_org_independent,4,2,0,,0,0,0,3,3,0,0,15,0,w0294
0,0,0,0,business-1,branch_retraction,13,0,12,0,1,36c8773ab9d4a122c36307bb466b5ad62a2e654f855c97a9542851f19e3ec4a7,final-v1:reused_org_independent:branch_retraction:business-1,main,295,0,0,0,13,13,10029,0,0,1,4,10029,3,L0,1,13,0,0,13,0,0,1,4,3,0,0,0,0,13,0,0,13,0,0,0,0,results/final_unified_live_v1_claimref_fix_20260911/runs/w0295/result.json,395d34ee2f130474c02f8cdbc9c2b0f1d29a2bade5230fa1e32cecf88a3d5fb3,0,15,0,3,claimref_fix,completed,0,reused_org_independent,4,1,0,,0,0,0,3,3,1,1,0,0,w0295
0,0,0,0,business-1,branch_retraction,13,0,12,0,1,36c8773ab9d4a122c36307bb466b5ad62a2e654f855c97a9542851f19e3ec4a7,final-v1:reused_org_independent:branch_retraction:business-1,main,296,0,0,0,13,13,16113,0,0,1,4,16113,3,L1,1,13,0,0,13,0,0,1,4,3,0,0,0,0,13,0,0,13,0,0,0,0,results/final_unified_live_v1_contract_cleanup_20260911/runs/w0296/result.json,467e9e71d401a04299aff9e0da154bb282dde8b6de37df4acc5b7b216def41a0,6,15,0,3,contract_cleanup,completed,0,reused_org_independent,4,1,0,,0,0,0,3,3,1,1,15,0,w0296
0,0,0,0,business-1,branch_retraction,13,0,12,0,1,36c8773ab9d4a122c36307bb466b5ad62a2e654f855c97a9542851f19e3ec4a7,final-v1:reused_org_independent:branch_retraction:business-1,main,297,0,0,0,13,13,15735,0,0,1,4,15735,3,L2,1,13,0,0,13,0,0,1,4,3,0,0,0,0,13,0,0,13,0,0,0,0,results/final_unified_live_v1_claimref_fix_20260911/runs/w0297/result.json,e6cf968b9e75f03d056f692a21cd3854e3d7c13bda56a82bb9086072d286997c,6,15,0,3,claimref_fix,completed,16,reused_org_independent,4,1,0,,0,0,0,3,3,1,1,15,0,w0297
0,0,0,0,business-1,branch_retraction,13,1,12,0,1,36c8773ab9d4a122c36307bb466b5ad62a2e654f855c97a9542851f19e3ec4a7,final-v1:reused_org_independent:branch_retraction:business-1,main,298,0,0,0,13,13,15922,0,0,1,4,15922,3,L3,1,13,0,0,13,0,0,1,4,3,0,0,0,0,13,0,0,13,0,0,0,0,results/final_unified_live_v1_claimref_fix_20260911/runs/w0298/result.json,fa328b320c689582928e291e81f72f26cd12ed3ce44ff2a2ccc0f251b789ef13,6,15,0,3,claimref_fix,completed,25,reused_org_independent,4,1,0,,0,0,0,3,3,0,0,15,0,w0298
0,0,0,0,business-1,branch_retraction,13,0,11,21,0,36c8773ab9d4a122c36307bb466b5ad62a2e654f855c97a9542851f19e3ec4a7,final-v1:reused_org_independent:branch_retraction:business-1,main,299,0,0,0,13,13,16029,0,0,1,4,16029,3,L4,2,13,4088,1,13,0,0,1,4,3,0,0,0,0,13,0,0,13,0,0,0,0,results/final_unified_live_v1_claimref_fix_20260911/runs/w0299/result.json,f5da519905e529288d2784b55d9d099d2771b2709ad13000b9ec44d96af8a574,6,15,0,3,claimref_fix,completed,24,reused_org_independent,4,2,0,,0,0,0,3,3,0,0,15,0,w0299
0,0,0,0,business-0,late_notice,13,0,11,0,4,c76c7931d1a59d9581b73d6e54433e527bacbe18a0e4af13bb931b2d2c4745af,final-v1:reused_org_independent:late_notice:business-0,main,300,0,0,0,13,13,10015,0,0,2,4,10015,2,L0,2,13,0,0,13,0,0,2,4,2,2,2,1,1,13,0,0,13,0,0,0,0,results/final_unified_live_v1_claimref_fix_20260911/runs/w0300/result.json,026998a7f135f59ad584f9d497959374c426383c1067e7f5914184fe00b821ca,0,15,0,2,claimref_fix,completed,0,reused_org_independent,4,2,0,,0,0,0,2,2,2,2,0,0,w0300
0,0,0,0,business-0,late_notice,13,0,11,0,4,c76c7931d1a59d9581b73d6e54433e527bacbe18a0e4af13bb931b2d2c4745af,final-v1:reused_org_independent:late_notice:business-0,main,301,0,0,0,13,13,15980,0,0,2,4,15980,2,L1,2,13,0,0,13,0,0,2,4,2,2,2,1,1,13,0,0,13,0,0,0,0,results/final_unified_live_v1_claimref_fix_20260911/runs/w0301/result.json,5983f9591eee66de3fda32d5e871eb286ad5b44a80a38e59c2611a612d378d85,6,15,0,2,claimref_fix,completed,0,reused_org_independent,4,2,0,,0,0,0,2,2,2,2,15,0,w0301
0,0,0,0,business-0,late_notice,13,0,11,0,4,c76c7931d1a59d9581b73d6e54433e527bacbe18a0e4af13bb931b2d2c4745af,final-v1:reused_org_independent:late_notice:business-0,main,302,0,0,0,13,13,15826,0,0,2,4,15826,2,L2,2,13,0,0,13,0,0,2,4,2,2,2,1,1,13,0,0,13,0,0,0,0,results/final_unified_live_v1_claimref_fix_20260911/runs/w0302/result.json,6698480e409a22a78db21d4a9c71b5b3705f56db84cf19c4fc8a58ddb6fa80ab,6,15,0,2,claimref_fix,completed,15,reused_org_independent,4,2,0,,0,0,0,2,2,2,2,15,0,w0302
0,0,0,0,business-0,late_notice,14,3,10,0,3,c76c7931d1a59d9581b73d6e54433e527bacbe18a0e4af13bb931b2d2c4745af,final-v1:reused_org_independent:late_notice:business-0,main,303,0,0,0,14,14,22683,0,0,2,4,22683,2,L3,3,14,0,0,13,0,0,2,4,2,0,0,0,0,14,0,0,14,0,0,0,0,results/final_unified_live_v1_provider_retry_20260911/runs/w0303/result.json,cafaa562c0fc69273ac055d36f05c776767de8b8b82d0fd46b1136ce7e9705d0,6,15,0,2,provider_retry,completed,19,reused_org_independent,4,3,0,,0,0,0,2,2,0,0,15,0,w0303
0,0,0,0,business-0,late_notice,13,3,10,11,3,c76c7931d1a59d9581b73d6e54433e527bacbe18a0e4af13bb931b2d2c4745af,final-v1:reused_org_independent:late_notice:business-0,main,304,0,0,0,13,13,16468,0,0,2,4,16468,2,L4,3,13,14972,4,13,0,0,2,4,2,0,0,0,0,13,0,0,13,0,0,0,0,results/final_unified_live_v1_claimref_fix_20260911/runs/w0304/result.json,64826afa41c9ace8571f6507a68345050a5da3f80fa454d27ba757420af805c5,6,15,0,2,claimref_fix,completed,19,reused_org_independent,4,3,0,,0,0,0,2,2,0,0,15,0,w0304
0,0,0,0,business-1,late_notice,13,0,11,0,4,47d3907c64cbcfcbdfc72ea2f6c8686e23ac4afb429fa2d1428d10fc032bdd82,final-v1:reused_org_independent:late_notice:business-1,main,305,0,0,0,13,13,9997,0,0,2,4,9997,2,L0,2,13,0,0,13,0,0,2,4,2,2,2,1,1,13,0,0,13,0,0,0,0,results/final_unified_live_v1_claimref_fix_20260911/runs/w0305/result.json,a5df7c9752dad715915fa08f5794af9e894e2d15fa64b79b15c83b8dbed83c8a,0,15,0,2,claimref_fix,completed,0,reused_org_independent,4,2,0,,0,0,0,2,2,2,2,0,0,w0305
0,0,0,0,business-1,late_notice,13,0,11,0,4,47d3907c64cbcfcbdfc72ea2f6c8686e23ac4afb429fa2d1428d10fc032bdd82,final-v1:reused_org_independent:late_notice:business-1,main,306,0,0,0,13,13,16223,0,0,2,4,16223,2,L1,2,13,0,0,13,0,0,2,4,2,2,2,1,1,13,0,0,13,0,0,0,0,results/final_unified_live_v1_claimref_fix_20260911/runs/w0306/result.json,9880f7d23d7b875cb3aba0602ba0efbb2fd7ffdb2b84920b79d9ce1b5d8cdd7a,6,15,0,2,claimref_fix,completed,0,reused_org_independent,4,2,0,,0,0,0,2,2,2,2,15,0,w0306
0,0,0,0,business-1,late_notice,13,0,11,0,4,47d3907c64cbcfcbdfc72ea2f6c8686e23ac4afb429fa2d1428d10fc032bdd82,final-v1:reused_org_independent:late_notice:business-1,main,307,0,0,0,13,13,15891,0,0,2,4,15891,2,L2,2,13,0,0,13,0,0,2,4,2,2,2,1,1,13,0,0,13,0,0,0,0,results/final_unified_live_v1_claimref_fix_20260911/runs/w0307/result.json,ecb5fd231aa38305b196684544d9b358af46cf50169b7f7f7b7a073eb8306cfd,6,15,0,2,claimref_fix,completed,15,reused_org_independent,4,2,0,,0,0,0,2,2,2,2,15,0,w0307
0,0,0,0,business-1,late_notice,14,4,11,0,4,47d3907c64cbcfcbdfc72ea2f6c8686e23ac4afb429fa2d1428d10fc032bdd82,final-v1:reused_org_independent:late_notice:business-1,main,308,0,0,0,14,14,23208,0,0,2,4,23208,2,L3,2,14,0,0,13,0,0,2,4,2,0,0,0,0,14,0,0,14,0,0,0,0,results/final_unified_live_v1_claimref_fix_20260911/runs/w0308/result.json,59e6c53e1db76772cf37c073f9da9a1b6e28672ac213fae406b2ea172a39d094,6,15,0,2,claimref_fix,completed,21,reused_org_independent,4,2,0,,0,0,0,2,2,0,0,15,0,w0308
0,0,0,0,business-1,late_notice,13,3,10,11,3,47d3907c64cbcfcbdfc72ea2f6c8686e23ac4afb429fa2d1428d10fc032bdd82,final-v1:reused_org_independent:late_notice:business-1,main,309,0,0,0,13,13,16562,0,0,2,4,16562,2,L4,3,13,14972,4,13,0,0,2,4,2,0,0,0,0,13,0,0,13,0,0,0,0,results/final_unified_live_v1_claimref_fix_20260911/runs/w0309/result.json,b77e4e1a6cd7aa3d85bbf62339a5603d3afc6277c49e51b71111733750c70f25,6,15,0,2,claimref_fix,completed,21,reused_org_independent,4,3,0,,0,0,0,2,2,0,0,15,0,w0309
0,0,0,0,business-0,signed_false,13,0,13,0,7,eb4106f1d947d6f48b2520f6f37ed77d34218387dbbc17c2d6e48edda39cd293,final-v1:reused_org_independent:signed_false:business-0,main,310,0,0,0,13,13,10015,0,0,2,4,10015,2,L0,0,13,0,0,13,0,0,2,4,2,2,5,4,3,13,0,0,13,0,0,0,0,results/final_unified_live_v1_claimref_fix_20260911/runs/w0310/result.json,99cd1c3a55bb2fcdcaf2c8088f1f23ec6396b0e63aed7ddacc52d3630c418843,0,15,0,2,claimref_fix,completed,0,reused_org_independent,4,0,0,,0,0,0,2,2,2,2,0,0,w0310
0,0,0,0,business-0,signed_false,13,0,13,0,7,eb4106f1d947d6f48b2520f6f37ed77d34218387dbbc17c2d6e48edda39cd293,final-v1:reused_org_independent:signed_false:business-0,main,311,0,0,0,13,13,15597,0,0,2,4,15597,2,L1,0,13,0,0,13,0,0,2,4,2,2,5,4,3,13,0,0,13,0,0,0,0,results/final_unified_live_v1_claimref_fix_20260911/runs/w0311/result.json,73dbabb4380a2b01c4708fca1a80f4ff24f520b8c6a42fd2fe2c5d8d69304112,6,15,0,2,claimref_fix,completed,0,reused_org_independent,4,0,0,,0,0,0,2,2,2,2,15,0,w0311
0,0,0,0,business-0,signed_false,13,0,13,0,7,eb4106f1d947d6f48b2520f6f37ed77d34218387dbbc17c2d6e48edda39cd293,final-v1:reused_org_independent:signed_false:business-0,main,312,0,0,0,13,13,15746,0,0,2,4,15746,2,L2,0,13,0,0,13,0,0,2,4,2,2,5,4,3,13,0,0,13,0,0,0,0,results/final_unified_live_v1_claimref_fix_20260911/runs/w0312/result.json,f5485a238245de9de664914d4b6c42f3a9d7cc39693d9f6fc1e247991155e0f5,6,15,0,2,claimref_fix,completed,17,reused_org_independent,4,0,0,,0,0,0,2,2,2,2,15,0,w0312
0,0,0,0,business-0,signed_false,13,0,13,0,7,eb4106f1d947d6f48b2520f6f37ed77d34218387dbbc17c2d6e48edda39cd293,final-v1:reused_org_independent:signed_false:business-0,main,313,0,0,0,13,13,15701,0,0,2,4,15701,2,L3,0,13,0,0,13,0,0,2,4,2,2,5,4,3,13,0,0,13,0,0,0,0,results/final_unified_live_v1_claimref_fix_20260911/runs/w0313/result.json,e1cb738327653e427dc5b94769be7fde03f995ea15478082745cf7612e934dec,6,15,0,2,claimref_fix,completed,31,reused_org_independent,4,0,0,,0,0,0,2,2,2,2,15,0,w0313
0,0,0,0,business-0,signed_false,13,7,13,11,7,eb4106f1d947d6f48b2520f6f37ed77d34218387dbbc17c2d6e48edda39cd293,final-v1:reused_org_independent:signed_false:business-0,main,314,0,0,0,13,13,16228,0,0,2,4,16228,2,L4,0,13,21384,5,13,0,0,2,4,2,0,0,0,0,13,0,0,13,0,0,0,0,results/final_unified_live_v1_contract_cleanup_20260911/runs/w0314/result.json,8ba2905757880edeaca4f1bc1b22883077f7c61cd1ed906321466cbef79d82e8,6,15,0,2,contract_cleanup,completed,21,reused_org_independent,4,0,0,,0,0,0,2,2,0,0,15,0,w0314
0,0,0,0,business-1,signed_false,13,0,13,0,7,30f35214cf2b09535bd1853eecc4ec204d88040b7e2d4e708c8aa892fbf0793e,final-v1:reused_org_independent:signed_false:business-1,main,315,0,0,0,13,13,10064,0,0,2,4,10064,2,L0,0,13,0,0,13,0,0,2,4,2,2,5,4,3,13,0,0,13,0,0,0,0,results/final_unified_live_v1_claimref_fix_20260911/runs/w0315/result.json,008ab097cea2ac5df1887adada117df87ff2398efa9d1b8a7a3f4d4421d6e2c4,0,15,0,2,claimref_fix,completed,0,reused_org_independent,4,0,0,,0,0,0,2,2,2,2,0,0,w0315
0,0,0,0,business-1,signed_false,13,0,13,0,7,30f35214cf2b09535bd1853eecc4ec204d88040b7e2d4e708c8aa892fbf0793e,final-v1:reused_org_independent:signed_false:business-1,main,316,0,0,0,13,13,15651,0,0,2,4,15651,2,L1,0,13,0,0,13,0,0,2,4,2,2,5,4,3,13,0,0,13,0,0,0,0,results/final_unified_live_v1_claimref_fix_20260911/runs/w0316/result.json,97c4267e50e4a723e260db6cfcfc1a595656150a942b114be4df395f606e4f08,6,15,0,2,claimref_fix,completed,0,reused_org_independent,4,0,0,,0,0,0,2,2,2,2,15,0,w0316
0,0,0,0,business-1,signed_false,13,0,13,0,7,30f35214cf2b09535bd1853eecc4ec204d88040b7e2d4e708c8aa892fbf0793e,final-v1:reused_org_independent:signed_false:business-1,main,317,0,0,0,13,13,15519,0,0,2,4,15519,2,L2,0,13,0,0,13,0,0,2,4,2,2,5,4,3,13,0,0,13,0,0,0,0,results/final_unified_live_v1_claimref_fix_20260911/runs/w0317/result.json,2cd81bf4c81671f26a997da4cd694eeda8b205806907909e7de6e6703b065be9,6,15,0,2,claimref_fix,completed,17,reused_org_independent,4,0,0,,0,0,0,2,2,2,2,15,0,w0317
0,0,0,0,business-1,signed_false,13,0,13,0,7,30f35214cf2b09535bd1853eecc4ec204d88040b7e2d4e708c8aa892fbf0793e,final-v1:reused_org_independent:signed_false:business-1,main,318,0,0,0,13,13,15534,0,0,2,4,15534,2,L3,0,13,0,0,13,0,0,2,4,2,2,5,4,3,13,0,0,13,0,0,0,0,results/final_unified_live_v1_claimref_fix_20260911/runs/w0318/result.json,509f488f55b2f62b0cc5d74536222c8f66bae7d5679ed4ae1cc4ec1e85de5141,6,15,0,2,claimref_fix,completed,31,reused_org_independent,4,0,0,,0,0,0,2,2,2,2,15,0,w0318
0,0,0,0,business-1,signed_false,13,7,13,11,7,30f35214cf2b09535bd1853eecc4ec204d88040b7e2d4e708c8aa892fbf0793e,final-v1:reused_org_independent:signed_false:business-1,main,319,0,0,0,13,13,15623,0,0,2,4,15623,2,L4,0,13,21384,5,13,0,0,2,4,2,0,0,0,0,13,0,0,13,0,0,0,0,results/final_unified_live_v1_claimref_fix_20260911/runs/w0319/result.json,77f233b3f23d3bad93d41a8c2547a4e8cd921c142f941faba817457f2aacb9c0,6,15,0,2,claimref_fix,completed,21,reused_org_independent,4,0,0,,0,0,0,2,2,0,0,15,0,w0319
0,0,0,0,business-0,conflicting_sources,15,0,11,2,5,331e278edc8a5ee4d48c70470b8ebb1bc12aa4a3cc9bad36c32f53a3ea63f8d8,final-v1:reused_org_independent:conflicting_sources:business-0,main,320,0,0,0,15,15,12113,0,0,2,4,12113,2,L0,2,15,0,0,13,0,0,2,4,2,2,4,3,2,15,0,0,15,0,0,0,0,results/final_unified_live_v1_claimref_fix_20260911/runs/w0320/result.json,3bf5051962f7d2e544dba30edcbf64ab807e2574cff13b999aa56fbfeefc6d33,0,17,0,2,claimref_fix,completed,2,reused_org_independent,4,2,0,,0,0,0,2,2,1,1,0,0,w0320
0,0,0,0,business-0,conflicting_sources,13,0,13,0,7,331e278edc8a5ee4d48c70470b8ebb1bc12aa4a3cc9bad36c32f53a3ea63f8d8,final-v1:reused_org_independent:conflicting_sources:business-0,main,321,0,0,0,13,13,16281,0,0,2,4,16281,2,L1,0,13,0,0,13,0,0,2,4,2,2,5,4,3,13,0,0,13,0,0,0,0,results/final_unified_live_v1_claimref_fix_20260911/runs/w0321/result.json,ab456135f0b5ec790a9c119efd65d3253cacc356cf5b9e4353a2f177c9b53f6a,7,17,0,2,claimref_fix,completed,0,reused_org_independent,4,0,0,,0,0,0,2,2,2,2,17,0,w0321
0,0,0,0,business-0,conflicting_sources,13,0,13,0,7,331e278edc8a5ee4d48c70470b8ebb1bc12aa4a3cc9bad36c32f53a3ea63f8d8,final-v1:reused_org_independent:conflicting_sources:business-0,main,322,0,0,0,13,13,16395,0,0,2,4,16395,2,L2,0,13,0,0,13,0,0,2,4,2,2,5,4,3,13,0,0,13,0,0,0,0,results/final_unified_live_v1_claimref_fix_20260911/runs/w0322/result.json,ec0199b94e760d80f902cef542556abb6308821463b3448adb0a6647ee68f56b,7,17,0,2,claimref_fix,completed,17,reused_org_independent,4,0,0,,0,0,0,2,2,2,2,17,0,w0322
0,0,0,0,business-0,conflicting_sources,13,0,13,0,7,331e278edc8a5ee4d48c70470b8ebb1bc12aa4a3cc9bad36c32f53a3ea63f8d8,final-v1:reused_org_independent:conflicting_sources:business-0,main,323,0,0,0,13,13,16207,0,0,2,4,16207,2,L3,0,13,0,0,13,0,0,2,4,2,2,5,4,3,13,0,0,13,0,0,0,0,results/final_unified_live_v1_claimref_fix_20260911/runs/w0323/result.json,2f0c1f83d76af65bfb4d3303b831ca00765782d655882447a7345df1b0ea872c,7,17,0,2,claimref_fix,completed,31,reused_org_independent,4,0,0,,0,0,0,2,2,2,2,17,0,w0323
0,0,0,0,business-0,conflicting_sources,13,7,13,11,7,331e278edc8a5ee4d48c70470b8ebb1bc12aa4a3cc9bad36c32f53a3ea63f8d8,final-v1:reused_org_independent:conflicting_sources:business-0,main,324,0,0,0,13,13,16652,0,0,2,4,16652,2,L4,0,13,21601,5,13,0,0,2,4,2,0,0,0,0,13,0,0,13,0,0,0,0,results/final_unified_live_v1_claimref_fix_20260911/runs/w0324/result.json,e1e577bfce15fff6a2298a04c91ecf6969aeb59cc360c3850a457c505432008b,7,17,0,2,claimref_fix,completed,29,reused_org_independent,4,0,0,,0,0,0,2,2,0,0,17,0,w0324
0,0,0,0,business-1,conflicting_sources,13,0,11,0,6,1f0a48f6be769738f8e24e2fcea8a701fb163421b225580de476e40e485ac494,final-v1:reused_org_independent:conflicting_sources:business-1,main,325,0,0,0,13,13,10356,0,0,2,4,10356,2,L0,2,13,0,0,13,0,0,2,4,2,2,4,3,2,13,0,0,13,0,0,0,0,results/final_unified_live_v1_claimref_fix_20260911/runs/w0325/result.json,dd74f6106b6d1984ae479c9af3470ecfbac89313bec2bf80d1ca8e72dc7b9f08,0,17,0,2,claimref_fix,completed,0,reused_org_independent,4,2,0,,0,0,0,2,2,2,2,0,0,w0325
0,0,0,0,business-1,conflicting_sources,13,0,13,0,7,1f0a48f6be769738f8e24e2fcea8a701fb163421b225580de476e40e485ac494,final-v1:reused_org_independent:conflicting_sources:business-1,main,326,0,0,0,13,13,15949,0,0,2,4,15949,2,L1,0,13,0,0,13,0,0,2,4,2,2,5,4,3,13,0,0,13,0,0,0,0,results/final_unified_live_v1_claimref_fix_20260911/runs/w0326/result.json,c6c232d4078034efc0ba0609124d7ef55b857d55fc1b5c789127ba3922e6ea4c,7,17,0,2,claimref_fix,completed,0,reused_org_independent,4,0,0,,0,0,0,2,2,2,2,17,0,w0326
0,0,0,0,business-1,conflicting_sources,13,0,13,0,7,1f0a48f6be769738f8e24e2fcea8a701fb163421b225580de476e40e485ac494,final-v1:reused_org_independent:conflicting_sources:business-1,main,327,0,0,0,13,13,16149,0,0,2,4,16149,2,L2,0,13,0,0,13,0,0,2,4,2,2,5,4,3,13,0,0,13,0,0,0,0,results/final_unified_live_v1_claimref_fix_20260911/runs/w0327/result.json,951c0920fc9c97fd7e0721097e0069ce5cc2283ea90c89aa567b6911c29a3e04,7,17,0,2,claimref_fix,completed,17,reused_org_independent,4,0,0,,0,0,0,2,2,2,2,17,0,w0327
0,0,0,0,business-1,conflicting_sources,13,0,13,0,7,1f0a48f6be769738f8e24e2fcea8a701fb163421b225580de476e40e485ac494,final-v1:reused_org_independent:conflicting_sources:business-1,main,328,0,0,0,13,13,16064,0,0,2,4,16064,2,L3,0,13,0,0,13,0,0,2,4,2,2,5,4,3,13,0,0,13,0,0,0,0,results/final_unified_live_v1_claimref_fix_20260911/runs/w0328/result.json,386ff6464ba581d9c545ce441e521d37a645e51ed5cded6f11b1522fe817948f,7,17,0,2,claimref_fix,completed,31,reused_org_independent,4,0,0,,0,0,0,2,2,2,2,17,0,w0328
0,0,0,0,business-1,conflicting_sources,13,7,13,11,7,1f0a48f6be769738f8e24e2fcea8a701fb163421b225580de476e40e485ac494,final-v1:reused_org_independent:conflicting_sources:business-1,main,329,0,0,0,13,13,16225,0,0,2,4,16225,2,L4,0,13,21591,5,13,0,0,2,4,2,0,0,0,0,13,0,0,13,0,0,0,0,results/final_unified_live_v1_claimref_fix_20260911/runs/w0329/result.json,5cdbef3a7f330d251f3a1586ff71e3e69497019fc502055c5cc4d7af9260519b,7,17,0,2,claimref_fix,completed,31,reused_org_independent,4,0,0,,0,0,0,2,2,0,0,17,0,w0329
0,0,0,0,business-0,confirmed_repair,15,0,13,1,7,81b91478d118213e7f9b1a7471f220f9114fd7db51c332351ef6ccd94ed234ce,final-v1:reused_org_independent:confirmed_repair:business-0,main,330,0,0,0,15,15,11805,0,0,2,4,11805,2,L0,1,15,0,0,13,0,0,2,4,2,2,5,4,3,15,0,0,15,0,0,0,0,results/final_unified_live_v1_claimref_fix_20260911/runs/w0330/result.json,6377fbc3832096f8f4cc51e11dc622ad6b2c650f03477e754b88f47fb5ed4585,0,15,0,2,claimref_fix,completed,2,reused_org_independent,4,1,0,,0,0,0,2,2,2,2,0,0,w0330
0,0,0,0,business-0,confirmed_repair,14,0,13,0,7,81b91478d118213e7f9b1a7471f220f9114fd7db51c332351ef6ccd94ed234ce,final-v1:reused_org_independent:confirmed_repair:business-0,main,331,0,0,0,14,14,16756,0,0,2,4,16756,2,L1,1,14,0,0,13,0,0,2,4,2,2,5,4,3,14,0,0,14,0,0,0,0,results/final_unified_live_v1_claimref_fix_20260911/runs/w0331/result.json,b68eb8cb7cf61a21bef4e438fcc31aa753398e0cdb8c043a57aa8e42e2364edb,6,15,0,2,claimref_fix,completed,0,reused_org_independent,4,1,0,,0,0,0,2,2,2,2,15,0,w0331
0,0,0,0,business-0,confirmed_repair,14,0,13,0,7,81b91478d118213e7f9b1a7471f220f9114fd7db51c332351ef6ccd94ed234ce,final-v1:reused_org_independent:confirmed_repair:business-0,main,332,0,0,0,14,14,16554,0,0,2,4,16554,2,L2,0,14,0,0,13,0,0,2,4,2,2,5,4,3,14,0,0,14,0,0,0,0,results/final_unified_live_v1_claimref_fix_20260911/runs/w0332/result.json,e576c67969a5ceafbf6447feb0fa016db6613bfcb9b325931d3a35bc02d36fa8,6,15,0,2,claimref_fix,completed,17,reused_org_independent,4,0,0,,0,0,0,2,2,2,2,15,0,w0332
0,0,0,0,business-0,confirmed_repair,14,0,13,0,7,81b91478d118213e7f9b1a7471f220f9114fd7db51c332351ef6ccd94ed234ce,final-v1:reused_org_independent:confirmed_repair:business-0,main,333,0,0,0,14,14,16674,0,0,2,4,16674,2,L3,1,14,0,0,13,0,0,2,4,2,2,5,4,3,14,0,0,14,0,0,0,0,results/final_unified_live_v1_claimref_fix_20260911/runs/w0333/result.json,cb4a09dc122620a9498207e0f08bd8d07c9f2dc589397314695e61a73f310563,6,15,0,2,claimref_fix,completed,31,reused_org_independent,4,1,0,,0,0,0,2,2,2,2,15,0,w0333
0,1,0,0,business-0,confirmed_repair,22,7,13,18,7,81b91478d118213e7f9b1a7471f220f9114fd7db51c332351ef6ccd94ed234ce,final-v1:reused_org_independent:confirmed_repair:business-0,main,334,0,0,0,22,22,45765,0,0,2,4,45765,2,L4,0,22,39091,10,15,0,0,2,4,2,0,0,0,0,22,0,0,22,2,0,2,2,results/final_unified_live_v1_claimref_fix_20260911/runs/w0334/result.json,cfcccb02ec85b659659d878309d565c7b9901c139f064aaab93e46ba09325448,7,15,0,4,claimref_fix,completed,41,reused_org_independent,4,0,0,,0,0,0,2,2,0,0,15,0,w0334
0,0,0,0,business-1,confirmed_repair,14,0,13,0,7,94425c76525be82ed57af1994e8b0a9aa6644f0e61f4bca83708425f58fd4e19,final-v1:reused_org_independent:confirmed_repair:business-1,main,335,0,0,0,14,14,10771,0,0,2,4,10771,2,L0,1,14,0,0,13,0,0,2,4,2,2,5,4,3,14,0,0,14,0,0,0,0,results/final_unified_live_v1_claimref_fix_20260911/runs/w0335/result.json,7f23d7740a4c04b1bfd9302ecf5a298880d2322712eb3ab0b5390c9f5db49700,0,15,0,2,claimref_fix,completed,0,reused_org_independent,4,1,0,,0,0,0,2,2,2,2,0,0,w0335
0,0,0,0,business-1,confirmed_repair,14,0,13,0,7,94425c76525be82ed57af1994e8b0a9aa6644f0e61f4bca83708425f58fd4e19,final-v1:reused_org_independent:confirmed_repair:business-1,main,336,0,0,0,14,14,16652,0,0,2,4,16652,2,L1,0,14,0,0,13,0,0,2,4,2,2,5,4,3,14,0,0,14,0,0,0,0,results/final_unified_live_v1_claimref_fix_20260911/runs/w0336/result.json,2e1c6f0e528b9af1fe1e58436486460cb5a058203625d59ccb5ecd43b2ee514f,6,15,0,2,claimref_fix,completed,0,reused_org_independent,4,0,0,,0,0,0,2,2,2,2,15,0,w0336
0,0,0,0,business-1,confirmed_repair,14,0,13,0,7,94425c76525be82ed57af1994e8b0a9aa6644f0e61f4bca83708425f58fd4e19,final-v1:reused_org_independent:confirmed_repair:business-1,main,337,0,0,0,14,14,16783,0,0,2,4,16783,2,L2,0,14,0,0,13,0,0,2,4,2,2,5,4,3,14,0,0,14,0,0,0,0,results/final_unified_live_v1_claimref_fix_20260911/runs/w0337/result.json,e48607262532f8452c13e13e221e7db9ec107a8e80ead2992b2ffd09f2926c86,6,15,0,2,claimref_fix,completed,17,reused_org_independent,4,0,0,,0,0,0,2,2,2,2,15,0,w0337
0,0,0,0,business-1,confirmed_repair,14,0,13,0,7,94425c76525be82ed57af1994e8b0a9aa6644f0e61f4bca83708425f58fd4e19,final-v1:reused_org_independent:confirmed_repair:business-1,main,338,0,0,0,14,14,16345,0,0,2,4,16345,2,L3,1,14,0,0,13,0,0,2,4,2,2,5,4,3,14,0,0,14,0,0,0,0,results/final_unified_live_v1_claimref_fix_20260911/runs/w0338/result.json,c024fee2440bfe66a08e389a917022956dab35c8b46b97124d631c2f5302c584,6,15,0,2,claimref_fix,completed,31,reused_org_independent,4,1,0,,0,0,0,2,2,2,2,15,0,w0338
0,1,0,0,business-1,confirmed_repair,23,7,13,19,7,94425c76525be82ed57af1994e8b0a9aa6644f0e61f4bca83708425f58fd4e19,final-v1:reused_org_independent:confirmed_repair:business-1,main,339,0,0,0,23,23,51517,0,0,2,4,51517,2,L4,0,23,39091,10,15,0,0,2,4,2,0,0,0,0,23,0,0,23,2,0,2,2,results/final_unified_live_v1_claimref_fix_20260911/runs/w0339/result.json,1fa6c9ead0612b1de43f616764e6f7bd4b8de82644f3cad224866cb2a142a394,7,15,0,4,claimref_fix,completed,36,reused_org_independent,4,0,0,,0,0,0,2,2,0,0,15,0,w0339
0,0,0,0,business-0,authority_unknown,14,0,12,1,6,edd34b6fdbcb94dc117de3cb5c12afabf773e58c935786dff8546aab3461ac27,final-v1:reused_org_independent:authority_unknown:business-0,main,340,0,0,0,14,14,10727,0,0,2,4,10727,2,L0,1,14,0,0,13,0,0,2,4,2,1,4,4,3,14,0,0,14,0,0,0,0,results/final_unified_live_v1_claimref_fix_20260911/runs/w0340/result.json,d1f18a5f52234a76f05f44cbddd7473109f15c951d856ef8999a361ae1021f2b,0,15,0,2,claimref_fix,completed,1,reused_org_independent,4,1,0,,0,0,0,2,2,2,2,0,0,w0340
0,0,0,0,business-0,authority_unknown,13,0,13,0,7,edd34b6fdbcb94dc117de3cb5c12afabf773e58c935786dff8546aab3461ac27,final-v1:reused_org_independent:authority_unknown:business-0,main,341,0,0,0,13,13,15802,0,0,2,4,15802,2,L1,0,13,0,0,13,0,0,2,4,2,2,5,4,3,13,0,0,13,0,0,0,0,results/final_unified_live_v1_claimref_fix_20260911/runs/w0341/result.json,4ef286d52cebdc4c1548e74253a4a6f36230810ed6f7d8285b35ace3df606f67,6,15,0,2,claimref_fix,completed,0,reused_org_independent,4,0,0,,0,0,0,2,2,2,2,15,0,w0341
0,0,0,0,business-0,authority_unknown,13,0,13,0,7,edd34b6fdbcb94dc117de3cb5c12afabf773e58c935786dff8546aab3461ac27,final-v1:reused_org_independent:authority_unknown:business-0,main,342,0,0,0,13,13,15770,0,0,2,4,15770,2,L2,0,13,0,0,13,0,0,2,4,2,2,5,4,3,13,0,0,13,0,0,0,0,results/final_unified_live_v1_claimref_fix_20260911/runs/w0342/result.json,99dab79fa2ff142c47cebcf74a1ef51eb241fa5f164a53d5855bb14ef89c2a8d,6,15,0,2,claimref_fix,completed,17,reused_org_independent,4,0,0,,0,0,0,2,2,2,2,15,0,w0342
0,0,0,0,business-0,authority_unknown,13,0,13,0,7,edd34b6fdbcb94dc117de3cb5c12afabf773e58c935786dff8546aab3461ac27,final-v1:reused_org_independent:authority_unknown:business-0,main,343,0,0,0,13,13,15997,0,0,2,4,15997,2,L3,0,13,0,0,13,0,0,2,4,2,2,5,4,3,13,0,0,13,0,0,0,0,results/final_unified_live_v1_claimref_fix_20260911/runs/w0343/result.json,34f427730511be8a510852aba130d995540be2fb5e5717d1cc4a914491e43dcd,6,15,0,2,claimref_fix,completed,31,reused_org_independent,4,0,0,,0,0,0,2,2,2,2,15,0,w0343
0,0,0,0,business-0,authority_unknown,13,7,13,27,7,edd34b6fdbcb94dc117de3cb5c12afabf773e58c935786dff8546aab3461ac27,final-v1:reused_org_independent:authority_unknown:business-0,main,344,0,0,0,13,13,15733,0,0,2,4,15733,2,L4,0,13,0,0,13,0,0,2,4,2,0,0,0,0,13,0,0,13,0,0,0,0,results/final_unified_live_v1_claimref_fix_20260911/runs/w0344/result.json,cbfd7c64c6e47b641d39bf06896c27c1ee6ea30726c4d518d8fedc1512a353fe,6,15,0,2,claimref_fix,completed,31,reused_org_independent,4,0,0,,0,0,0,2,2,0,0,15,0,w0344
0,0,0,0,business-1,authority_unknown,13,0,13,0,7,e1c184b7c4f1e85861aebec2dcd039f5c062c74a29d42efc56246e616f9584b8,final-v1:reused_org_independent:authority_unknown:business-1,main,345,0,0,0,13,13,10042,0,0,2,4,10042,2,L0,0,13,0,0,13,0,0,2,4,2,2,5,4,3,13,0,0,13,0,0,0,0,results/final_unified_live_v1_claimref_fix_20260911/runs/w0345/result.json,97d5a33745c397567396f15a9c39d8e3c70562192b66401904cc087d48e8faeb,0,15,0,2,claimref_fix,completed,0,reused_org_independent,4,0,0,,0,0,0,2,2,2,2,0,0,w0345
0,0,0,0,business-1,authority_unknown,13,0,13,0,7,e1c184b7c4f1e85861aebec2dcd039f5c062c74a29d42efc56246e616f9584b8,final-v1:reused_org_independent:authority_unknown:business-1,main,346,0,0,0,13,13,15721,0,0,2,4,15721,2,L1,0,13,0,0,13,0,0,2,4,2,2,5,4,3,13,0,0,13,0,0,0,0,results/final_unified_live_v1_claimref_fix_20260911/runs/w0346/result.json,7404d2bc5783ebb28a22192353e309aff33a39a8813566c739f4f30653761b36,6,15,0,2,claimref_fix,completed,0,reused_org_independent,4,0,0,,0,0,0,2,2,2,2,15,0,w0346
0,0,0,0,business-1,authority_unknown,13,0,13,0,7,e1c184b7c4f1e85861aebec2dcd039f5c062c74a29d42efc56246e616f9584b8,final-v1:reused_org_independent:authority_unknown:business-1,main,347,0,0,0,13,13,15643,0,0,2,4,15643,2,L2,0,13,0,0,13,0,0,2,4,2,2,5,4,3,13,0,0,13,0,0,0,0,results/final_unified_live_v1_claimref_fix_20260911/runs/w0347/result.json,f1dc75edd8a9bacedc873a18077d11a6b951525f91192a4587ca16061ac7a80b,6,15,0,2,claimref_fix,completed,17,reused_org_independent,4,0,0,,0,0,0,2,2,2,2,15,0,w0347
0,0,0,0,business-1,authority_unknown,13,0,13,0,7,e1c184b7c4f1e85861aebec2dcd039f5c062c74a29d42efc56246e616f9584b8,final-v1:reused_org_independent:authority_unknown:business-1,main,348,0,0,0,13,13,15548,0,0,2,4,15548,2,L3,0,13,0,0,13,0,0,2,4,2,2,5,4,3,13,0,0,13,0,0,0,0,results/final_unified_live_v1_claimref_fix_20260911/runs/w0348/result.json,32c8da51af9879671527d2c48a86e9d2ce78f989932756551cc794d5425ea333,6,15,0,2,claimref_fix,completed,31,reused_org_independent,4,0,0,,0,0,0,2,2,2,2,15,0,w0348
0,0,0,0,business-1,authority_unknown,13,7,13,27,7,e1c184b7c4f1e85861aebec2dcd039f5c062c74a29d42efc56246e616f9584b8,final-v1:reused_org_independent:authority_unknown:business-1,main,349,0,0,0,13,13,15727,0,0,2,4,15727,2,L4,0,13,0,0,13,0,0,2,4,2,0,0,0,0,13,0,0,13,0,0,0,0,results/final_unified_live_v1_claimref_fix_20260911/runs/w0349/result.json,d297f9e4e8864bbb7d6406278c5ea1de390e6d93e645ff8868f32fa2366492a6,6,15,0,2,claimref_fix,completed,31,reused_org_independent,4,0,0,,0,0,0,2,2,0,0,15,0,w0349
