business_variant,case,completed_action_questions,duty_accuracy,duty_accuracy_reason,estimated_routes,execution_id,fault,fixture_id,new_model_calls,new_tokens,observation_bytes,observation_changed_by_fault,proven_notice_then_use,rejected_evidence,source_identity,topology,undetermined,verified_routes,view,workflow_id
business-0,active,16,,no_independent_historical_duty_labels,"{'matched': 22, 'expected': 22, 'predicted': 22, 'false_positive': 0, 'recall': 1.0, 'precision': 1.0}",bea882a5325042f5501d9ff63bec2c4fe9819e6c6e89cd3fb26a9c009fe31675,none,final-v1:long_chain_fork:active:business-0,0,0,737289,False,0,0,"{'matched': 4, 'expected': 4, 'predicted': 4, 'false_positive': 0, 'recall': 1.0, 'precision': 1.0}",long_chain_fork,16,"{'matched': 22, 'expected': 22, 'predicted': 22, 'false_positive': 0, 'recall': 1.0, 'precision': 1.0}",full,w0004
business-0,active,16,,no_independent_historical_duty_labels,"{'matched': 22, 'expected': 22, 'predicted': 22, 'false_positive': 0, 'recall': 1.0, 'precision': 1.0}",bea882a5325042f5501d9ff63bec2c4fe9819e6c6e89cd3fb26a9c009fe31675,none,final-v1:long_chain_fork:active:business-0,0,0,4968,False,0,0,"{'matched': 0, 'expected': 4, 'predicted': 0, 'false_positive': 0, 'recall': 0.0, 'precision': None}",long_chain_fork,16,"{'matched': 0, 'expected': 22, 'predicted': 0, 'false_positive': 0, 'recall': 0.0, 'precision': None}",ordinary_logs,w0004
business-0,active,16,,no_independent_historical_duty_labels,"{'matched': 22, 'expected': 22, 'predicted': 22, 'false_positive': 0, 'recall': 1.0, 'precision': 1.0}",bea882a5325042f5501d9ff63bec2c4fe9819e6c6e89cd3fb26a9c009fe31675,none,final-v1:long_chain_fork:active:business-0,0,0,695873,False,0,0,"{'matched': 4, 'expected': 4, 'predicted': 4, 'false_positive': 0, 'recall': 1.0, 'precision': 1.0}",long_chain_fork,16,"{'matched': 0, 'expected': 22, 'predicted': 0, 'false_positive': 0, 'recall': 0.0, 'precision': None}",no_receipts,w0004
business-0,active,16,,no_independent_historical_duty_labels,"{'matched': 0, 'expected': 22, 'predicted': 0, 'false_positive': 0, 'recall': 0.0, 'precision': None}",bea882a5325042f5501d9ff63bec2c4fe9819e6c6e89cd3fb26a9c009fe31675,none,final-v1:long_chain_fork:active:business-0,0,0,1874,False,0,0,"{'matched': 0, 'expected': 4, 'predicted': 0, 'false_positive': 0, 'recall': 0.0, 'precision': None}",long_chain_fork,16,"{'matched': 0, 'expected': 22, 'predicted': 0, 'false_positive': 0, 'recall': 0.0, 'precision': None}",opaque_relay,w0004
business-0,active,16,,no_independent_historical_duty_labels,"{'matched': 22, 'expected': 22, 'predicted': 22, 'false_positive': 0, 'recall': 1.0, 'precision': 1.0}",bea882a5325042f5501d9ff63bec2c4fe9819e6c6e89cd3fb26a9c009fe31675,missing_link,final-v1:long_chain_fork:active:business-0,0,0,727051,True,0,0,"{'matched': 4, 'expected': 4, 'predicted': 4, 'false_positive': 0, 'recall': 1.0, 'precision': 1.0}",long_chain_fork,16,"{'matched': 22, 'expected': 22, 'predicted': 22, 'false_positive': 0, 'recall': 1.0, 'precision': 1.0}",full,w0004
business-0,active,16,,no_independent_historical_duty_labels,"{'matched': 22, 'expected': 22, 'predicted': 22, 'false_positive': 0, 'recall': 1.0, 'precision': 1.0}",bea882a5325042f5501d9ff63bec2c4fe9819e6c6e89cd3fb26a9c009fe31675,tampered_receipt,final-v1:long_chain_fork:active:business-0,0,0,736650,True,0,1,"{'matched': 4, 'expected': 4, 'predicted': 4, 'false_positive': 0, 'recall': 1.0, 'precision': 1.0}",long_chain_fork,16,"{'matched': 21, 'expected': 22, 'predicted': 21, 'false_positive': 0, 'recall': 0.9545454545454546, 'precision': 1.0}",full,w0004
business-1,active,16,,no_independent_historical_duty_labels,"{'matched': 22, 'expected': 22, 'predicted': 22, 'false_positive': 0, 'recall': 1.0, 'precision': 1.0}",505325ef53740e6c4d8372e3c98e1a11adcbce9718ad2c28b320afb99727a26d,none,final-v1:long_chain_fork:active:business-1,0,0,737307,False,0,0,"{'matched': 4, 'expected': 4, 'predicted': 4, 'false_positive': 0, 'recall': 1.0, 'precision': 1.0}",long_chain_fork,16,"{'matched': 22, 'expected': 22, 'predicted': 22, 'false_positive': 0, 'recall': 1.0, 'precision': 1.0}",full,w0014
business-1,active,16,,no_independent_historical_duty_labels,"{'matched': 22, 'expected': 22, 'predicted': 22, 'false_positive': 0, 'recall': 1.0, 'precision': 1.0}",505325ef53740e6c4d8372e3c98e1a11adcbce9718ad2c28b320afb99727a26d,none,final-v1:long_chain_fork:active:business-1,0,0,4968,False,0,0,"{'matched': 0, 'expected': 4, 'predicted': 0, 'false_positive': 0, 'recall': 0.0, 'precision': None}",long_chain_fork,16,"{'matched': 0, 'expected': 22, 'predicted': 0, 'false_positive': 0, 'recall': 0.0, 'precision': None}",ordinary_logs,w0014
business-1,active,16,,no_independent_historical_duty_labels,"{'matched': 22, 'expected': 22, 'predicted': 22, 'false_positive': 0, 'recall': 1.0, 'precision': 1.0}",505325ef53740e6c4d8372e3c98e1a11adcbce9718ad2c28b320afb99727a26d,none,final-v1:long_chain_fork:active:business-1,0,0,695891,False,0,0,"{'matched': 4, 'expected': 4, 'predicted': 4, 'false_positive': 0, 'recall': 1.0, 'precision': 1.0}",long_chain_fork,16,"{'matched': 0, 'expected': 22, 'predicted': 0, 'false_positive': 0, 'recall': 0.0, 'precision': None}",no_receipts,w0014
business-1,active,16,,no_independent_historical_duty_labels,"{'matched': 0, 'expected': 22, 'predicted': 0, 'false_positive': 0, 'recall': 0.0, 'precision': None}",505325ef53740e6c4d8372e3c98e1a11adcbce9718ad2c28b320afb99727a26d,none,final-v1:long_chain_fork:active:business-1,0,0,1874,False,0,0,"{'matched': 0, 'expected': 4, 'predicted': 0, 'false_positive': 0, 'recall': 0.0, 'precision': None}",long_chain_fork,16,"{'matched': 0, 'expected': 22, 'predicted': 0, 'false_positive': 0, 'recall': 0.0, 'precision': None}",opaque_relay,w0014
business-1,active,16,,no_independent_historical_duty_labels,"{'matched': 22, 'expected': 22, 'predicted': 22, 'false_positive': 0, 'recall': 1.0, 'precision': 1.0}",505325ef53740e6c4d8372e3c98e1a11adcbce9718ad2c28b320afb99727a26d,missing_link,final-v1:long_chain_fork:active:business-1,0,0,727069,True,0,0,"{'matched': 4, 'expected': 4, 'predicted': 4, 'false_positive': 0, 'recall': 1.0, 'precision': 1.0}",long_chain_fork,16,"{'matched': 22, 'expected': 22, 'predicted': 22, 'false_positive': 0, 'recall': 1.0, 'precision': 1.0}",full,w0014
business-1,active,16,,no_independent_historical_duty_labels,"{'matched': 22, 'expected': 22, 'predicted': 22, 'false_positive': 0, 'recall': 1.0, 'precision': 1.0}",505325ef53740e6c4d8372e3c98e1a11adcbce9718ad2c28b320afb99727a26d,tampered_receipt,final-v1:long_chain_fork:active:business-1,0,0,736668,True,0,1,"{'matched': 4, 'expected': 4, 'predicted': 4, 'false_positive': 0, 'recall': 1.0, 'precision': 1.0}",long_chain_fork,16,"{'matched': 21, 'expected': 22, 'predicted': 21, 'false_positive': 0, 'recall': 0.9545454545454546, 'precision': 1.0}",full,w0014
business-0,tampered_handoff,15,,no_independent_historical_duty_labels,"{'matched': 20, 'expected': 20, 'predicted': 20, 'false_positive': 0, 'recall': 1.0, 'precision': 1.0}",73a016ae112f07f35cef18b70cc709663b1ea8045307628ab1c034c9e57708f9,none,final-v1:long_chain_fork:tampered_handoff:business-0,0,0,690266,False,0,3,"{'matched': 4, 'expected': 4, 'predicted': 4, 'false_positive': 0, 'recall': 1.0, 'precision': 1.0}",long_chain_fork,15,"{'matched': 20, 'expected': 20, 'predicted': 20, 'false_positive': 0, 'recall': 1.0, 'precision': 1.0}",full,w0019
business-0,tampered_handoff,15,,no_independent_historical_duty_labels,"{'matched': 20, 'expected': 20, 'predicted': 20, 'false_positive': 0, 'recall': 1.0, 'precision': 1.0}",73a016ae112f07f35cef18b70cc709663b1ea8045307628ab1c034c9e57708f9,none,final-v1:long_chain_fork:tampered_handoff:business-0,0,0,4594,False,0,0,"{'matched': 0, 'expected': 4, 'predicted': 0, 'false_positive': 0, 'recall': 0.0, 'precision': None}",long_chain_fork,15,"{'matched': 0, 'expected': 20, 'predicted': 0, 'false_positive': 0, 'recall': 0.0, 'precision': None}",ordinary_logs,w0019
business-0,tampered_handoff,15,,no_independent_historical_duty_labels,"{'matched': 20, 'expected': 20, 'predicted': 20, 'false_positive': 0, 'recall': 1.0, 'precision': 1.0}",73a016ae112f07f35cef18b70cc709663b1ea8045307628ab1c034c9e57708f9,none,final-v1:long_chain_fork:tampered_handoff:business-0,0,0,652036,False,0,3,"{'matched': 4, 'expected': 4, 'predicted': 4, 'false_positive': 0, 'recall': 1.0, 'precision': 1.0}",long_chain_fork,15,"{'matched': 0, 'expected': 20, 'predicted': 0, 'false_positive': 0, 'recall': 0.0, 'precision': None}",no_receipts,w0019
business-0,tampered_handoff,15,,no_independent_historical_duty_labels,"{'matched': 0, 'expected': 20, 'predicted': 0, 'false_positive': 0, 'recall': 0.0, 'precision': None}",73a016ae112f07f35cef18b70cc709663b1ea8045307628ab1c034c9e57708f9,none,final-v1:long_chain_fork:tampered_handoff:business-0,0,0,1817,False,0,0,"{'matched': 0, 'expected': 4, 'predicted': 0, 'false_positive': 0, 'recall': 0.0, 'precision': None}",long_chain_fork,15,"{'matched': 0, 'expected': 20, 'predicted': 0, 'false_positive': 0, 'recall': 0.0, 'precision': None}",opaque_relay,w0019
business-0,tampered_handoff,15,,no_independent_historical_duty_labels,"{'matched': 20, 'expected': 20, 'predicted': 20, 'false_positive': 0, 'recall': 1.0, 'precision': 1.0}",73a016ae112f07f35cef18b70cc709663b1ea8045307628ab1c034c9e57708f9,missing_link,final-v1:long_chain_fork:tampered_handoff:business-0,0,0,680520,True,0,3,"{'matched': 4, 'expected': 4, 'predicted': 4, 'false_positive': 0, 'recall': 1.0, 'precision': 1.0}",long_chain_fork,15,"{'matched': 20, 'expected': 20, 'predicted': 20, 'false_positive': 0, 'recall': 1.0, 'precision': 1.0}",full,w0019
business-0,tampered_handoff,15,,no_independent_historical_duty_labels,"{'matched': 20, 'expected': 20, 'predicted': 20, 'false_positive': 0, 'recall': 1.0, 'precision': 1.0}",73a016ae112f07f35cef18b70cc709663b1ea8045307628ab1c034c9e57708f9,tampered_receipt,final-v1:long_chain_fork:tampered_handoff:business-0,0,0,689617,True,0,4,"{'matched': 4, 'expected': 4, 'predicted': 4, 'false_positive': 0, 'recall': 1.0, 'precision': 1.0}",long_chain_fork,15,"{'matched': 19, 'expected': 20, 'predicted': 19, 'false_positive': 0, 'recall': 0.95, 'precision': 1.0}",full,w0019
business-1,tampered_handoff,15,,no_independent_historical_duty_labels,"{'matched': 20, 'expected': 20, 'predicted': 20, 'false_positive': 0, 'recall': 1.0, 'precision': 1.0}",cdc8f905ff5702b56fa819083880b3da369153731c6ed451d923a0719200011c,none,final-v1:long_chain_fork:tampered_handoff:business-1,0,0,704651,False,0,3,"{'matched': 4, 'expected': 4, 'predicted': 4, 'false_positive': 0, 'recall': 1.0, 'precision': 1.0}",long_chain_fork,15,"{'matched': 20, 'expected': 20, 'predicted': 20, 'false_positive': 0, 'recall': 1.0, 'precision': 1.0}",full,w0029
business-1,tampered_handoff,15,,no_independent_historical_duty_labels,"{'matched': 20, 'expected': 20, 'predicted': 20, 'false_positive': 0, 'recall': 1.0, 'precision': 1.0}",cdc8f905ff5702b56fa819083880b3da369153731c6ed451d923a0719200011c,none,final-v1:long_chain_fork:tampered_handoff:business-1,0,0,4594,False,0,0,"{'matched': 0, 'expected': 4, 'predicted': 0, 'false_positive': 0, 'recall': 0.0, 'precision': None}",long_chain_fork,15,"{'matched': 0, 'expected': 20, 'predicted': 0, 'false_positive': 0, 'recall': 0.0, 'precision': None}",ordinary_logs,w0029
business-1,tampered_handoff,15,,no_independent_historical_duty_labels,"{'matched': 20, 'expected': 20, 'predicted': 20, 'false_positive': 0, 'recall': 1.0, 'precision': 1.0}",cdc8f905ff5702b56fa819083880b3da369153731c6ed451d923a0719200011c,none,final-v1:long_chain_fork:tampered_handoff:business-1,0,0,666421,False,0,3,"{'matched': 4, 'expected': 4, 'predicted': 4, 'false_positive': 0, 'recall': 1.0, 'precision': 1.0}",long_chain_fork,15,"{'matched': 0, 'expected': 20, 'predicted': 0, 'false_positive': 0, 'recall': 0.0, 'precision': None}",no_receipts,w0029
business-1,tampered_handoff,15,,no_independent_historical_duty_labels,"{'matched': 0, 'expected': 20, 'predicted': 0, 'false_positive': 0, 'recall': 0.0, 'precision': None}",cdc8f905ff5702b56fa819083880b3da369153731c6ed451d923a0719200011c,none,final-v1:long_chain_fork:tampered_handoff:business-1,0,0,1817,False,0,0,"{'matched': 0, 'expected': 4, 'predicted': 0, 'false_positive': 0, 'recall': 0.0, 'precision': None}",long_chain_fork,15,"{'matched': 0, 'expected': 20, 'predicted': 0, 'false_positive': 0, 'recall': 0.0, 'precision': None}",opaque_relay,w0029
business-1,tampered_handoff,15,,no_independent_historical_duty_labels,"{'matched': 20, 'expected': 20, 'predicted': 20, 'false_positive': 0, 'recall': 1.0, 'precision': 1.0}",cdc8f905ff5702b56fa819083880b3da369153731c6ed451d923a0719200011c,missing_link,final-v1:long_chain_fork:tampered_handoff:business-1,0,0,693587,True,0,3,"{'matched': 4, 'expected': 4, 'predicted': 4, 'false_positive': 0, 'recall': 1.0, 'precision': 1.0}",long_chain_fork,15,"{'matched': 20, 'expected': 20, 'predicted': 20, 'false_positive': 0, 'recall': 1.0, 'precision': 1.0}",full,w0029
business-1,tampered_handoff,15,,no_independent_historical_duty_labels,"{'matched': 20, 'expected': 20, 'predicted': 20, 'false_positive': 0, 'recall': 1.0, 'precision': 1.0}",cdc8f905ff5702b56fa819083880b3da369153731c6ed451d923a0719200011c,tampered_receipt,final-v1:long_chain_fork:tampered_handoff:business-1,0,0,704002,True,0,4,"{'matched': 4, 'expected': 4, 'predicted': 4, 'false_positive': 0, 'recall': 1.0, 'precision': 1.0}",long_chain_fork,15,"{'matched': 19, 'expected': 20, 'predicted': 19, 'false_positive': 0, 'recall': 0.95, 'precision': 1.0}",full,w0029
business-0,root_retraction,7,,no_independent_historical_duty_labels,"{'matched': 15, 'expected': 15, 'predicted': 15, 'false_positive': 0, 'recall': 1.0, 'precision': 1.0}",b606da88782939a009f0f4096c1193de8307cb22e2bec705bea59c718418c9ff,none,final-v1:long_chain_fork:root_retraction:business-0,0,0,568162,False,0,0,"{'matched': 4, 'expected': 4, 'predicted': 4, 'false_positive': 0, 'recall': 1.0, 'precision': 1.0}",long_chain_fork,7,"{'matched': 15, 'expected': 15, 'predicted': 15, 'false_positive': 0, 'recall': 1.0, 'precision': 1.0}",full,w0034
business-0,root_retraction,7,,no_independent_historical_duty_labels,"{'matched': 15, 'expected': 15, 'predicted': 15, 'false_positive': 0, 'recall': 1.0, 'precision': 1.0}",b606da88782939a009f0f4096c1193de8307cb22e2bec705bea59c718418c9ff,none,final-v1:long_chain_fork:root_retraction:business-0,0,0,3514,False,0,0,"{'matched': 0, 'expected': 4, 'predicted': 0, 'false_positive': 0, 'recall': 0.0, 'precision': None}",long_chain_fork,7,"{'matched': 0, 'expected': 15, 'predicted': 0, 'false_positive': 0, 'recall': 0.0, 'precision': None}",ordinary_logs,w0034
business-0,root_retraction,7,,no_independent_historical_duty_labels,"{'matched': 15, 'expected': 15, 'predicted': 15, 'false_positive': 0, 'recall': 1.0, 'precision': 1.0}",b606da88782939a009f0f4096c1193de8307cb22e2bec705bea59c718418c9ff,none,final-v1:long_chain_fork:root_retraction:business-0,0,0,539531,False,0,0,"{'matched': 4, 'expected': 4, 'predicted': 4, 'false_positive': 0, 'recall': 1.0, 'precision': 1.0}",long_chain_fork,7,"{'matched': 0, 'expected': 15, 'predicted': 0, 'false_positive': 0, 'recall': 0.0, 'precision': None}",no_receipts,w0034
business-0,root_retraction,7,,no_independent_historical_duty_labels,"{'matched': 0, 'expected': 15, 'predicted': 0, 'false_positive': 0, 'recall': 0.0, 'precision': None}",b606da88782939a009f0f4096c1193de8307cb22e2bec705bea59c718418c9ff,none,final-v1:long_chain_fork:root_retraction:business-0,0,0,1280,False,0,0,"{'matched': 0, 'expected': 4, 'predicted': 0, 'false_positive': 0, 'recall': 0.0, 'precision': None}",long_chain_fork,7,"{'matched': 0, 'expected': 15, 'predicted': 0, 'false_positive': 0, 'recall': 0.0, 'precision': None}",opaque_relay,w0034
business-0,root_retraction,7,,no_independent_historical_duty_labels,"{'matched': 15, 'expected': 15, 'predicted': 15, 'false_positive': 0, 'recall': 1.0, 'precision': 1.0}",b606da88782939a009f0f4096c1193de8307cb22e2bec705bea59c718418c9ff,missing_link,final-v1:long_chain_fork:root_retraction:business-0,0,0,557077,True,0,0,"{'matched': 4, 'expected': 4, 'predicted': 4, 'false_positive': 0, 'recall': 1.0, 'precision': 1.0}",long_chain_fork,7,"{'matched': 15, 'expected': 15, 'predicted': 15, 'false_positive': 0, 'recall': 1.0, 'precision': 1.0}",full,w0034
business-0,root_retraction,7,,no_independent_historical_duty_labels,"{'matched': 15, 'expected': 15, 'predicted': 15, 'false_positive': 0, 'recall': 1.0, 'precision': 1.0}",b606da88782939a009f0f4096c1193de8307cb22e2bec705bea59c718418c9ff,tampered_receipt,final-v1:long_chain_fork:root_retraction:business-0,0,0,567514,True,0,1,"{'matched': 4, 'expected': 4, 'predicted': 4, 'false_positive': 0, 'recall': 1.0, 'precision': 1.0}",long_chain_fork,7,"{'matched': 14, 'expected': 15, 'predicted': 14, 'false_positive': 0, 'recall': 0.9333333333333333, 'precision': 1.0}",full,w0034
business-1,root_retraction,8,,no_independent_historical_duty_labels,"{'matched': 16, 'expected': 16, 'predicted': 16, 'false_positive': 0, 'recall': 1.0, 'precision': 1.0}",853831760801762798cf380c2bba58731657048f3e4f28e16c56151c7baf6fdd,none,final-v1:long_chain_fork:root_retraction:business-1,0,0,554996,False,0,0,"{'matched': 4, 'expected': 4, 'predicted': 4, 'false_positive': 0, 'recall': 1.0, 'precision': 1.0}",long_chain_fork,8,"{'matched': 16, 'expected': 16, 'predicted': 16, 'false_positive': 0, 'recall': 1.0, 'precision': 1.0}",full,w0044
business-1,root_retraction,8,,no_independent_historical_duty_labels,"{'matched': 16, 'expected': 16, 'predicted': 16, 'false_positive': 0, 'recall': 1.0, 'precision': 1.0}",853831760801762798cf380c2bba58731657048f3e4f28e16c56151c7baf6fdd,none,final-v1:long_chain_fork:root_retraction:business-1,0,0,3706,False,0,0,"{'matched': 0, 'expected': 4, 'predicted': 0, 'false_positive': 0, 'recall': 0.0, 'precision': None}",long_chain_fork,8,"{'matched': 0, 'expected': 16, 'predicted': 0, 'false_positive': 0, 'recall': 0.0, 'precision': None}",ordinary_logs,w0044
business-1,root_retraction,8,,no_independent_historical_duty_labels,"{'matched': 16, 'expected': 16, 'predicted': 16, 'false_positive': 0, 'recall': 1.0, 'precision': 1.0}",853831760801762798cf380c2bba58731657048f3e4f28e16c56151c7baf6fdd,none,final-v1:long_chain_fork:root_retraction:business-1,0,0,524447,False,0,0,"{'matched': 4, 'expected': 4, 'predicted': 4, 'false_positive': 0, 'recall': 1.0, 'precision': 1.0}",long_chain_fork,8,"{'matched': 0, 'expected': 16, 'predicted': 0, 'false_positive': 0, 'recall': 0.0, 'precision': None}",no_receipts,w0044
business-1,root_retraction,8,,no_independent_historical_duty_labels,"{'matched': 0, 'expected': 16, 'predicted': 0, 'false_positive': 0, 'recall': 0.0, 'precision': None}",853831760801762798cf380c2bba58731657048f3e4f28e16c56151c7baf6fdd,none,final-v1:long_chain_fork:root_retraction:business-1,0,0,1347,False,0,0,"{'matched': 0, 'expected': 4, 'predicted': 0, 'false_positive': 0, 'recall': 0.0, 'precision': None}",long_chain_fork,8,"{'matched': 0, 'expected': 16, 'predicted': 0, 'false_positive': 0, 'recall': 0.0, 'precision': None}",opaque_relay,w0044
business-1,root_retraction,8,,no_independent_historical_duty_labels,"{'matched': 16, 'expected': 16, 'predicted': 16, 'false_positive': 0, 'recall': 1.0, 'precision': 1.0}",853831760801762798cf380c2bba58731657048f3e4f28e16c56151c7baf6fdd,missing_link,final-v1:long_chain_fork:root_retraction:business-1,0,0,546529,True,0,0,"{'matched': 4, 'expected': 4, 'predicted': 4, 'false_positive': 0, 'recall': 1.0, 'precision': 1.0}",long_chain_fork,8,"{'matched': 16, 'expected': 16, 'predicted': 16, 'false_positive': 0, 'recall': 1.0, 'precision': 1.0}",full,w0044
business-1,root_retraction,8,,no_independent_historical_duty_labels,"{'matched': 16, 'expected': 16, 'predicted': 16, 'false_positive': 0, 'recall': 1.0, 'precision': 1.0}",853831760801762798cf380c2bba58731657048f3e4f28e16c56151c7baf6fdd,tampered_receipt,final-v1:long_chain_fork:root_retraction:business-1,0,0,554348,True,0,1,"{'matched': 4, 'expected': 4, 'predicted': 4, 'false_positive': 0, 'recall': 1.0, 'precision': 1.0}",long_chain_fork,8,"{'matched': 15, 'expected': 16, 'predicted': 15, 'false_positive': 0, 'recall': 0.9375, 'precision': 1.0}",full,w0044
business-0,intermediate_retraction,7,,no_independent_historical_duty_labels,"{'matched': 15, 'expected': 15, 'predicted': 15, 'false_positive': 0, 'recall': 1.0, 'precision': 1.0}",8e1074acd2ca50b7b0b9eb510428cfc3e405dd96108f970d827131b348a76af3,none,final-v1:long_chain_fork:intermediate_retraction:business-0,0,0,438096,False,0,0,"{'matched': 4, 'expected': 4, 'predicted': 4, 'false_positive': 0, 'recall': 1.0, 'precision': 1.0}",long_chain_fork,7,"{'matched': 15, 'expected': 15, 'predicted': 15, 'false_positive': 0, 'recall': 1.0, 'precision': 1.0}",full,w0049
business-0,intermediate_retraction,7,,no_independent_historical_duty_labels,"{'matched': 15, 'expected': 15, 'predicted': 15, 'false_positive': 0, 'recall': 1.0, 'precision': 1.0}",8e1074acd2ca50b7b0b9eb510428cfc3e405dd96108f970d827131b348a76af3,none,final-v1:long_chain_fork:intermediate_retraction:business-0,0,0,3520,False,0,0,"{'matched': 0, 'expected': 4, 'predicted': 0, 'false_positive': 0, 'recall': 0.0, 'precision': None}",long_chain_fork,7,"{'matched': 0, 'expected': 15, 'predicted': 0, 'false_positive': 0, 'recall': 0.0, 'precision': None}",ordinary_logs,w0049
business-0,intermediate_retraction,7,,no_independent_historical_duty_labels,"{'matched': 15, 'expected': 15, 'predicted': 15, 'false_positive': 0, 'recall': 1.0, 'precision': 1.0}",8e1074acd2ca50b7b0b9eb510428cfc3e405dd96108f970d827131b348a76af3,none,final-v1:long_chain_fork:intermediate_retraction:business-0,0,0,409111,False,0,0,"{'matched': 4, 'expected': 4, 'predicted': 4, 'false_positive': 0, 'recall': 1.0, 'precision': 1.0}",long_chain_fork,7,"{'matched': 0, 'expected': 15, 'predicted': 0, 'false_positive': 0, 'recall': 0.0, 'precision': None}",no_receipts,w0049
business-0,intermediate_retraction,7,,no_independent_historical_duty_labels,"{'matched': 0, 'expected': 15, 'predicted': 0, 'false_positive': 0, 'recall': 0.0, 'precision': None}",8e1074acd2ca50b7b0b9eb510428cfc3e405dd96108f970d827131b348a76af3,none,final-v1:long_chain_fork:intermediate_retraction:business-0,0,0,1288,False,0,0,"{'matched': 0, 'expected': 4, 'predicted': 0, 'false_positive': 0, 'recall': 0.0, 'precision': None}",long_chain_fork,7,"{'matched': 0, 'expected': 15, 'predicted': 0, 'false_positive': 0, 'recall': 0.0, 'precision': None}",opaque_relay,w0049
business-0,intermediate_retraction,7,,no_independent_historical_duty_labels,"{'matched': 15, 'expected': 15, 'predicted': 15, 'false_positive': 0, 'recall': 1.0, 'precision': 1.0}",8e1074acd2ca50b7b0b9eb510428cfc3e405dd96108f970d827131b348a76af3,missing_link,final-v1:long_chain_fork:intermediate_retraction:business-0,0,0,430176,True,0,0,"{'matched': 4, 'expected': 4, 'predicted': 4, 'false_positive': 0, 'recall': 1.0, 'precision': 1.0}",long_chain_fork,7,"{'matched': 15, 'expected': 15, 'predicted': 15, 'false_positive': 0, 'recall': 1.0, 'precision': 1.0}",full,w0049
business-0,intermediate_retraction,7,,no_independent_historical_duty_labels,"{'matched': 15, 'expected': 15, 'predicted': 15, 'false_positive': 0, 'recall': 1.0, 'precision': 1.0}",8e1074acd2ca50b7b0b9eb510428cfc3e405dd96108f970d827131b348a76af3,tampered_receipt,final-v1:long_chain_fork:intermediate_retraction:business-0,0,0,437440,True,0,1,"{'matched': 4, 'expected': 4, 'predicted': 4, 'false_positive': 0, 'recall': 1.0, 'precision': 1.0}",long_chain_fork,7,"{'matched': 14, 'expected': 15, 'predicted': 14, 'false_positive': 0, 'recall': 0.9333333333333333, 'precision': 1.0}",full,w0049
business-1,intermediate_retraction,7,,no_independent_historical_duty_labels,"{'matched': 15, 'expected': 15, 'predicted': 15, 'false_positive': 0, 'recall': 1.0, 'precision': 1.0}",a5e42dd925a9702a3c9282407c74ddf57226fa68697a9e8f6a11ff0677dd0a45,none,final-v1:long_chain_fork:intermediate_retraction:business-1,0,0,478433,False,0,0,"{'matched': 4, 'expected': 4, 'predicted': 4, 'false_positive': 0, 'recall': 1.0, 'precision': 1.0}",long_chain_fork,7,"{'matched': 15, 'expected': 15, 'predicted': 15, 'false_positive': 0, 'recall': 1.0, 'precision': 1.0}",full,w0059
business-1,intermediate_retraction,7,,no_independent_historical_duty_labels,"{'matched': 15, 'expected': 15, 'predicted': 15, 'false_positive': 0, 'recall': 1.0, 'precision': 1.0}",a5e42dd925a9702a3c9282407c74ddf57226fa68697a9e8f6a11ff0677dd0a45,none,final-v1:long_chain_fork:intermediate_retraction:business-1,0,0,3520,False,0,0,"{'matched': 0, 'expected': 4, 'predicted': 0, 'false_positive': 0, 'recall': 0.0, 'precision': None}",long_chain_fork,7,"{'matched': 0, 'expected': 15, 'predicted': 0, 'false_positive': 0, 'recall': 0.0, 'precision': None}",ordinary_logs,w0059
business-1,intermediate_retraction,7,,no_independent_historical_duty_labels,"{'matched': 15, 'expected': 15, 'predicted': 15, 'false_positive': 0, 'recall': 1.0, 'precision': 1.0}",a5e42dd925a9702a3c9282407c74ddf57226fa68697a9e8f6a11ff0677dd0a45,none,final-v1:long_chain_fork:intermediate_retraction:business-1,0,0,449448,False,0,0,"{'matched': 4, 'expected': 4, 'predicted': 4, 'false_positive': 0, 'recall': 1.0, 'precision': 1.0}",long_chain_fork,7,"{'matched': 0, 'expected': 15, 'predicted': 0, 'false_positive': 0, 'recall': 0.0, 'precision': None}",no_receipts,w0059
business-1,intermediate_retraction,7,,no_independent_historical_duty_labels,"{'matched': 0, 'expected': 15, 'predicted': 0, 'false_positive': 0, 'recall': 0.0, 'precision': None}",a5e42dd925a9702a3c9282407c74ddf57226fa68697a9e8f6a11ff0677dd0a45,none,final-v1:long_chain_fork:intermediate_retraction:business-1,0,0,1288,False,0,0,"{'matched': 0, 'expected': 4, 'predicted': 0, 'false_positive': 0, 'recall': 0.0, 'precision': None}",long_chain_fork,7,"{'matched': 0, 'expected': 15, 'predicted': 0, 'false_positive': 0, 'recall': 0.0, 'precision': None}",opaque_relay,w0059
business-1,intermediate_retraction,7,,no_independent_historical_duty_labels,"{'matched': 15, 'expected': 15, 'predicted': 15, 'false_positive': 0, 'recall': 1.0, 'precision': 1.0}",a5e42dd925a9702a3c9282407c74ddf57226fa68697a9e8f6a11ff0677dd0a45,missing_link,final-v1:long_chain_fork:intermediate_retraction:business-1,0,0,469857,True,0,0,"{'matched': 4, 'expected': 4, 'predicted': 4, 'false_positive': 0, 'recall': 1.0, 'precision': 1.0}",long_chain_fork,7,"{'matched': 15, 'expected': 15, 'predicted': 15, 'false_positive': 0, 'recall': 1.0, 'precision': 1.0}",full,w0059
business-1,intermediate_retraction,7,,no_independent_historical_duty_labels,"{'matched': 15, 'expected': 15, 'predicted': 15, 'false_positive': 0, 'recall': 1.0, 'precision': 1.0}",a5e42dd925a9702a3c9282407c74ddf57226fa68697a9e8f6a11ff0677dd0a45,tampered_receipt,final-v1:long_chain_fork:intermediate_retraction:business-1,0,0,477777,True,0,1,"{'matched': 4, 'expected': 4, 'predicted': 4, 'false_positive': 0, 'recall': 1.0, 'precision': 1.0}",long_chain_fork,7,"{'matched': 14, 'expected': 15, 'predicted': 14, 'false_positive': 0, 'recall': 0.9333333333333333, 'precision': 1.0}",full,w0059
business-0,branch_retraction,14,,no_independent_historical_duty_labels,"{'matched': 21, 'expected': 21, 'predicted': 21, 'false_positive': 0, 'recall': 1.0, 'precision': 1.0}",70c036706b8825c0e5f1920808aa6f6358eee911da26914f74bd0e9c47f73778,none,final-v1:long_chain_fork:branch_retraction:business-0,0,0,657794,False,0,0,"{'matched': 4, 'expected': 4, 'predicted': 4, 'false_positive': 0, 'recall': 1.0, 'precision': 1.0}",long_chain_fork,14,"{'matched': 21, 'expected': 21, 'predicted': 21, 'false_positive': 0, 'recall': 1.0, 'precision': 1.0}",full,w0064
business-0,branch_retraction,14,,no_independent_historical_duty_labels,"{'matched': 21, 'expected': 21, 'predicted': 21, 'false_positive': 0, 'recall': 1.0, 'precision': 1.0}",70c036706b8825c0e5f1920808aa6f6358eee911da26914f74bd0e9c47f73778,none,final-v1:long_chain_fork:branch_retraction:business-0,0,0,4720,False,0,0,"{'matched': 0, 'expected': 4, 'predicted': 0, 'false_positive': 0, 'recall': 0.0, 'precision': None}",long_chain_fork,14,"{'matched': 0, 'expected': 21, 'predicted': 0, 'false_positive': 0, 'recall': 0.0, 'precision': None}",ordinary_logs,w0064
business-0,branch_retraction,14,,no_independent_historical_duty_labels,"{'matched': 21, 'expected': 21, 'predicted': 21, 'false_positive': 0, 'recall': 1.0, 'precision': 1.0}",70c036706b8825c0e5f1920808aa6f6358eee911da26914f74bd0e9c47f73778,none,final-v1:long_chain_fork:branch_retraction:business-0,0,0,617576,False,0,0,"{'matched': 4, 'expected': 4, 'predicted': 4, 'false_positive': 0, 'recall': 1.0, 'precision': 1.0}",long_chain_fork,14,"{'matched': 0, 'expected': 21, 'predicted': 0, 'false_positive': 0, 'recall': 0.0, 'precision': None}",no_receipts,w0064
business-0,branch_retraction,14,,no_independent_historical_duty_labels,"{'matched': 0, 'expected': 21, 'predicted': 0, 'false_positive': 0, 'recall': 0.0, 'precision': None}",70c036706b8825c0e5f1920808aa6f6358eee911da26914f74bd0e9c47f73778,none,final-v1:long_chain_fork:branch_retraction:business-0,0,0,1751,False,0,0,"{'matched': 0, 'expected': 4, 'predicted': 0, 'false_positive': 0, 'recall': 0.0, 'precision': None}",long_chain_fork,14,"{'matched': 0, 'expected': 21, 'predicted': 0, 'false_positive': 0, 'recall': 0.0, 'precision': None}",opaque_relay,w0064
business-0,branch_retraction,14,,no_independent_historical_duty_labels,"{'matched': 21, 'expected': 21, 'predicted': 21, 'false_positive': 0, 'recall': 1.0, 'precision': 1.0}",70c036706b8825c0e5f1920808aa6f6358eee911da26914f74bd0e9c47f73778,missing_link,final-v1:long_chain_fork:branch_retraction:business-0,0,0,648684,True,0,0,"{'matched': 4, 'expected': 4, 'predicted': 4, 'false_positive': 0, 'recall': 1.0, 'precision': 1.0}",long_chain_fork,14,"{'matched': 21, 'expected': 21, 'predicted': 21, 'false_positive': 0, 'recall': 1.0, 'precision': 1.0}",full,w0064
business-0,branch_retraction,14,,no_independent_historical_duty_labels,"{'matched': 21, 'expected': 21, 'predicted': 21, 'false_positive': 0, 'recall': 1.0, 'precision': 1.0}",70c036706b8825c0e5f1920808aa6f6358eee911da26914f74bd0e9c47f73778,tampered_receipt,final-v1:long_chain_fork:branch_retraction:business-0,0,0,657144,True,0,1,"{'matched': 4, 'expected': 4, 'predicted': 4, 'false_positive': 0, 'recall': 1.0, 'precision': 1.0}",long_chain_fork,14,"{'matched': 20, 'expected': 21, 'predicted': 20, 'false_positive': 0, 'recall': 0.9523809523809523, 'precision': 1.0}",full,w0064
business-1,branch_retraction,14,,no_independent_historical_duty_labels,"{'matched': 21, 'expected': 21, 'predicted': 21, 'false_positive': 0, 'recall': 1.0, 'precision': 1.0}",e0e6b1fb57829bb37f0b7b20f2fa1fa26447b77e38234f8b4a97add9fb55c38e,none,final-v1:long_chain_fork:branch_retraction:business-1,0,0,747860,False,0,0,"{'matched': 4, 'expected': 4, 'predicted': 4, 'false_positive': 0, 'recall': 1.0, 'precision': 1.0}",long_chain_fork,14,"{'matched': 21, 'expected': 21, 'predicted': 21, 'false_positive': 0, 'recall': 1.0, 'precision': 1.0}",full,w0074
business-1,branch_retraction,14,,no_independent_historical_duty_labels,"{'matched': 21, 'expected': 21, 'predicted': 21, 'false_positive': 0, 'recall': 1.0, 'precision': 1.0}",e0e6b1fb57829bb37f0b7b20f2fa1fa26447b77e38234f8b4a97add9fb55c38e,none,final-v1:long_chain_fork:branch_retraction:business-1,0,0,4720,False,0,0,"{'matched': 0, 'expected': 4, 'predicted': 0, 'false_positive': 0, 'recall': 0.0, 'precision': None}",long_chain_fork,14,"{'matched': 0, 'expected': 21, 'predicted': 0, 'false_positive': 0, 'recall': 0.0, 'precision': None}",ordinary_logs,w0074
business-1,branch_retraction,14,,no_independent_historical_duty_labels,"{'matched': 21, 'expected': 21, 'predicted': 21, 'false_positive': 0, 'recall': 1.0, 'precision': 1.0}",e0e6b1fb57829bb37f0b7b20f2fa1fa26447b77e38234f8b4a97add9fb55c38e,none,final-v1:long_chain_fork:branch_retraction:business-1,0,0,707642,False,0,0,"{'matched': 4, 'expected': 4, 'predicted': 4, 'false_positive': 0, 'recall': 1.0, 'precision': 1.0}",long_chain_fork,14,"{'matched': 0, 'expected': 21, 'predicted': 0, 'false_positive': 0, 'recall': 0.0, 'precision': None}",no_receipts,w0074
business-1,branch_retraction,14,,no_independent_historical_duty_labels,"{'matched': 0, 'expected': 21, 'predicted': 0, 'false_positive': 0, 'recall': 0.0, 'precision': None}",e0e6b1fb57829bb37f0b7b20f2fa1fa26447b77e38234f8b4a97add9fb55c38e,none,final-v1:long_chain_fork:branch_retraction:business-1,0,0,1751,False,0,0,"{'matched': 0, 'expected': 4, 'predicted': 0, 'false_positive': 0, 'recall': 0.0, 'precision': None}",long_chain_fork,14,"{'matched': 0, 'expected': 21, 'predicted': 0, 'false_positive': 0, 'recall': 0.0, 'precision': None}",opaque_relay,w0074
business-1,branch_retraction,14,,no_independent_historical_duty_labels,"{'matched': 21, 'expected': 21, 'predicted': 21, 'false_positive': 0, 'recall': 1.0, 'precision': 1.0}",e0e6b1fb57829bb37f0b7b20f2fa1fa26447b77e38234f8b4a97add9fb55c38e,missing_link,final-v1:long_chain_fork:branch_retraction:business-1,0,0,737446,True,0,0,"{'matched': 4, 'expected': 4, 'predicted': 4, 'false_positive': 0, 'recall': 1.0, 'precision': 1.0}",long_chain_fork,14,"{'matched': 21, 'expected': 21, 'predicted': 21, 'false_positive': 0, 'recall': 1.0, 'precision': 1.0}",full,w0074
business-1,branch_retraction,14,,no_independent_historical_duty_labels,"{'matched': 21, 'expected': 21, 'predicted': 21, 'false_positive': 0, 'recall': 1.0, 'precision': 1.0}",e0e6b1fb57829bb37f0b7b20f2fa1fa26447b77e38234f8b4a97add9fb55c38e,tampered_receipt,final-v1:long_chain_fork:branch_retraction:business-1,0,0,747210,True,0,1,"{'matched': 4, 'expected': 4, 'predicted': 4, 'false_positive': 0, 'recall': 1.0, 'precision': 1.0}",long_chain_fork,14,"{'matched': 20, 'expected': 21, 'predicted': 20, 'false_positive': 0, 'recall': 0.9523809523809523, 'precision': 1.0}",full,w0074
business-0,late_notice,5,,no_independent_historical_duty_labels,"{'matched': 14, 'expected': 14, 'predicted': 14, 'false_positive': 0, 'recall': 1.0, 'precision': 1.0}",4aad28e6d7083761eb10e87579f89173bd465c933c1c0294271ece8a491b65d8,none,final-v1:long_chain_fork:late_notice:business-0,0,0,359427,False,0,0,"{'matched': 4, 'expected': 4, 'predicted': 4, 'false_positive': 0, 'recall': 1.0, 'precision': 1.0}",long_chain_fork,5,"{'matched': 14, 'expected': 14, 'predicted': 14, 'false_positive': 0, 'recall': 1.0, 'precision': 1.0}",full,w0079
business-0,late_notice,5,,no_independent_historical_duty_labels,"{'matched': 14, 'expected': 14, 'predicted': 14, 'false_positive': 0, 'recall': 1.0, 'precision': 1.0}",4aad28e6d7083761eb10e87579f89173bd465c933c1c0294271ece8a491b65d8,none,final-v1:long_chain_fork:late_notice:business-0,0,0,3252,False,0,0,"{'matched': 0, 'expected': 4, 'predicted': 0, 'false_positive': 0, 'recall': 0.0, 'precision': None}",long_chain_fork,5,"{'matched': 0, 'expected': 14, 'predicted': 0, 'false_positive': 0, 'recall': 0.0, 'precision': None}",ordinary_logs,w0079
business-0,late_notice,5,,no_independent_historical_duty_labels,"{'matched': 14, 'expected': 14, 'predicted': 14, 'false_positive': 0, 'recall': 1.0, 'precision': 1.0}",4aad28e6d7083761eb10e87579f89173bd465c933c1c0294271ece8a491b65d8,none,final-v1:long_chain_fork:late_notice:business-0,0,0,332879,False,0,0,"{'matched': 4, 'expected': 4, 'predicted': 4, 'false_positive': 0, 'recall': 1.0, 'precision': 1.0}",long_chain_fork,5,"{'matched': 0, 'expected': 14, 'predicted': 0, 'false_positive': 0, 'recall': 0.0, 'precision': None}",no_receipts,w0079
business-0,late_notice,5,,no_independent_historical_duty_labels,"{'matched': 0, 'expected': 14, 'predicted': 0, 'false_positive': 0, 'recall': 0.0, 'precision': None}",4aad28e6d7083761eb10e87579f89173bd465c933c1c0294271ece8a491b65d8,none,final-v1:long_chain_fork:late_notice:business-0,0,0,1142,False,0,0,"{'matched': 0, 'expected': 4, 'predicted': 0, 'false_positive': 0, 'recall': 0.0, 'precision': None}",long_chain_fork,5,"{'matched': 0, 'expected': 14, 'predicted': 0, 'false_positive': 0, 'recall': 0.0, 'precision': None}",opaque_relay,w0079
business-0,late_notice,5,,no_independent_historical_duty_labels,"{'matched': 14, 'expected': 14, 'predicted': 14, 'false_positive': 0, 'recall': 1.0, 'precision': 1.0}",4aad28e6d7083761eb10e87579f89173bd465c933c1c0294271ece8a491b65d8,missing_link,final-v1:long_chain_fork:late_notice:business-0,0,0,352942,True,0,0,"{'matched': 4, 'expected': 4, 'predicted': 4, 'false_positive': 0, 'recall': 1.0, 'precision': 1.0}",long_chain_fork,5,"{'matched': 14, 'expected': 14, 'predicted': 14, 'false_positive': 0, 'recall': 1.0, 'precision': 1.0}",full,w0079
business-0,late_notice,5,,no_independent_historical_duty_labels,"{'matched': 14, 'expected': 14, 'predicted': 14, 'false_positive': 0, 'recall': 1.0, 'precision': 1.0}",4aad28e6d7083761eb10e87579f89173bd465c933c1c0294271ece8a491b65d8,tampered_receipt,final-v1:long_chain_fork:late_notice:business-0,0,0,358783,True,0,1,"{'matched': 4, 'expected': 4, 'predicted': 4, 'false_positive': 0, 'recall': 1.0, 'precision': 1.0}",long_chain_fork,5,"{'matched': 13, 'expected': 14, 'predicted': 13, 'false_positive': 0, 'recall': 0.9285714285714286, 'precision': 1.0}",full,w0079
business-1,late_notice,6,,no_independent_historical_duty_labels,"{'matched': 14, 'expected': 14, 'predicted': 14, 'false_positive': 0, 'recall': 1.0, 'precision': 1.0}",1ef99573c0dc0e120a92c2c2e077a722ea99fe1d0aa59c64e03bfee2febd9a75,none,final-v1:long_chain_fork:late_notice:business-1,0,0,430161,False,0,0,"{'matched': 4, 'expected': 4, 'predicted': 4, 'false_positive': 0, 'recall': 1.0, 'precision': 1.0}",long_chain_fork,6,"{'matched': 14, 'expected': 14, 'predicted': 14, 'false_positive': 0, 'recall': 1.0, 'precision': 1.0}",full,w0089
business-1,late_notice,6,,no_independent_historical_duty_labels,"{'matched': 14, 'expected': 14, 'predicted': 14, 'false_positive': 0, 'recall': 1.0, 'precision': 1.0}",1ef99573c0dc0e120a92c2c2e077a722ea99fe1d0aa59c64e03bfee2febd9a75,none,final-v1:long_chain_fork:late_notice:business-1,0,0,3316,False,0,0,"{'matched': 0, 'expected': 4, 'predicted': 0, 'false_positive': 0, 'recall': 0.0, 'precision': None}",long_chain_fork,6,"{'matched': 0, 'expected': 14, 'predicted': 0, 'false_positive': 0, 'recall': 0.0, 'precision': None}",ordinary_logs,w0089
business-1,late_notice,6,,no_independent_historical_duty_labels,"{'matched': 14, 'expected': 14, 'predicted': 14, 'false_positive': 0, 'recall': 1.0, 'precision': 1.0}",1ef99573c0dc0e120a92c2c2e077a722ea99fe1d0aa59c64e03bfee2febd9a75,none,final-v1:long_chain_fork:late_notice:business-1,0,0,403622,False,0,0,"{'matched': 4, 'expected': 4, 'predicted': 4, 'false_positive': 0, 'recall': 1.0, 'precision': 1.0}",long_chain_fork,6,"{'matched': 0, 'expected': 14, 'predicted': 0, 'false_positive': 0, 'recall': 0.0, 'precision': None}",no_receipts,w0089
business-1,late_notice,6,,no_independent_historical_duty_labels,"{'matched': 0, 'expected': 14, 'predicted': 0, 'false_positive': 0, 'recall': 0.0, 'precision': None}",1ef99573c0dc0e120a92c2c2e077a722ea99fe1d0aa59c64e03bfee2febd9a75,none,final-v1:long_chain_fork:late_notice:business-1,0,0,1209,False,0,0,"{'matched': 0, 'expected': 4, 'predicted': 0, 'false_positive': 0, 'recall': 0.0, 'precision': None}",long_chain_fork,6,"{'matched': 0, 'expected': 14, 'predicted': 0, 'false_positive': 0, 'recall': 0.0, 'precision': None}",opaque_relay,w0089
business-1,late_notice,6,,no_independent_historical_duty_labels,"{'matched': 14, 'expected': 14, 'predicted': 14, 'false_positive': 0, 'recall': 1.0, 'precision': 1.0}",1ef99573c0dc0e120a92c2c2e077a722ea99fe1d0aa59c64e03bfee2febd9a75,missing_link,final-v1:long_chain_fork:late_notice:business-1,0,0,422387,True,0,0,"{'matched': 4, 'expected': 4, 'predicted': 4, 'false_positive': 0, 'recall': 1.0, 'precision': 1.0}",long_chain_fork,6,"{'matched': 14, 'expected': 14, 'predicted': 14, 'false_positive': 0, 'recall': 1.0, 'precision': 1.0}",full,w0089
business-1,late_notice,6,,no_independent_historical_duty_labels,"{'matched': 14, 'expected': 14, 'predicted': 14, 'false_positive': 0, 'recall': 1.0, 'precision': 1.0}",1ef99573c0dc0e120a92c2c2e077a722ea99fe1d0aa59c64e03bfee2febd9a75,tampered_receipt,final-v1:long_chain_fork:late_notice:business-1,0,0,429517,True,0,1,"{'matched': 4, 'expected': 4, 'predicted': 4, 'false_positive': 0, 'recall': 1.0, 'precision': 1.0}",long_chain_fork,6,"{'matched': 13, 'expected': 14, 'predicted': 13, 'false_positive': 0, 'recall': 0.9285714285714286, 'precision': 1.0}",full,w0089
business-0,signed_false,8,,no_independent_historical_duty_labels,"{'matched': 16, 'expected': 16, 'predicted': 16, 'false_positive': 0, 'recall': 1.0, 'precision': 1.0}",e5bf13786b19db93bc8e4c30230779514e04d31094f086be6a2f507fe53648fa,none,final-v1:long_chain_fork:signed_false:business-0,0,0,579149,False,0,0,"{'matched': 4, 'expected': 4, 'predicted': 4, 'false_positive': 0, 'recall': 1.0, 'precision': 1.0}",long_chain_fork,8,"{'matched': 16, 'expected': 16, 'predicted': 16, 'false_positive': 0, 'recall': 1.0, 'precision': 1.0}",full,w0094
business-0,signed_false,8,,no_independent_historical_duty_labels,"{'matched': 16, 'expected': 16, 'predicted': 16, 'false_positive': 0, 'recall': 1.0, 'precision': 1.0}",e5bf13786b19db93bc8e4c30230779514e04d31094f086be6a2f507fe53648fa,none,final-v1:long_chain_fork:signed_false:business-0,0,0,3703,False,0,0,"{'matched': 0, 'expected': 4, 'predicted': 0, 'false_positive': 0, 'recall': 0.0, 'precision': None}",long_chain_fork,8,"{'matched': 0, 'expected': 16, 'predicted': 0, 'false_positive': 0, 'recall': 0.0, 'precision': None}",ordinary_logs,w0094
business-0,signed_false,8,,no_independent_historical_duty_labels,"{'matched': 16, 'expected': 16, 'predicted': 16, 'false_positive': 0, 'recall': 1.0, 'precision': 1.0}",e5bf13786b19db93bc8e4c30230779514e04d31094f086be6a2f507fe53648fa,none,final-v1:long_chain_fork:signed_false:business-0,0,0,548746,False,0,0,"{'matched': 4, 'expected': 4, 'predicted': 4, 'false_positive': 0, 'recall': 1.0, 'precision': 1.0}",long_chain_fork,8,"{'matched': 0, 'expected': 16, 'predicted': 0, 'false_positive': 0, 'recall': 0.0, 'precision': None}",no_receipts,w0094
business-0,signed_false,8,,no_independent_historical_duty_labels,"{'matched': 0, 'expected': 16, 'predicted': 0, 'false_positive': 0, 'recall': 0.0, 'precision': None}",e5bf13786b19db93bc8e4c30230779514e04d31094f086be6a2f507fe53648fa,none,final-v1:long_chain_fork:signed_false:business-0,0,0,1344,False,0,0,"{'matched': 0, 'expected': 4, 'predicted': 0, 'false_positive': 0, 'recall': 0.0, 'precision': None}",long_chain_fork,8,"{'matched': 0, 'expected': 16, 'predicted': 0, 'false_positive': 0, 'recall': 0.0, 'precision': None}",opaque_relay,w0094
business-0,signed_false,8,,no_independent_historical_duty_labels,"{'matched': 16, 'expected': 16, 'predicted': 16, 'false_positive': 0, 'recall': 1.0, 'precision': 1.0}",e5bf13786b19db93bc8e4c30230779514e04d31094f086be6a2f507fe53648fa,missing_link,final-v1:long_chain_fork:signed_false:business-0,0,0,568759,True,0,0,"{'matched': 4, 'expected': 4, 'predicted': 4, 'false_positive': 0, 'recall': 1.0, 'precision': 1.0}",long_chain_fork,8,"{'matched': 16, 'expected': 16, 'predicted': 16, 'false_positive': 0, 'recall': 1.0, 'precision': 1.0}",full,w0094
business-0,signed_false,8,,no_independent_historical_duty_labels,"{'matched': 16, 'expected': 16, 'predicted': 16, 'false_positive': 0, 'recall': 1.0, 'precision': 1.0}",e5bf13786b19db93bc8e4c30230779514e04d31094f086be6a2f507fe53648fa,tampered_receipt,final-v1:long_chain_fork:signed_false:business-0,0,0,578504,True,0,1,"{'matched': 4, 'expected': 4, 'predicted': 4, 'false_positive': 0, 'recall': 1.0, 'precision': 1.0}",long_chain_fork,8,"{'matched': 15, 'expected': 16, 'predicted': 15, 'false_positive': 0, 'recall': 0.9375, 'precision': 1.0}",full,w0094
business-1,signed_false,8,,no_independent_historical_duty_labels,"{'matched': 16, 'expected': 16, 'predicted': 16, 'false_positive': 0, 'recall': 1.0, 'precision': 1.0}",cadef4108616714c261726a28c56410ec19c2eee1e275f4b47332bf0c9f2ce79,none,final-v1:long_chain_fork:signed_false:business-1,0,0,537267,False,0,0,"{'matched': 4, 'expected': 4, 'predicted': 4, 'false_positive': 0, 'recall': 1.0, 'precision': 1.0}",long_chain_fork,8,"{'matched': 16, 'expected': 16, 'predicted': 16, 'false_positive': 0, 'recall': 1.0, 'precision': 1.0}",full,w0104
business-1,signed_false,8,,no_independent_historical_duty_labels,"{'matched': 16, 'expected': 16, 'predicted': 16, 'false_positive': 0, 'recall': 1.0, 'precision': 1.0}",cadef4108616714c261726a28c56410ec19c2eee1e275f4b47332bf0c9f2ce79,none,final-v1:long_chain_fork:signed_false:business-1,0,0,3703,False,0,0,"{'matched': 0, 'expected': 4, 'predicted': 0, 'false_positive': 0, 'recall': 0.0, 'precision': None}",long_chain_fork,8,"{'matched': 0, 'expected': 16, 'predicted': 0, 'false_positive': 0, 'recall': 0.0, 'precision': None}",ordinary_logs,w0104
business-1,signed_false,8,,no_independent_historical_duty_labels,"{'matched': 16, 'expected': 16, 'predicted': 16, 'false_positive': 0, 'recall': 1.0, 'precision': 1.0}",cadef4108616714c261726a28c56410ec19c2eee1e275f4b47332bf0c9f2ce79,none,final-v1:long_chain_fork:signed_false:business-1,0,0,506864,False,0,0,"{'matched': 4, 'expected': 4, 'predicted': 4, 'false_positive': 0, 'recall': 1.0, 'precision': 1.0}",long_chain_fork,8,"{'matched': 0, 'expected': 16, 'predicted': 0, 'false_positive': 0, 'recall': 0.0, 'precision': None}",no_receipts,w0104
business-1,signed_false,8,,no_independent_historical_duty_labels,"{'matched': 0, 'expected': 16, 'predicted': 0, 'false_positive': 0, 'recall': 0.0, 'precision': None}",cadef4108616714c261726a28c56410ec19c2eee1e275f4b47332bf0c9f2ce79,none,final-v1:long_chain_fork:signed_false:business-1,0,0,1344,False,0,0,"{'matched': 0, 'expected': 4, 'predicted': 0, 'false_positive': 0, 'recall': 0.0, 'precision': None}",long_chain_fork,8,"{'matched': 0, 'expected': 16, 'predicted': 0, 'false_positive': 0, 'recall': 0.0, 'precision': None}",opaque_relay,w0104
business-1,signed_false,8,,no_independent_historical_duty_labels,"{'matched': 16, 'expected': 16, 'predicted': 16, 'false_positive': 0, 'recall': 1.0, 'precision': 1.0}",cadef4108616714c261726a28c56410ec19c2eee1e275f4b47332bf0c9f2ce79,missing_link,final-v1:long_chain_fork:signed_false:business-1,0,0,526877,True,0,0,"{'matched': 4, 'expected': 4, 'predicted': 4, 'false_positive': 0, 'recall': 1.0, 'precision': 1.0}",long_chain_fork,8,"{'matched': 16, 'expected': 16, 'predicted': 16, 'false_positive': 0, 'recall': 1.0, 'precision': 1.0}",full,w0104
business-1,signed_false,8,,no_independent_historical_duty_labels,"{'matched': 16, 'expected': 16, 'predicted': 16, 'false_positive': 0, 'recall': 1.0, 'precision': 1.0}",cadef4108616714c261726a28c56410ec19c2eee1e275f4b47332bf0c9f2ce79,tampered_receipt,final-v1:long_chain_fork:signed_false:business-1,0,0,536622,True,0,1,"{'matched': 4, 'expected': 4, 'predicted': 4, 'false_positive': 0, 'recall': 1.0, 'precision': 1.0}",long_chain_fork,8,"{'matched': 15, 'expected': 16, 'predicted': 15, 'false_positive': 0, 'recall': 0.9375, 'precision': 1.0}",full,w0104
business-0,conflicting_sources,8,,no_independent_historical_duty_labels,"{'matched': 18, 'expected': 18, 'predicted': 18, 'false_positive': 0, 'recall': 1.0, 'precision': 1.0}",d0894d4d0e7757357ff343dff85ca0184c9b2f82c0e4c2cfeede2e911889ed80,none,final-v1:long_chain_fork:conflicting_sources:business-0,0,0,582166,False,0,0,"{'matched': 5, 'expected': 5, 'predicted': 5, 'false_positive': 0, 'recall': 1.0, 'precision': 1.0}",long_chain_fork,8,"{'matched': 18, 'expected': 18, 'predicted': 18, 'false_positive': 0, 'recall': 1.0, 'precision': 1.0}",full,w0109
business-0,conflicting_sources,8,,no_independent_historical_duty_labels,"{'matched': 18, 'expected': 18, 'predicted': 18, 'false_positive': 0, 'recall': 1.0, 'precision': 1.0}",d0894d4d0e7757357ff343dff85ca0184c9b2f82c0e4c2cfeede2e911889ed80,none,final-v1:long_chain_fork:conflicting_sources:business-0,0,0,3956,False,0,0,"{'matched': 0, 'expected': 5, 'predicted': 0, 'false_positive': 0, 'recall': 0.0, 'precision': None}",long_chain_fork,8,"{'matched': 0, 'expected': 18, 'predicted': 0, 'false_positive': 0, 'recall': 0.0, 'precision': None}",ordinary_logs,w0109
business-0,conflicting_sources,8,,no_independent_historical_duty_labels,"{'matched': 18, 'expected': 18, 'predicted': 18, 'false_positive': 0, 'recall': 1.0, 'precision': 1.0}",d0894d4d0e7757357ff343dff85ca0184c9b2f82c0e4c2cfeede2e911889ed80,none,final-v1:long_chain_fork:conflicting_sources:business-0,0,0,547579,False,0,0,"{'matched': 5, 'expected': 5, 'predicted': 5, 'false_positive': 0, 'recall': 1.0, 'precision': 1.0}",long_chain_fork,8,"{'matched': 0, 'expected': 18, 'predicted': 0, 'false_positive': 0, 'recall': 0.0, 'precision': None}",no_receipts,w0109
business-0,conflicting_sources,8,,no_independent_historical_duty_labels,"{'matched': 0, 'expected': 18, 'predicted': 0, 'false_positive': 0, 'recall': 0.0, 'precision': None}",d0894d4d0e7757357ff343dff85ca0184c9b2f82c0e4c2cfeede2e911889ed80,none,final-v1:long_chain_fork:conflicting_sources:business-0,0,0,1351,False,0,0,"{'matched': 0, 'expected': 5, 'predicted': 0, 'false_positive': 0, 'recall': 0.0, 'precision': None}",long_chain_fork,8,"{'matched': 0, 'expected': 18, 'predicted': 0, 'false_positive': 0, 'recall': 0.0, 'precision': None}",opaque_relay,w0109
business-0,conflicting_sources,8,,no_independent_historical_duty_labels,"{'matched': 18, 'expected': 18, 'predicted': 18, 'false_positive': 0, 'recall': 1.0, 'precision': 1.0}",d0894d4d0e7757357ff343dff85ca0184c9b2f82c0e4c2cfeede2e911889ed80,missing_link,final-v1:long_chain_fork:conflicting_sources:business-0,0,0,571664,True,0,0,"{'matched': 5, 'expected': 5, 'predicted': 5, 'false_positive': 0, 'recall': 1.0, 'precision': 1.0}",long_chain_fork,8,"{'matched': 18, 'expected': 18, 'predicted': 18, 'false_positive': 0, 'recall': 1.0, 'precision': 1.0}",full,w0109
business-0,conflicting_sources,8,,no_independent_historical_duty_labels,"{'matched': 18, 'expected': 18, 'predicted': 18, 'false_positive': 0, 'recall': 1.0, 'precision': 1.0}",d0894d4d0e7757357ff343dff85ca0184c9b2f82c0e4c2cfeede2e911889ed80,tampered_receipt,final-v1:long_chain_fork:conflicting_sources:business-0,0,0,581514,True,0,1,"{'matched': 5, 'expected': 5, 'predicted': 5, 'false_positive': 0, 'recall': 1.0, 'precision': 1.0}",long_chain_fork,8,"{'matched': 17, 'expected': 18, 'predicted': 17, 'false_positive': 0, 'recall': 0.9444444444444444, 'precision': 1.0}",full,w0109
business-1,confirmed_repair,10,,no_independent_historical_duty_labels,"{'matched': 16, 'expected': 16, 'predicted': 16, 'false_positive': 0, 'recall': 1.0, 'precision': 1.0}",04ab58338f9f66db190d17d616c8d7efa19a0ef21a56b9c6c7c99a75ef6c4f26,none,final-v1:long_chain_fork:confirmed_repair:business-1,0,0,815351,False,0,0,"{'matched': 5, 'expected': 5, 'predicted': 5, 'false_positive': 0, 'recall': 1.0, 'precision': 1.0}",long_chain_fork,10,"{'matched': 16, 'expected': 16, 'predicted': 16, 'false_positive': 0, 'recall': 1.0, 'precision': 1.0}",full,w0134
business-1,confirmed_repair,10,,no_independent_historical_duty_labels,"{'matched': 16, 'expected': 16, 'predicted': 16, 'false_positive': 0, 'recall': 1.0, 'precision': 1.0}",04ab58338f9f66db190d17d616c8d7efa19a0ef21a56b9c6c7c99a75ef6c4f26,none,final-v1:long_chain_fork:confirmed_repair:business-1,0,0,3841,False,0,0,"{'matched': 0, 'expected': 5, 'predicted': 0, 'false_positive': 0, 'recall': 0.0, 'precision': None}",long_chain_fork,10,"{'matched': 0, 'expected': 16, 'predicted': 0, 'false_positive': 0, 'recall': 0.0, 'precision': None}",ordinary_logs,w0134
business-1,confirmed_repair,10,,no_independent_historical_duty_labels,"{'matched': 16, 'expected': 16, 'predicted': 16, 'false_positive': 0, 'recall': 1.0, 'precision': 1.0}",04ab58338f9f66db190d17d616c8d7efa19a0ef21a56b9c6c7c99a75ef6c4f26,none,final-v1:long_chain_fork:confirmed_repair:business-1,0,0,784756,False,0,0,"{'matched': 5, 'expected': 5, 'predicted': 5, 'false_positive': 0, 'recall': 1.0, 'precision': 1.0}",long_chain_fork,10,"{'matched': 0, 'expected': 16, 'predicted': 0, 'false_positive': 0, 'recall': 0.0, 'precision': None}",no_receipts,w0134
business-1,confirmed_repair,10,,no_independent_historical_duty_labels,"{'matched': 0, 'expected': 16, 'predicted': 0, 'false_positive': 0, 'recall': 0.0, 'precision': None}",04ab58338f9f66db190d17d616c8d7efa19a0ef21a56b9c6c7c99a75ef6c4f26,none,final-v1:long_chain_fork:confirmed_repair:business-1,0,0,1482,False,0,0,"{'matched': 0, 'expected': 5, 'predicted': 0, 'false_positive': 0, 'recall': 0.0, 'precision': None}",long_chain_fork,10,"{'matched': 0, 'expected': 16, 'predicted': 0, 'false_positive': 0, 'recall': 0.0, 'precision': None}",opaque_relay,w0134
business-1,confirmed_repair,10,,no_independent_historical_duty_labels,"{'matched': 16, 'expected': 16, 'predicted': 16, 'false_positive': 0, 'recall': 1.0, 'precision': 1.0}",04ab58338f9f66db190d17d616c8d7efa19a0ef21a56b9c6c7c99a75ef6c4f26,missing_link,final-v1:long_chain_fork:confirmed_repair:business-1,0,0,801624,True,0,0,"{'matched': 5, 'expected': 5, 'predicted': 5, 'false_positive': 0, 'recall': 1.0, 'precision': 1.0}",long_chain_fork,10,"{'matched': 16, 'expected': 16, 'predicted': 16, 'false_positive': 0, 'recall': 1.0, 'precision': 1.0}",full,w0134
business-1,confirmed_repair,10,,no_independent_historical_duty_labels,"{'matched': 16, 'expected': 16, 'predicted': 16, 'false_positive': 0, 'recall': 1.0, 'precision': 1.0}",04ab58338f9f66db190d17d616c8d7efa19a0ef21a56b9c6c7c99a75ef6c4f26,tampered_receipt,final-v1:long_chain_fork:confirmed_repair:business-1,0,0,814702,True,0,1,"{'matched': 5, 'expected': 5, 'predicted': 5, 'false_positive': 0, 'recall': 1.0, 'precision': 1.0}",long_chain_fork,10,"{'matched': 15, 'expected': 16, 'predicted': 15, 'false_positive': 0, 'recall': 0.9375, 'precision': 1.0}",full,w0134
business-0,authority_unknown,8,,no_independent_historical_duty_labels,"{'matched': 16, 'expected': 16, 'predicted': 16, 'false_positive': 0, 'recall': 1.0, 'precision': 1.0}",340cd0ac8d8a3e87abf46110c590293ac43b55493bf87938f8e39d93fc50371a,none,final-v1:long_chain_fork:authority_unknown:business-0,0,0,686667,False,0,0,"{'matched': 4, 'expected': 4, 'predicted': 4, 'false_positive': 0, 'recall': 1.0, 'precision': 1.0}",long_chain_fork,8,"{'matched': 16, 'expected': 16, 'predicted': 16, 'false_positive': 0, 'recall': 1.0, 'precision': 1.0}",full,w0139
business-0,authority_unknown,8,,no_independent_historical_duty_labels,"{'matched': 16, 'expected': 16, 'predicted': 16, 'false_positive': 0, 'recall': 1.0, 'precision': 1.0}",340cd0ac8d8a3e87abf46110c590293ac43b55493bf87938f8e39d93fc50371a,none,final-v1:long_chain_fork:authority_unknown:business-0,0,0,3708,False,0,0,"{'matched': 0, 'expected': 4, 'predicted': 0, 'false_positive': 0, 'recall': 0.0, 'precision': None}",long_chain_fork,8,"{'matched': 0, 'expected': 16, 'predicted': 0, 'false_positive': 0, 'recall': 0.0, 'precision': None}",ordinary_logs,w0139
business-0,authority_unknown,8,,no_independent_historical_duty_labels,"{'matched': 16, 'expected': 16, 'predicted': 16, 'false_positive': 0, 'recall': 1.0, 'precision': 1.0}",340cd0ac8d8a3e87abf46110c590293ac43b55493bf87938f8e39d93fc50371a,none,final-v1:long_chain_fork:authority_unknown:business-0,0,0,656024,False,0,0,"{'matched': 4, 'expected': 4, 'predicted': 4, 'false_positive': 0, 'recall': 1.0, 'precision': 1.0}",long_chain_fork,8,"{'matched': 0, 'expected': 16, 'predicted': 0, 'false_positive': 0, 'recall': 0.0, 'precision': None}",no_receipts,w0139
business-0,authority_unknown,8,,no_independent_historical_duty_labels,"{'matched': 0, 'expected': 16, 'predicted': 0, 'false_positive': 0, 'recall': 0.0, 'precision': None}",340cd0ac8d8a3e87abf46110c590293ac43b55493bf87938f8e39d93fc50371a,none,final-v1:long_chain_fork:authority_unknown:business-0,0,0,1349,False,0,0,"{'matched': 0, 'expected': 4, 'predicted': 0, 'false_positive': 0, 'recall': 0.0, 'precision': None}",long_chain_fork,8,"{'matched': 0, 'expected': 16, 'predicted': 0, 'false_positive': 0, 'recall': 0.0, 'precision': None}",opaque_relay,w0139
business-0,authority_unknown,8,,no_independent_historical_duty_labels,"{'matched': 16, 'expected': 16, 'predicted': 16, 'false_positive': 0, 'recall': 1.0, 'precision': 1.0}",340cd0ac8d8a3e87abf46110c590293ac43b55493bf87938f8e39d93fc50371a,missing_link,final-v1:long_chain_fork:authority_unknown:business-0,0,0,676198,True,0,0,"{'matched': 4, 'expected': 4, 'predicted': 4, 'false_positive': 0, 'recall': 1.0, 'precision': 1.0}",long_chain_fork,8,"{'matched': 16, 'expected': 16, 'predicted': 16, 'false_positive': 0, 'recall': 1.0, 'precision': 1.0}",full,w0139
business-0,authority_unknown,8,,no_independent_historical_duty_labels,"{'matched': 16, 'expected': 16, 'predicted': 16, 'false_positive': 0, 'recall': 1.0, 'precision': 1.0}",340cd0ac8d8a3e87abf46110c590293ac43b55493bf87938f8e39d93fc50371a,tampered_receipt,final-v1:long_chain_fork:authority_unknown:business-0,0,0,686017,True,0,1,"{'matched': 4, 'expected': 4, 'predicted': 4, 'false_positive': 0, 'recall': 1.0, 'precision': 1.0}",long_chain_fork,8,"{'matched': 15, 'expected': 16, 'predicted': 15, 'false_positive': 0, 'recall': 0.9375, 'precision': 1.0}",full,w0139
business-1,authority_unknown,8,,no_independent_historical_duty_labels,"{'matched': 16, 'expected': 16, 'predicted': 16, 'false_positive': 0, 'recall': 1.0, 'precision': 1.0}",784d472b4660f5031aa0d7c64e89dd29301f813a1a4b062c2b0b0917dbf57a01,none,final-v1:long_chain_fork:authority_unknown:business-1,0,0,686656,False,0,0,"{'matched': 4, 'expected': 4, 'predicted': 4, 'false_positive': 0, 'recall': 1.0, 'precision': 1.0}",long_chain_fork,8,"{'matched': 16, 'expected': 16, 'predicted': 16, 'false_positive': 0, 'recall': 1.0, 'precision': 1.0}",full,w0149
business-1,authority_unknown,8,,no_independent_historical_duty_labels,"{'matched': 16, 'expected': 16, 'predicted': 16, 'false_positive': 0, 'recall': 1.0, 'precision': 1.0}",784d472b4660f5031aa0d7c64e89dd29301f813a1a4b062c2b0b0917dbf57a01,none,final-v1:long_chain_fork:authority_unknown:business-1,0,0,3708,False,0,0,"{'matched': 0, 'expected': 4, 'predicted': 0, 'false_positive': 0, 'recall': 0.0, 'precision': None}",long_chain_fork,8,"{'matched': 0, 'expected': 16, 'predicted': 0, 'false_positive': 0, 'recall': 0.0, 'precision': None}",ordinary_logs,w0149
business-1,authority_unknown,8,,no_independent_historical_duty_labels,"{'matched': 16, 'expected': 16, 'predicted': 16, 'false_positive': 0, 'recall': 1.0, 'precision': 1.0}",784d472b4660f5031aa0d7c64e89dd29301f813a1a4b062c2b0b0917dbf57a01,none,final-v1:long_chain_fork:authority_unknown:business-1,0,0,656013,False,0,0,"{'matched': 4, 'expected': 4, 'predicted': 4, 'false_positive': 0, 'recall': 1.0, 'precision': 1.0}",long_chain_fork,8,"{'matched': 0, 'expected': 16, 'predicted': 0, 'false_positive': 0, 'recall': 0.0, 'precision': None}",no_receipts,w0149
business-1,authority_unknown,8,,no_independent_historical_duty_labels,"{'matched': 0, 'expected': 16, 'predicted': 0, 'false_positive': 0, 'recall': 0.0, 'precision': None}",784d472b4660f5031aa0d7c64e89dd29301f813a1a4b062c2b0b0917dbf57a01,none,final-v1:long_chain_fork:authority_unknown:business-1,0,0,1349,False,0,0,"{'matched': 0, 'expected': 4, 'predicted': 0, 'false_positive': 0, 'recall': 0.0, 'precision': None}",long_chain_fork,8,"{'matched': 0, 'expected': 16, 'predicted': 0, 'false_positive': 0, 'recall': 0.0, 'precision': None}",opaque_relay,w0149
business-1,authority_unknown,8,,no_independent_historical_duty_labels,"{'matched': 16, 'expected': 16, 'predicted': 16, 'false_positive': 0, 'recall': 1.0, 'precision': 1.0}",784d472b4660f5031aa0d7c64e89dd29301f813a1a4b062c2b0b0917dbf57a01,missing_link,final-v1:long_chain_fork:authority_unknown:business-1,0,0,676187,True,0,0,"{'matched': 4, 'expected': 4, 'predicted': 4, 'false_positive': 0, 'recall': 1.0, 'precision': 1.0}",long_chain_fork,8,"{'matched': 16, 'expected': 16, 'predicted': 16, 'false_positive': 0, 'recall': 1.0, 'precision': 1.0}",full,w0149
business-1,authority_unknown,8,,no_independent_historical_duty_labels,"{'matched': 16, 'expected': 16, 'predicted': 16, 'false_positive': 0, 'recall': 1.0, 'precision': 1.0}",784d472b4660f5031aa0d7c64e89dd29301f813a1a4b062c2b0b0917dbf57a01,tampered_receipt,final-v1:long_chain_fork:authority_unknown:business-1,0,0,686006,True,0,1,"{'matched': 4, 'expected': 4, 'predicted': 4, 'false_positive': 0, 'recall': 1.0, 'precision': 1.0}",long_chain_fork,8,"{'matched': 15, 'expected': 16, 'predicted': 15, 'false_positive': 0, 'recall': 0.9375, 'precision': 1.0}",full,w0149
business-0,active,22,,no_independent_historical_duty_labels,"{'matched': 31, 'expected': 31, 'predicted': 31, 'false_positive': 0, 'recall': 1.0, 'precision': 1.0}",fcb84498b0d791f53955f823fb9c2a7bb9ea9587d49580bc70ca8dd6d9e7627b,none,final-v1:converge_then_fork:active:business-0,0,0,1265101,False,0,0,"{'matched': 4, 'expected': 4, 'predicted': 4, 'false_positive': 0, 'recall': 1.0, 'precision': 1.0}",converge_then_fork,22,"{'matched': 31, 'expected': 31, 'predicted': 31, 'false_positive': 0, 'recall': 1.0, 'precision': 1.0}",full,w0154
business-0,active,22,,no_independent_historical_duty_labels,"{'matched': 31, 'expected': 31, 'predicted': 31, 'false_positive': 0, 'recall': 1.0, 'precision': 1.0}",fcb84498b0d791f53955f823fb9c2a7bb9ea9587d49580bc70ca8dd6d9e7627b,none,final-v1:converge_then_fork:active:business-0,0,0,6843,False,0,0,"{'matched': 0, 'expected': 4, 'predicted': 0, 'false_positive': 0, 'recall': 0.0, 'precision': None}",converge_then_fork,22,"{'matched': 0, 'expected': 31, 'predicted': 0, 'false_positive': 0, 'recall': 0.0, 'precision': None}",ordinary_logs,w0154
business-0,active,22,,no_independent_historical_duty_labels,"{'matched': 31, 'expected': 31, 'predicted': 31, 'false_positive': 0, 'recall': 1.0, 'precision': 1.0}",fcb84498b0d791f53955f823fb9c2a7bb9ea9587d49580bc70ca8dd6d9e7627b,none,final-v1:converge_then_fork:active:business-0,0,0,1206426,False,0,0,"{'matched': 4, 'expected': 4, 'predicted': 4, 'false_positive': 0, 'recall': 1.0, 'precision': 1.0}",converge_then_fork,22,"{'matched': 0, 'expected': 31, 'predicted': 0, 'false_positive': 0, 'recall': 0.0, 'precision': None}",no_receipts,w0154
business-0,active,22,,no_independent_historical_duty_labels,"{'matched': 0, 'expected': 31, 'predicted': 0, 'false_positive': 0, 'recall': 0.0, 'precision': None}",fcb84498b0d791f53955f823fb9c2a7bb9ea9587d49580bc70ca8dd6d9e7627b,none,final-v1:converge_then_fork:active:business-0,0,0,2438,False,0,0,"{'matched': 0, 'expected': 4, 'predicted': 0, 'false_positive': 0, 'recall': 0.0, 'precision': None}",converge_then_fork,22,"{'matched': 0, 'expected': 31, 'predicted': 0, 'false_positive': 0, 'recall': 0.0, 'precision': None}",opaque_relay,w0154
business-0,active,22,,no_independent_historical_duty_labels,"{'matched': 31, 'expected': 31, 'predicted': 31, 'false_positive': 0, 'recall': 1.0, 'precision': 1.0}",fcb84498b0d791f53955f823fb9c2a7bb9ea9587d49580bc70ca8dd6d9e7627b,missing_link,final-v1:converge_then_fork:active:business-0,0,0,1250953,True,0,0,"{'matched': 4, 'expected': 4, 'predicted': 4, 'false_positive': 0, 'recall': 1.0, 'precision': 1.0}",converge_then_fork,22,"{'matched': 31, 'expected': 31, 'predicted': 31, 'false_positive': 0, 'recall': 1.0, 'precision': 1.0}",full,w0154
business-0,active,22,,no_independent_historical_duty_labels,"{'matched': 31, 'expected': 31, 'predicted': 31, 'false_positive': 0, 'recall': 1.0, 'precision': 1.0}",fcb84498b0d791f53955f823fb9c2a7bb9ea9587d49580bc70ca8dd6d9e7627b,tampered_receipt,final-v1:converge_then_fork:active:business-0,0,0,1264456,True,0,1,"{'matched': 4, 'expected': 4, 'predicted': 4, 'false_positive': 0, 'recall': 1.0, 'precision': 1.0}",converge_then_fork,22,"{'matched': 30, 'expected': 31, 'predicted': 30, 'false_positive': 0, 'recall': 0.967741935483871, 'precision': 1.0}",full,w0154
business-1,active,22,,no_independent_historical_duty_labels,"{'matched': 31, 'expected': 31, 'predicted': 31, 'false_positive': 0, 'recall': 1.0, 'precision': 1.0}",d3f0c13ef4dc81dbaadd67607e2820086a96447d24a4b5dbb3c589463fe30bf7,none,final-v1:converge_then_fork:active:business-1,0,0,1265105,False,0,0,"{'matched': 4, 'expected': 4, 'predicted': 4, 'false_positive': 0, 'recall': 1.0, 'precision': 1.0}",converge_then_fork,22,"{'matched': 31, 'expected': 31, 'predicted': 31, 'false_positive': 0, 'recall': 1.0, 'precision': 1.0}",full,w0159
business-1,active,22,,no_independent_historical_duty_labels,"{'matched': 31, 'expected': 31, 'predicted': 31, 'false_positive': 0, 'recall': 1.0, 'precision': 1.0}",d3f0c13ef4dc81dbaadd67607e2820086a96447d24a4b5dbb3c589463fe30bf7,none,final-v1:converge_then_fork:active:business-1,0,0,6843,False,0,0,"{'matched': 0, 'expected': 4, 'predicted': 0, 'false_positive': 0, 'recall': 0.0, 'precision': None}",converge_then_fork,22,"{'matched': 0, 'expected': 31, 'predicted': 0, 'false_positive': 0, 'recall': 0.0, 'precision': None}",ordinary_logs,w0159
business-1,active,22,,no_independent_historical_duty_labels,"{'matched': 31, 'expected': 31, 'predicted': 31, 'false_positive': 0, 'recall': 1.0, 'precision': 1.0}",d3f0c13ef4dc81dbaadd67607e2820086a96447d24a4b5dbb3c589463fe30bf7,none,final-v1:converge_then_fork:active:business-1,0,0,1206430,False,0,0,"{'matched': 4, 'expected': 4, 'predicted': 4, 'false_positive': 0, 'recall': 1.0, 'precision': 1.0}",converge_then_fork,22,"{'matched': 0, 'expected': 31, 'predicted': 0, 'false_positive': 0, 'recall': 0.0, 'precision': None}",no_receipts,w0159
business-1,active,22,,no_independent_historical_duty_labels,"{'matched': 0, 'expected': 31, 'predicted': 0, 'false_positive': 0, 'recall': 0.0, 'precision': None}",d3f0c13ef4dc81dbaadd67607e2820086a96447d24a4b5dbb3c589463fe30bf7,none,final-v1:converge_then_fork:active:business-1,0,0,2438,False,0,0,"{'matched': 0, 'expected': 4, 'predicted': 0, 'false_positive': 0, 'recall': 0.0, 'precision': None}",converge_then_fork,22,"{'matched': 0, 'expected': 31, 'predicted': 0, 'false_positive': 0, 'recall': 0.0, 'precision': None}",opaque_relay,w0159
business-1,active,22,,no_independent_historical_duty_labels,"{'matched': 31, 'expected': 31, 'predicted': 31, 'false_positive': 0, 'recall': 1.0, 'precision': 1.0}",d3f0c13ef4dc81dbaadd67607e2820086a96447d24a4b5dbb3c589463fe30bf7,missing_link,final-v1:converge_then_fork:active:business-1,0,0,1250957,True,0,0,"{'matched': 4, 'expected': 4, 'predicted': 4, 'false_positive': 0, 'recall': 1.0, 'precision': 1.0}",converge_then_fork,22,"{'matched': 31, 'expected': 31, 'predicted': 31, 'false_positive': 0, 'recall': 1.0, 'precision': 1.0}",full,w0159
business-1,active,22,,no_independent_historical_duty_labels,"{'matched': 31, 'expected': 31, 'predicted': 31, 'false_positive': 0, 'recall': 1.0, 'precision': 1.0}",d3f0c13ef4dc81dbaadd67607e2820086a96447d24a4b5dbb3c589463fe30bf7,tampered_receipt,final-v1:converge_then_fork:active:business-1,0,0,1264460,True,0,1,"{'matched': 4, 'expected': 4, 'predicted': 4, 'false_positive': 0, 'recall': 1.0, 'precision': 1.0}",converge_then_fork,22,"{'matched': 30, 'expected': 31, 'predicted': 30, 'false_positive': 0, 'recall': 0.967741935483871, 'precision': 1.0}",full,w0159
business-0,tampered_handoff,21,,no_independent_historical_duty_labels,"{'matched': 29, 'expected': 29, 'predicted': 29, 'false_positive': 0, 'recall': 1.0, 'precision': 1.0}",799b19ea7e6d581c1957e5c5921526b12bf3da2a293fb22c4aa94bf32fb8e8d1,none,final-v1:converge_then_fork:tampered_handoff:business-0,0,0,1202927,False,0,3,"{'matched': 4, 'expected': 4, 'predicted': 4, 'false_positive': 0, 'recall': 1.0, 'precision': 1.0}",converge_then_fork,21,"{'matched': 29, 'expected': 29, 'predicted': 29, 'false_positive': 0, 'recall': 1.0, 'precision': 1.0}",full,w0164
business-0,tampered_handoff,21,,no_independent_historical_duty_labels,"{'matched': 29, 'expected': 29, 'predicted': 29, 'false_positive': 0, 'recall': 1.0, 'precision': 1.0}",799b19ea7e6d581c1957e5c5921526b12bf3da2a293fb22c4aa94bf32fb8e8d1,none,final-v1:converge_then_fork:tampered_handoff:business-0,0,0,6469,False,0,0,"{'matched': 0, 'expected': 4, 'predicted': 0, 'false_positive': 0, 'recall': 0.0, 'precision': None}",converge_then_fork,21,"{'matched': 0, 'expected': 29, 'predicted': 0, 'false_positive': 0, 'recall': 0.0, 'precision': None}",ordinary_logs,w0164
business-0,tampered_handoff,21,,no_independent_historical_duty_labels,"{'matched': 29, 'expected': 29, 'predicted': 29, 'false_positive': 0, 'recall': 1.0, 'precision': 1.0}",799b19ea7e6d581c1957e5c5921526b12bf3da2a293fb22c4aa94bf32fb8e8d1,none,final-v1:converge_then_fork:tampered_handoff:business-0,0,0,1147186,False,0,3,"{'matched': 4, 'expected': 4, 'predicted': 4, 'false_positive': 0, 'recall': 1.0, 'precision': 1.0}",converge_then_fork,21,"{'matched': 0, 'expected': 29, 'predicted': 0, 'false_positive': 0, 'recall': 0.0, 'precision': None}",no_receipts,w0164
business-0,tampered_handoff,21,,no_independent_historical_duty_labels,"{'matched': 0, 'expected': 29, 'predicted': 0, 'false_positive': 0, 'recall': 0.0, 'precision': None}",799b19ea7e6d581c1957e5c5921526b12bf3da2a293fb22c4aa94bf32fb8e8d1,none,final-v1:converge_then_fork:tampered_handoff:business-0,0,0,2381,False,0,0,"{'matched': 0, 'expected': 4, 'predicted': 0, 'false_positive': 0, 'recall': 0.0, 'precision': None}",converge_then_fork,21,"{'matched': 0, 'expected': 29, 'predicted': 0, 'false_positive': 0, 'recall': 0.0, 'precision': None}",opaque_relay,w0164
business-0,tampered_handoff,21,,no_independent_historical_duty_labels,"{'matched': 29, 'expected': 29, 'predicted': 29, 'false_positive': 0, 'recall': 1.0, 'precision': 1.0}",799b19ea7e6d581c1957e5c5921526b12bf3da2a293fb22c4aa94bf32fb8e8d1,missing_link,final-v1:converge_then_fork:tampered_handoff:business-0,0,0,1189214,True,0,3,"{'matched': 4, 'expected': 4, 'predicted': 4, 'false_positive': 0, 'recall': 1.0, 'precision': 1.0}",converge_then_fork,21,"{'matched': 29, 'expected': 29, 'predicted': 29, 'false_positive': 0, 'recall': 1.0, 'precision': 1.0}",full,w0164
business-0,tampered_handoff,21,,no_independent_historical_duty_labels,"{'matched': 29, 'expected': 29, 'predicted': 29, 'false_positive': 0, 'recall': 1.0, 'precision': 1.0}",799b19ea7e6d581c1957e5c5921526b12bf3da2a293fb22c4aa94bf32fb8e8d1,tampered_receipt,final-v1:converge_then_fork:tampered_handoff:business-0,0,0,1202272,True,0,4,"{'matched': 4, 'expected': 4, 'predicted': 4, 'false_positive': 0, 'recall': 1.0, 'precision': 1.0}",converge_then_fork,21,"{'matched': 28, 'expected': 29, 'predicted': 28, 'false_positive': 0, 'recall': 0.9655172413793104, 'precision': 1.0}",full,w0164
business-1,tampered_handoff,21,,no_independent_historical_duty_labels,"{'matched': 29, 'expected': 29, 'predicted': 29, 'false_positive': 0, 'recall': 1.0, 'precision': 1.0}",26abaa2e228e463312ada038db09dadbbc3b28071aaa11680061f804ee3d0e3a,none,final-v1:converge_then_fork:tampered_handoff:business-1,0,0,1202953,False,0,3,"{'matched': 4, 'expected': 4, 'predicted': 4, 'false_positive': 0, 'recall': 1.0, 'precision': 1.0}",converge_then_fork,21,"{'matched': 29, 'expected': 29, 'predicted': 29, 'false_positive': 0, 'recall': 1.0, 'precision': 1.0}",full,w0169
business-1,tampered_handoff,21,,no_independent_historical_duty_labels,"{'matched': 29, 'expected': 29, 'predicted': 29, 'false_positive': 0, 'recall': 1.0, 'precision': 1.0}",26abaa2e228e463312ada038db09dadbbc3b28071aaa11680061f804ee3d0e3a,none,final-v1:converge_then_fork:tampered_handoff:business-1,0,0,6469,False,0,0,"{'matched': 0, 'expected': 4, 'predicted': 0, 'false_positive': 0, 'recall': 0.0, 'precision': None}",converge_then_fork,21,"{'matched': 0, 'expected': 29, 'predicted': 0, 'false_positive': 0, 'recall': 0.0, 'precision': None}",ordinary_logs,w0169
business-1,tampered_handoff,21,,no_independent_historical_duty_labels,"{'matched': 29, 'expected': 29, 'predicted': 29, 'false_positive': 0, 'recall': 1.0, 'precision': 1.0}",26abaa2e228e463312ada038db09dadbbc3b28071aaa11680061f804ee3d0e3a,none,final-v1:converge_then_fork:tampered_handoff:business-1,0,0,1147212,False,0,3,"{'matched': 4, 'expected': 4, 'predicted': 4, 'false_positive': 0, 'recall': 1.0, 'precision': 1.0}",converge_then_fork,21,"{'matched': 0, 'expected': 29, 'predicted': 0, 'false_positive': 0, 'recall': 0.0, 'precision': None}",no_receipts,w0169
business-1,tampered_handoff,21,,no_independent_historical_duty_labels,"{'matched': 0, 'expected': 29, 'predicted': 0, 'false_positive': 0, 'recall': 0.0, 'precision': None}",26abaa2e228e463312ada038db09dadbbc3b28071aaa11680061f804ee3d0e3a,none,final-v1:converge_then_fork:tampered_handoff:business-1,0,0,2381,False,0,0,"{'matched': 0, 'expected': 4, 'predicted': 0, 'false_positive': 0, 'recall': 0.0, 'precision': None}",converge_then_fork,21,"{'matched': 0, 'expected': 29, 'predicted': 0, 'false_positive': 0, 'recall': 0.0, 'precision': None}",opaque_relay,w0169
business-1,tampered_handoff,21,,no_independent_historical_duty_labels,"{'matched': 29, 'expected': 29, 'predicted': 29, 'false_positive': 0, 'recall': 1.0, 'precision': 1.0}",26abaa2e228e463312ada038db09dadbbc3b28071aaa11680061f804ee3d0e3a,missing_link,final-v1:converge_then_fork:tampered_handoff:business-1,0,0,1189240,True,0,3,"{'matched': 4, 'expected': 4, 'predicted': 4, 'false_positive': 0, 'recall': 1.0, 'precision': 1.0}",converge_then_fork,21,"{'matched': 29, 'expected': 29, 'predicted': 29, 'false_positive': 0, 'recall': 1.0, 'precision': 1.0}",full,w0169
business-1,tampered_handoff,21,,no_independent_historical_duty_labels,"{'matched': 29, 'expected': 29, 'predicted': 29, 'false_positive': 0, 'recall': 1.0, 'precision': 1.0}",26abaa2e228e463312ada038db09dadbbc3b28071aaa11680061f804ee3d0e3a,tampered_receipt,final-v1:converge_then_fork:tampered_handoff:business-1,0,0,1202298,True,0,4,"{'matched': 4, 'expected': 4, 'predicted': 4, 'false_positive': 0, 'recall': 1.0, 'precision': 1.0}",converge_then_fork,21,"{'matched': 28, 'expected': 29, 'predicted': 28, 'false_positive': 0, 'recall': 0.9655172413793104, 'precision': 1.0}",full,w0169
business-0,root_retraction,11,,no_independent_historical_duty_labels,"{'matched': 22, 'expected': 22, 'predicted': 22, 'false_positive': 0, 'recall': 1.0, 'precision': 1.0}",fdedbf07d5471829b00130e74e006b416b1b32e4ee895fe49ead1c093c6c3ce8,none,final-v1:converge_then_fork:root_retraction:business-0,0,0,902757,False,0,0,"{'matched': 4, 'expected': 4, 'predicted': 4, 'false_positive': 0, 'recall': 1.0, 'precision': 1.0}",converge_then_fork,11,"{'matched': 22, 'expected': 22, 'predicted': 22, 'false_positive': 0, 'recall': 1.0, 'precision': 1.0}",full,w0174
business-0,root_retraction,11,,no_independent_historical_duty_labels,"{'matched': 22, 'expected': 22, 'predicted': 22, 'false_positive': 0, 'recall': 1.0, 'precision': 1.0}",fdedbf07d5471829b00130e74e006b416b1b32e4ee895fe49ead1c093c6c3ce8,none,final-v1:converge_then_fork:root_retraction:business-0,0,0,5010,False,0,0,"{'matched': 0, 'expected': 4, 'predicted': 0, 'false_positive': 0, 'recall': 0.0, 'precision': None}",converge_then_fork,11,"{'matched': 0, 'expected': 22, 'predicted': 0, 'false_positive': 0, 'recall': 0.0, 'precision': None}",ordinary_logs,w0174
business-0,root_retraction,11,,no_independent_historical_duty_labels,"{'matched': 22, 'expected': 22, 'predicted': 22, 'false_positive': 0, 'recall': 1.0, 'precision': 1.0}",fdedbf07d5471829b00130e74e006b416b1b32e4ee895fe49ead1c093c6c3ce8,none,final-v1:converge_then_fork:root_retraction:business-0,0,0,860528,False,0,0,"{'matched': 4, 'expected': 4, 'predicted': 4, 'false_positive': 0, 'recall': 1.0, 'precision': 1.0}",converge_then_fork,11,"{'matched': 0, 'expected': 22, 'predicted': 0, 'false_positive': 0, 'recall': 0.0, 'precision': None}",no_receipts,w0174
business-0,root_retraction,11,,no_independent_historical_duty_labels,"{'matched': 0, 'expected': 22, 'predicted': 0, 'false_positive': 0, 'recall': 0.0, 'precision': None}",fdedbf07d5471829b00130e74e006b416b1b32e4ee895fe49ead1c093c6c3ce8,none,final-v1:converge_then_fork:root_retraction:business-0,0,0,1710,False,0,0,"{'matched': 0, 'expected': 4, 'predicted': 0, 'false_positive': 0, 'recall': 0.0, 'precision': None}",converge_then_fork,11,"{'matched': 0, 'expected': 22, 'predicted': 0, 'false_positive': 0, 'recall': 0.0, 'precision': None}",opaque_relay,w0174
business-0,root_retraction,11,,no_independent_historical_duty_labels,"{'matched': 22, 'expected': 22, 'predicted': 22, 'false_positive': 0, 'recall': 1.0, 'precision': 1.0}",fdedbf07d5471829b00130e74e006b416b1b32e4ee895fe49ead1c093c6c3ce8,missing_link,final-v1:converge_then_fork:root_retraction:business-0,0,0,888324,True,0,0,"{'matched': 4, 'expected': 4, 'predicted': 4, 'false_positive': 0, 'recall': 1.0, 'precision': 1.0}",converge_then_fork,11,"{'matched': 22, 'expected': 22, 'predicted': 22, 'false_positive': 0, 'recall': 1.0, 'precision': 1.0}",full,w0174
business-0,root_retraction,11,,no_independent_historical_duty_labels,"{'matched': 22, 'expected': 22, 'predicted': 22, 'false_positive': 0, 'recall': 1.0, 'precision': 1.0}",fdedbf07d5471829b00130e74e006b416b1b32e4ee895fe49ead1c093c6c3ce8,tampered_receipt,final-v1:converge_then_fork:root_retraction:business-0,0,0,902103,True,0,1,"{'matched': 4, 'expected': 4, 'predicted': 4, 'false_positive': 0, 'recall': 1.0, 'precision': 1.0}",converge_then_fork,11,"{'matched': 21, 'expected': 22, 'predicted': 21, 'false_positive': 0, 'recall': 0.9545454545454546, 'precision': 1.0}",full,w0174
business-1,root_retraction,11,,no_independent_historical_duty_labels,"{'matched': 22, 'expected': 22, 'predicted': 22, 'false_positive': 0, 'recall': 1.0, 'precision': 1.0}",1ec2d0f5bb445cd4842e0b2b68ce0aa14334ec86f70eeac426571cb42b8799f4,none,final-v1:converge_then_fork:root_retraction:business-1,0,0,902030,False,0,0,"{'matched': 4, 'expected': 4, 'predicted': 4, 'false_positive': 0, 'recall': 1.0, 'precision': 1.0}",converge_then_fork,11,"{'matched': 22, 'expected': 22, 'predicted': 22, 'false_positive': 0, 'recall': 1.0, 'precision': 1.0}",full,w0179
business-1,root_retraction,11,,no_independent_historical_duty_labels,"{'matched': 22, 'expected': 22, 'predicted': 22, 'false_positive': 0, 'recall': 1.0, 'precision': 1.0}",1ec2d0f5bb445cd4842e0b2b68ce0aa14334ec86f70eeac426571cb42b8799f4,none,final-v1:converge_then_fork:root_retraction:business-1,0,0,5010,False,0,0,"{'matched': 0, 'expected': 4, 'predicted': 0, 'false_positive': 0, 'recall': 0.0, 'precision': None}",converge_then_fork,11,"{'matched': 0, 'expected': 22, 'predicted': 0, 'false_positive': 0, 'recall': 0.0, 'precision': None}",ordinary_logs,w0179
business-1,root_retraction,11,,no_independent_historical_duty_labels,"{'matched': 22, 'expected': 22, 'predicted': 22, 'false_positive': 0, 'recall': 1.0, 'precision': 1.0}",1ec2d0f5bb445cd4842e0b2b68ce0aa14334ec86f70eeac426571cb42b8799f4,none,final-v1:converge_then_fork:root_retraction:business-1,0,0,859801,False,0,0,"{'matched': 4, 'expected': 4, 'predicted': 4, 'false_positive': 0, 'recall': 1.0, 'precision': 1.0}",converge_then_fork,11,"{'matched': 0, 'expected': 22, 'predicted': 0, 'false_positive': 0, 'recall': 0.0, 'precision': None}",no_receipts,w0179
business-1,root_retraction,11,,no_independent_historical_duty_labels,"{'matched': 0, 'expected': 22, 'predicted': 0, 'false_positive': 0, 'recall': 0.0, 'precision': None}",1ec2d0f5bb445cd4842e0b2b68ce0aa14334ec86f70eeac426571cb42b8799f4,none,final-v1:converge_then_fork:root_retraction:business-1,0,0,1710,False,0,0,"{'matched': 0, 'expected': 4, 'predicted': 0, 'false_positive': 0, 'recall': 0.0, 'precision': None}",converge_then_fork,11,"{'matched': 0, 'expected': 22, 'predicted': 0, 'false_positive': 0, 'recall': 0.0, 'precision': None}",opaque_relay,w0179
business-1,root_retraction,11,,no_independent_historical_duty_labels,"{'matched': 22, 'expected': 22, 'predicted': 22, 'false_positive': 0, 'recall': 1.0, 'precision': 1.0}",1ec2d0f5bb445cd4842e0b2b68ce0aa14334ec86f70eeac426571cb42b8799f4,missing_link,final-v1:converge_then_fork:root_retraction:business-1,0,0,889599,True,0,0,"{'matched': 4, 'expected': 4, 'predicted': 4, 'false_positive': 0, 'recall': 1.0, 'precision': 1.0}",converge_then_fork,11,"{'matched': 22, 'expected': 22, 'predicted': 22, 'false_positive': 0, 'recall': 1.0, 'precision': 1.0}",full,w0179
business-1,root_retraction,11,,no_independent_historical_duty_labels,"{'matched': 22, 'expected': 22, 'predicted': 22, 'false_positive': 0, 'recall': 1.0, 'precision': 1.0}",1ec2d0f5bb445cd4842e0b2b68ce0aa14334ec86f70eeac426571cb42b8799f4,tampered_receipt,final-v1:converge_then_fork:root_retraction:business-1,0,0,901376,True,0,1,"{'matched': 4, 'expected': 4, 'predicted': 4, 'false_positive': 0, 'recall': 1.0, 'precision': 1.0}",converge_then_fork,11,"{'matched': 21, 'expected': 22, 'predicted': 21, 'false_positive': 0, 'recall': 0.9545454545454546, 'precision': 1.0}",full,w0179
business-0,intermediate_retraction,11,,no_independent_historical_duty_labels,"{'matched': 23, 'expected': 23, 'predicted': 23, 'false_positive': 0, 'recall': 1.0, 'precision': 1.0}",0efb5acd357d34b2273917ea8592204c33d6046b8db50859302f6f7c6cb919a1,none,final-v1:converge_then_fork:intermediate_retraction:business-0,0,0,938711,False,0,0,"{'matched': 4, 'expected': 4, 'predicted': 4, 'false_positive': 0, 'recall': 1.0, 'precision': 1.0}",converge_then_fork,11,"{'matched': 23, 'expected': 23, 'predicted': 23, 'false_positive': 0, 'recall': 1.0, 'precision': 1.0}",full,w0184
business-0,intermediate_retraction,11,,no_independent_historical_duty_labels,"{'matched': 23, 'expected': 23, 'predicted': 23, 'false_positive': 0, 'recall': 1.0, 'precision': 1.0}",0efb5acd357d34b2273917ea8592204c33d6046b8db50859302f6f7c6cb919a1,none,final-v1:converge_then_fork:intermediate_retraction:business-0,0,0,5141,False,0,0,"{'matched': 0, 'expected': 4, 'predicted': 0, 'false_positive': 0, 'recall': 0.0, 'precision': None}",converge_then_fork,11,"{'matched': 0, 'expected': 23, 'predicted': 0, 'false_positive': 0, 'recall': 0.0, 'precision': None}",ordinary_logs,w0184
business-0,intermediate_retraction,11,,no_independent_historical_duty_labels,"{'matched': 23, 'expected': 23, 'predicted': 23, 'false_positive': 0, 'recall': 1.0, 'precision': 1.0}",0efb5acd357d34b2273917ea8592204c33d6046b8db50859302f6f7c6cb919a1,none,final-v1:converge_then_fork:intermediate_retraction:business-0,0,0,894009,False,0,0,"{'matched': 4, 'expected': 4, 'predicted': 4, 'false_positive': 0, 'recall': 1.0, 'precision': 1.0}",converge_then_fork,11,"{'matched': 0, 'expected': 23, 'predicted': 0, 'false_positive': 0, 'recall': 0.0, 'precision': None}",no_receipts,w0184
business-0,intermediate_retraction,11,,no_independent_historical_duty_labels,"{'matched': 0, 'expected': 23, 'predicted': 0, 'false_positive': 0, 'recall': 0.0, 'precision': None}",0efb5acd357d34b2273917ea8592204c33d6046b8db50859302f6f7c6cb919a1,none,final-v1:converge_then_fork:intermediate_retraction:business-0,0,0,1718,False,0,0,"{'matched': 0, 'expected': 4, 'predicted': 0, 'false_positive': 0, 'recall': 0.0, 'precision': None}",converge_then_fork,11,"{'matched': 0, 'expected': 23, 'predicted': 0, 'false_positive': 0, 'recall': 0.0, 'precision': None}",opaque_relay,w0184
business-0,intermediate_retraction,11,,no_independent_historical_duty_labels,"{'matched': 23, 'expected': 23, 'predicted': 23, 'false_positive': 0, 'recall': 1.0, 'precision': 1.0}",0efb5acd357d34b2273917ea8592204c33d6046b8db50859302f6f7c6cb919a1,missing_link,final-v1:converge_then_fork:intermediate_retraction:business-0,0,0,924817,True,0,0,"{'matched': 4, 'expected': 4, 'predicted': 4, 'false_positive': 0, 'recall': 1.0, 'precision': 1.0}",converge_then_fork,11,"{'matched': 23, 'expected': 23, 'predicted': 23, 'false_positive': 0, 'recall': 1.0, 'precision': 1.0}",full,w0184
business-0,intermediate_retraction,11,,no_independent_historical_duty_labels,"{'matched': 23, 'expected': 23, 'predicted': 23, 'false_positive': 0, 'recall': 1.0, 'precision': 1.0}",0efb5acd357d34b2273917ea8592204c33d6046b8db50859302f6f7c6cb919a1,tampered_receipt,final-v1:converge_then_fork:intermediate_retraction:business-0,0,0,938049,True,0,1,"{'matched': 4, 'expected': 4, 'predicted': 4, 'false_positive': 0, 'recall': 1.0, 'precision': 1.0}",converge_then_fork,11,"{'matched': 22, 'expected': 23, 'predicted': 22, 'false_positive': 0, 'recall': 0.9565217391304348, 'precision': 1.0}",full,w0184
business-1,intermediate_retraction,12,,no_independent_historical_duty_labels,"{'matched': 23, 'expected': 23, 'predicted': 23, 'false_positive': 0, 'recall': 1.0, 'precision': 1.0}",0651dd9fd89935f6f98e60c66f6ad18c9a4e663a96df7489844329a6bb1d8669,none,final-v1:converge_then_fork:intermediate_retraction:business-1,0,0,867991,False,0,0,"{'matched': 4, 'expected': 4, 'predicted': 4, 'false_positive': 0, 'recall': 1.0, 'precision': 1.0}",converge_then_fork,12,"{'matched': 23, 'expected': 23, 'predicted': 23, 'false_positive': 0, 'recall': 1.0, 'precision': 1.0}",full,w0189
business-1,intermediate_retraction,12,,no_independent_historical_duty_labels,"{'matched': 23, 'expected': 23, 'predicted': 23, 'false_positive': 0, 'recall': 1.0, 'precision': 1.0}",0651dd9fd89935f6f98e60c66f6ad18c9a4e663a96df7489844329a6bb1d8669,none,final-v1:converge_then_fork:intermediate_retraction:business-1,0,0,5208,False,0,0,"{'matched': 0, 'expected': 4, 'predicted': 0, 'false_positive': 0, 'recall': 0.0, 'precision': None}",converge_then_fork,12,"{'matched': 0, 'expected': 23, 'predicted': 0, 'false_positive': 0, 'recall': 0.0, 'precision': None}",ordinary_logs,w0189
business-1,intermediate_retraction,12,,no_independent_historical_duty_labels,"{'matched': 23, 'expected': 23, 'predicted': 23, 'false_positive': 0, 'recall': 1.0, 'precision': 1.0}",0651dd9fd89935f6f98e60c66f6ad18c9a4e663a96df7489844329a6bb1d8669,none,final-v1:converge_then_fork:intermediate_retraction:business-1,0,0,823289,False,0,0,"{'matched': 4, 'expected': 4, 'predicted': 4, 'false_positive': 0, 'recall': 1.0, 'precision': 1.0}",converge_then_fork,12,"{'matched': 0, 'expected': 23, 'predicted': 0, 'false_positive': 0, 'recall': 0.0, 'precision': None}",no_receipts,w0189
business-1,intermediate_retraction,12,,no_independent_historical_duty_labels,"{'matched': 0, 'expected': 23, 'predicted': 0, 'false_positive': 0, 'recall': 0.0, 'precision': None}",0651dd9fd89935f6f98e60c66f6ad18c9a4e663a96df7489844329a6bb1d8669,none,final-v1:converge_then_fork:intermediate_retraction:business-1,0,0,1785,False,0,0,"{'matched': 0, 'expected': 4, 'predicted': 0, 'false_positive': 0, 'recall': 0.0, 'precision': None}",converge_then_fork,12,"{'matched': 0, 'expected': 23, 'predicted': 0, 'false_positive': 0, 'recall': 0.0, 'precision': None}",opaque_relay,w0189
business-1,intermediate_retraction,12,,no_independent_historical_duty_labels,"{'matched': 23, 'expected': 23, 'predicted': 23, 'false_positive': 0, 'recall': 1.0, 'precision': 1.0}",0651dd9fd89935f6f98e60c66f6ad18c9a4e663a96df7489844329a6bb1d8669,missing_link,final-v1:converge_then_fork:intermediate_retraction:business-1,0,0,856731,True,0,0,"{'matched': 4, 'expected': 4, 'predicted': 4, 'false_positive': 0, 'recall': 1.0, 'precision': 1.0}",converge_then_fork,12,"{'matched': 23, 'expected': 23, 'predicted': 23, 'false_positive': 0, 'recall': 1.0, 'precision': 1.0}",full,w0189
business-1,intermediate_retraction,12,,no_independent_historical_duty_labels,"{'matched': 23, 'expected': 23, 'predicted': 23, 'false_positive': 0, 'recall': 1.0, 'precision': 1.0}",0651dd9fd89935f6f98e60c66f6ad18c9a4e663a96df7489844329a6bb1d8669,tampered_receipt,final-v1:converge_then_fork:intermediate_retraction:business-1,0,0,867329,True,0,1,"{'matched': 4, 'expected': 4, 'predicted': 4, 'false_positive': 0, 'recall': 1.0, 'precision': 1.0}",converge_then_fork,12,"{'matched': 22, 'expected': 23, 'predicted': 22, 'false_positive': 0, 'recall': 0.9565217391304348, 'precision': 1.0}",full,w0189
business-0,branch_retraction,20,,no_independent_historical_duty_labels,"{'matched': 30, 'expected': 30, 'predicted': 30, 'false_positive': 0, 'recall': 1.0, 'precision': 1.0}",260a00a983d9b055c91d4ed8bb17fb79d909a199e255497411b9be22937c482e,none,final-v1:converge_then_fork:branch_retraction:business-0,0,0,1152582,False,0,0,"{'matched': 4, 'expected': 4, 'predicted': 4, 'false_positive': 0, 'recall': 1.0, 'precision': 1.0}",converge_then_fork,20,"{'matched': 30, 'expected': 30, 'predicted': 30, 'false_positive': 0, 'recall': 1.0, 'precision': 1.0}",full,w0194
business-0,branch_retraction,20,,no_independent_historical_duty_labels,"{'matched': 30, 'expected': 30, 'predicted': 30, 'false_positive': 0, 'recall': 1.0, 'precision': 1.0}",260a00a983d9b055c91d4ed8bb17fb79d909a199e255497411b9be22937c482e,none,final-v1:converge_then_fork:branch_retraction:business-0,0,0,6595,False,0,0,"{'matched': 0, 'expected': 4, 'predicted': 0, 'false_positive': 0, 'recall': 0.0, 'precision': None}",converge_then_fork,20,"{'matched': 0, 'expected': 30, 'predicted': 0, 'false_positive': 0, 'recall': 0.0, 'precision': None}",ordinary_logs,w0194
business-0,branch_retraction,20,,no_independent_historical_duty_labels,"{'matched': 30, 'expected': 30, 'predicted': 30, 'false_positive': 0, 'recall': 1.0, 'precision': 1.0}",260a00a983d9b055c91d4ed8bb17fb79d909a199e255497411b9be22937c482e,none,final-v1:converge_then_fork:branch_retraction:business-0,0,0,1094817,False,0,0,"{'matched': 4, 'expected': 4, 'predicted': 4, 'false_positive': 0, 'recall': 1.0, 'precision': 1.0}",converge_then_fork,20,"{'matched': 0, 'expected': 30, 'predicted': 0, 'false_positive': 0, 'recall': 0.0, 'precision': None}",no_receipts,w0194
business-0,branch_retraction,20,,no_independent_historical_duty_labels,"{'matched': 0, 'expected': 30, 'predicted': 0, 'false_positive': 0, 'recall': 0.0, 'precision': None}",260a00a983d9b055c91d4ed8bb17fb79d909a199e255497411b9be22937c482e,none,final-v1:converge_then_fork:branch_retraction:business-0,0,0,2315,False,0,0,"{'matched': 0, 'expected': 4, 'predicted': 0, 'false_positive': 0, 'recall': 0.0, 'precision': None}",converge_then_fork,20,"{'matched': 0, 'expected': 30, 'predicted': 0, 'false_positive': 0, 'recall': 0.0, 'precision': None}",opaque_relay,w0194
business-0,branch_retraction,20,,no_independent_historical_duty_labels,"{'matched': 30, 'expected': 30, 'predicted': 30, 'false_positive': 0, 'recall': 1.0, 'precision': 1.0}",260a00a983d9b055c91d4ed8bb17fb79d909a199e255497411b9be22937c482e,missing_link,final-v1:converge_then_fork:branch_retraction:business-0,0,0,1139502,True,0,0,"{'matched': 4, 'expected': 4, 'predicted': 4, 'false_positive': 0, 'recall': 1.0, 'precision': 1.0}",converge_then_fork,20,"{'matched': 30, 'expected': 30, 'predicted': 30, 'false_positive': 0, 'recall': 1.0, 'precision': 1.0}",full,w0194
business-0,branch_retraction,20,,no_independent_historical_duty_labels,"{'matched': 30, 'expected': 30, 'predicted': 30, 'false_positive': 0, 'recall': 1.0, 'precision': 1.0}",260a00a983d9b055c91d4ed8bb17fb79d909a199e255497411b9be22937c482e,tampered_receipt,final-v1:converge_then_fork:branch_retraction:business-0,0,0,1151926,True,0,1,"{'matched': 4, 'expected': 4, 'predicted': 4, 'false_positive': 0, 'recall': 1.0, 'precision': 1.0}",converge_then_fork,20,"{'matched': 29, 'expected': 30, 'predicted': 29, 'false_positive': 0, 'recall': 0.9666666666666667, 'precision': 1.0}",full,w0194
business-1,branch_retraction,20,,no_independent_historical_duty_labels,"{'matched': 30, 'expected': 30, 'predicted': 30, 'false_positive': 0, 'recall': 1.0, 'precision': 1.0}",850a9e04f5fa930adc308ea6073291897b74654ce4cf9c6ca4cfc88d06fc0d2c,none,final-v1:converge_then_fork:branch_retraction:business-1,0,0,1152592,False,0,0,"{'matched': 4, 'expected': 4, 'predicted': 4, 'false_positive': 0, 'recall': 1.0, 'precision': 1.0}",converge_then_fork,20,"{'matched': 30, 'expected': 30, 'predicted': 30, 'false_positive': 0, 'recall': 1.0, 'precision': 1.0}",full,w0199
business-1,branch_retraction,20,,no_independent_historical_duty_labels,"{'matched': 30, 'expected': 30, 'predicted': 30, 'false_positive': 0, 'recall': 1.0, 'precision': 1.0}",850a9e04f5fa930adc308ea6073291897b74654ce4cf9c6ca4cfc88d06fc0d2c,none,final-v1:converge_then_fork:branch_retraction:business-1,0,0,6595,False,0,0,"{'matched': 0, 'expected': 4, 'predicted': 0, 'false_positive': 0, 'recall': 0.0, 'precision': None}",converge_then_fork,20,"{'matched': 0, 'expected': 30, 'predicted': 0, 'false_positive': 0, 'recall': 0.0, 'precision': None}",ordinary_logs,w0199
business-1,branch_retraction,20,,no_independent_historical_duty_labels,"{'matched': 30, 'expected': 30, 'predicted': 30, 'false_positive': 0, 'recall': 1.0, 'precision': 1.0}",850a9e04f5fa930adc308ea6073291897b74654ce4cf9c6ca4cfc88d06fc0d2c,none,final-v1:converge_then_fork:branch_retraction:business-1,0,0,1094827,False,0,0,"{'matched': 4, 'expected': 4, 'predicted': 4, 'false_positive': 0, 'recall': 1.0, 'precision': 1.0}",converge_then_fork,20,"{'matched': 0, 'expected': 30, 'predicted': 0, 'false_positive': 0, 'recall': 0.0, 'precision': None}",no_receipts,w0199
business-1,branch_retraction,20,,no_independent_historical_duty_labels,"{'matched': 0, 'expected': 30, 'predicted': 0, 'false_positive': 0, 'recall': 0.0, 'precision': None}",850a9e04f5fa930adc308ea6073291897b74654ce4cf9c6ca4cfc88d06fc0d2c,none,final-v1:converge_then_fork:branch_retraction:business-1,0,0,2315,False,0,0,"{'matched': 0, 'expected': 4, 'predicted': 0, 'false_positive': 0, 'recall': 0.0, 'precision': None}",converge_then_fork,20,"{'matched': 0, 'expected': 30, 'predicted': 0, 'false_positive': 0, 'recall': 0.0, 'precision': None}",opaque_relay,w0199
business-1,branch_retraction,20,,no_independent_historical_duty_labels,"{'matched': 30, 'expected': 30, 'predicted': 30, 'false_positive': 0, 'recall': 1.0, 'precision': 1.0}",850a9e04f5fa930adc308ea6073291897b74654ce4cf9c6ca4cfc88d06fc0d2c,missing_link,final-v1:converge_then_fork:branch_retraction:business-1,0,0,1139512,True,0,0,"{'matched': 4, 'expected': 4, 'predicted': 4, 'false_positive': 0, 'recall': 1.0, 'precision': 1.0}",converge_then_fork,20,"{'matched': 30, 'expected': 30, 'predicted': 30, 'false_positive': 0, 'recall': 1.0, 'precision': 1.0}",full,w0199
business-1,branch_retraction,20,,no_independent_historical_duty_labels,"{'matched': 30, 'expected': 30, 'predicted': 30, 'false_positive': 0, 'recall': 1.0, 'precision': 1.0}",850a9e04f5fa930adc308ea6073291897b74654ce4cf9c6ca4cfc88d06fc0d2c,tampered_receipt,final-v1:converge_then_fork:branch_retraction:business-1,0,0,1151936,True,0,1,"{'matched': 4, 'expected': 4, 'predicted': 4, 'false_positive': 0, 'recall': 1.0, 'precision': 1.0}",converge_then_fork,20,"{'matched': 29, 'expected': 30, 'predicted': 29, 'false_positive': 0, 'recall': 0.9666666666666667, 'precision': 1.0}",full,w0199
business-0,late_notice,11,,no_independent_historical_duty_labels,"{'matched': 22, 'expected': 22, 'predicted': 22, 'false_positive': 0, 'recall': 1.0, 'precision': 1.0}",1ac4d7665dba64110a37643f9e7e87a2d0a7f30097674ff109d52ab91468b101,none,final-v1:converge_then_fork:late_notice:business-0,0,0,985961,False,0,0,"{'matched': 4, 'expected': 4, 'predicted': 4, 'false_positive': 0, 'recall': 1.0, 'precision': 1.0}",converge_then_fork,11,"{'matched': 22, 'expected': 22, 'predicted': 22, 'false_positive': 0, 'recall': 1.0, 'precision': 1.0}",full,w0204
business-0,late_notice,11,,no_independent_historical_duty_labels,"{'matched': 22, 'expected': 22, 'predicted': 22, 'false_positive': 0, 'recall': 1.0, 'precision': 1.0}",1ac4d7665dba64110a37643f9e7e87a2d0a7f30097674ff109d52ab91468b101,none,final-v1:converge_then_fork:late_notice:business-0,0,0,5004,False,0,0,"{'matched': 0, 'expected': 4, 'predicted': 0, 'false_positive': 0, 'recall': 0.0, 'precision': None}",converge_then_fork,11,"{'matched': 0, 'expected': 22, 'predicted': 0, 'false_positive': 0, 'recall': 0.0, 'precision': None}",ordinary_logs,w0204
business-0,late_notice,11,,no_independent_historical_duty_labels,"{'matched': 22, 'expected': 22, 'predicted': 22, 'false_positive': 0, 'recall': 1.0, 'precision': 1.0}",1ac4d7665dba64110a37643f9e7e87a2d0a7f30097674ff109d52ab91468b101,none,final-v1:converge_then_fork:late_notice:business-0,0,0,944002,False,0,0,"{'matched': 4, 'expected': 4, 'predicted': 4, 'false_positive': 0, 'recall': 1.0, 'precision': 1.0}",converge_then_fork,11,"{'matched': 0, 'expected': 22, 'predicted': 0, 'false_positive': 0, 'recall': 0.0, 'precision': None}",no_receipts,w0204
business-0,late_notice,11,,no_independent_historical_duty_labels,"{'matched': 0, 'expected': 22, 'predicted': 0, 'false_positive': 0, 'recall': 0.0, 'precision': None}",1ac4d7665dba64110a37643f9e7e87a2d0a7f30097674ff109d52ab91468b101,none,final-v1:converge_then_fork:late_notice:business-0,0,0,1706,False,0,0,"{'matched': 0, 'expected': 4, 'predicted': 0, 'false_positive': 0, 'recall': 0.0, 'precision': None}",converge_then_fork,11,"{'matched': 0, 'expected': 22, 'predicted': 0, 'false_positive': 0, 'recall': 0.0, 'precision': None}",opaque_relay,w0204
business-0,late_notice,11,,no_independent_historical_duty_labels,"{'matched': 22, 'expected': 22, 'predicted': 22, 'false_positive': 0, 'recall': 1.0, 'precision': 1.0}",1ac4d7665dba64110a37643f9e7e87a2d0a7f30097674ff109d52ab91468b101,missing_link,final-v1:converge_then_fork:late_notice:business-0,0,0,972307,True,0,0,"{'matched': 4, 'expected': 4, 'predicted': 4, 'false_positive': 0, 'recall': 1.0, 'precision': 1.0}",converge_then_fork,11,"{'matched': 22, 'expected': 22, 'predicted': 22, 'false_positive': 0, 'recall': 1.0, 'precision': 1.0}",full,w0204
business-0,late_notice,11,,no_independent_historical_duty_labels,"{'matched': 22, 'expected': 22, 'predicted': 22, 'false_positive': 0, 'recall': 1.0, 'precision': 1.0}",1ac4d7665dba64110a37643f9e7e87a2d0a7f30097674ff109d52ab91468b101,tampered_receipt,final-v1:converge_then_fork:late_notice:business-0,0,0,985311,True,0,1,"{'matched': 4, 'expected': 4, 'predicted': 4, 'false_positive': 0, 'recall': 1.0, 'precision': 1.0}",converge_then_fork,11,"{'matched': 21, 'expected': 22, 'predicted': 21, 'false_positive': 0, 'recall': 0.9545454545454546, 'precision': 1.0}",full,w0204
business-1,late_notice,12,,no_independent_historical_duty_labels,"{'matched': 23, 'expected': 23, 'predicted': 23, 'false_positive': 0, 'recall': 1.0, 'precision': 1.0}",c9625db096a2b177c773730d4f7dd3f9dc8c2f97445cc733957102b1307819b3,none,final-v1:converge_then_fork:late_notice:business-1,0,0,1016971,False,0,0,"{'matched': 4, 'expected': 4, 'predicted': 4, 'false_positive': 0, 'recall': 1.0, 'precision': 1.0}",converge_then_fork,12,"{'matched': 23, 'expected': 23, 'predicted': 23, 'false_positive': 0, 'recall': 1.0, 'precision': 1.0}",full,w0209
business-1,late_notice,12,,no_independent_historical_duty_labels,"{'matched': 23, 'expected': 23, 'predicted': 23, 'false_positive': 0, 'recall': 1.0, 'precision': 1.0}",c9625db096a2b177c773730d4f7dd3f9dc8c2f97445cc733957102b1307819b3,none,final-v1:converge_then_fork:late_notice:business-1,0,0,5196,False,0,0,"{'matched': 0, 'expected': 4, 'predicted': 0, 'false_positive': 0, 'recall': 0.0, 'precision': None}",converge_then_fork,12,"{'matched': 0, 'expected': 23, 'predicted': 0, 'false_positive': 0, 'recall': 0.0, 'precision': None}",ordinary_logs,w0209
business-1,late_notice,12,,no_independent_historical_duty_labels,"{'matched': 23, 'expected': 23, 'predicted': 23, 'false_positive': 0, 'recall': 1.0, 'precision': 1.0}",c9625db096a2b177c773730d4f7dd3f9dc8c2f97445cc733957102b1307819b3,none,final-v1:converge_then_fork:late_notice:business-1,0,0,973097,False,0,0,"{'matched': 4, 'expected': 4, 'predicted': 4, 'false_positive': 0, 'recall': 1.0, 'precision': 1.0}",converge_then_fork,12,"{'matched': 0, 'expected': 23, 'predicted': 0, 'false_positive': 0, 'recall': 0.0, 'precision': None}",no_receipts,w0209
business-1,late_notice,12,,no_independent_historical_duty_labels,"{'matched': 0, 'expected': 23, 'predicted': 0, 'false_positive': 0, 'recall': 0.0, 'precision': None}",c9625db096a2b177c773730d4f7dd3f9dc8c2f97445cc733957102b1307819b3,none,final-v1:converge_then_fork:late_notice:business-1,0,0,1773,False,0,0,"{'matched': 0, 'expected': 4, 'predicted': 0, 'false_positive': 0, 'recall': 0.0, 'precision': None}",converge_then_fork,12,"{'matched': 0, 'expected': 23, 'predicted': 0, 'false_positive': 0, 'recall': 0.0, 'precision': None}",opaque_relay,w0209
business-1,late_notice,12,,no_independent_historical_duty_labels,"{'matched': 23, 'expected': 23, 'predicted': 23, 'false_positive': 0, 'recall': 1.0, 'precision': 1.0}",c9625db096a2b177c773730d4f7dd3f9dc8c2f97445cc733957102b1307819b3,missing_link,final-v1:converge_then_fork:late_notice:business-1,0,0,1003312,True,0,0,"{'matched': 4, 'expected': 4, 'predicted': 4, 'false_positive': 0, 'recall': 1.0, 'precision': 1.0}",converge_then_fork,12,"{'matched': 23, 'expected': 23, 'predicted': 23, 'false_positive': 0, 'recall': 1.0, 'precision': 1.0}",full,w0209
business-1,late_notice,12,,no_independent_historical_duty_labels,"{'matched': 23, 'expected': 23, 'predicted': 23, 'false_positive': 0, 'recall': 1.0, 'precision': 1.0}",c9625db096a2b177c773730d4f7dd3f9dc8c2f97445cc733957102b1307819b3,tampered_receipt,final-v1:converge_then_fork:late_notice:business-1,0,0,1016321,True,0,1,"{'matched': 4, 'expected': 4, 'predicted': 4, 'false_positive': 0, 'recall': 1.0, 'precision': 1.0}",converge_then_fork,12,"{'matched': 22, 'expected': 23, 'predicted': 22, 'false_positive': 0, 'recall': 0.9565217391304348, 'precision': 1.0}",full,w0209
business-0,signed_false,11,,no_independent_historical_duty_labels,"{'matched': 22, 'expected': 22, 'predicted': 22, 'false_positive': 0, 'recall': 1.0, 'precision': 1.0}",86e05aa7c1e9fd89fbac5de73af5fab94bcd2e7637a8de5aaf385dc080ec3b8c,none,final-v1:converge_then_fork:signed_false:business-0,0,0,940805,False,0,0,"{'matched': 4, 'expected': 4, 'predicted': 4, 'false_positive': 0, 'recall': 1.0, 'precision': 1.0}",converge_then_fork,11,"{'matched': 22, 'expected': 22, 'predicted': 22, 'false_positive': 0, 'recall': 1.0, 'precision': 1.0}",full,w0214
business-0,signed_false,11,,no_independent_historical_duty_labels,"{'matched': 22, 'expected': 22, 'predicted': 22, 'false_positive': 0, 'recall': 1.0, 'precision': 1.0}",86e05aa7c1e9fd89fbac5de73af5fab94bcd2e7637a8de5aaf385dc080ec3b8c,none,final-v1:converge_then_fork:signed_false:business-0,0,0,5007,False,0,0,"{'matched': 0, 'expected': 4, 'predicted': 0, 'false_positive': 0, 'recall': 0.0, 'precision': None}",converge_then_fork,11,"{'matched': 0, 'expected': 22, 'predicted': 0, 'false_positive': 0, 'recall': 0.0, 'precision': None}",ordinary_logs,w0214
business-0,signed_false,11,,no_independent_historical_duty_labels,"{'matched': 22, 'expected': 22, 'predicted': 22, 'false_positive': 0, 'recall': 1.0, 'precision': 1.0}",86e05aa7c1e9fd89fbac5de73af5fab94bcd2e7637a8de5aaf385dc080ec3b8c,none,final-v1:converge_then_fork:signed_false:business-0,0,0,898774,False,0,0,"{'matched': 4, 'expected': 4, 'predicted': 4, 'false_positive': 0, 'recall': 1.0, 'precision': 1.0}",converge_then_fork,11,"{'matched': 0, 'expected': 22, 'predicted': 0, 'false_positive': 0, 'recall': 0.0, 'precision': None}",no_receipts,w0214
business-0,signed_false,11,,no_independent_historical_duty_labels,"{'matched': 0, 'expected': 22, 'predicted': 0, 'false_positive': 0, 'recall': 0.0, 'precision': None}",86e05aa7c1e9fd89fbac5de73af5fab94bcd2e7637a8de5aaf385dc080ec3b8c,none,final-v1:converge_then_fork:signed_false:business-0,0,0,1707,False,0,0,"{'matched': 0, 'expected': 4, 'predicted': 0, 'false_positive': 0, 'recall': 0.0, 'precision': None}",converge_then_fork,11,"{'matched': 0, 'expected': 22, 'predicted': 0, 'false_positive': 0, 'recall': 0.0, 'precision': None}",opaque_relay,w0214
business-0,signed_false,11,,no_independent_historical_duty_labels,"{'matched': 22, 'expected': 22, 'predicted': 22, 'false_positive': 0, 'recall': 1.0, 'precision': 1.0}",86e05aa7c1e9fd89fbac5de73af5fab94bcd2e7637a8de5aaf385dc080ec3b8c,missing_link,final-v1:converge_then_fork:signed_false:business-0,0,0,926448,True,0,0,"{'matched': 4, 'expected': 4, 'predicted': 4, 'false_positive': 0, 'recall': 1.0, 'precision': 1.0}",converge_then_fork,11,"{'matched': 22, 'expected': 22, 'predicted': 22, 'false_positive': 0, 'recall': 1.0, 'precision': 1.0}",full,w0214
business-0,signed_false,11,,no_independent_historical_duty_labels,"{'matched': 22, 'expected': 22, 'predicted': 22, 'false_positive': 0, 'recall': 1.0, 'precision': 1.0}",86e05aa7c1e9fd89fbac5de73af5fab94bcd2e7637a8de5aaf385dc080ec3b8c,tampered_receipt,final-v1:converge_then_fork:signed_false:business-0,0,0,940154,True,0,1,"{'matched': 4, 'expected': 4, 'predicted': 4, 'false_positive': 0, 'recall': 1.0, 'precision': 1.0}",converge_then_fork,11,"{'matched': 21, 'expected': 22, 'predicted': 21, 'false_positive': 0, 'recall': 0.9545454545454546, 'precision': 1.0}",full,w0214
business-1,signed_false,10,,no_independent_historical_duty_labels,"{'matched': 21, 'expected': 21, 'predicted': 21, 'false_positive': 0, 'recall': 1.0, 'precision': 1.0}",9de2867804131fe553618064ed059ea4725a78e588e611f37c56377130a2a84f,none,final-v1:converge_then_fork:signed_false:business-1,0,0,942477,False,0,0,"{'matched': 4, 'expected': 4, 'predicted': 4, 'false_positive': 0, 'recall': 1.0, 'precision': 1.0}",converge_then_fork,10,"{'matched': 21, 'expected': 21, 'predicted': 21, 'false_positive': 0, 'recall': 1.0, 'precision': 1.0}",full,w0219
business-1,signed_false,10,,no_independent_historical_duty_labels,"{'matched': 21, 'expected': 21, 'predicted': 21, 'false_positive': 0, 'recall': 1.0, 'precision': 1.0}",9de2867804131fe553618064ed059ea4725a78e588e611f37c56377130a2a84f,none,final-v1:converge_then_fork:signed_false:business-1,0,0,4817,False,0,0,"{'matched': 0, 'expected': 4, 'predicted': 0, 'false_positive': 0, 'recall': 0.0, 'precision': None}",converge_then_fork,10,"{'matched': 0, 'expected': 21, 'predicted': 0, 'false_positive': 0, 'recall': 0.0, 'precision': None}",ordinary_logs,w0219
business-1,signed_false,10,,no_independent_historical_duty_labels,"{'matched': 21, 'expected': 21, 'predicted': 21, 'false_positive': 0, 'recall': 1.0, 'precision': 1.0}",9de2867804131fe553618064ed059ea4725a78e588e611f37c56377130a2a84f,none,final-v1:converge_then_fork:signed_false:business-1,0,0,902358,False,0,0,"{'matched': 4, 'expected': 4, 'predicted': 4, 'false_positive': 0, 'recall': 1.0, 'precision': 1.0}",converge_then_fork,10,"{'matched': 0, 'expected': 21, 'predicted': 0, 'false_positive': 0, 'recall': 0.0, 'precision': None}",no_receipts,w0219
business-1,signed_false,10,,no_independent_historical_duty_labels,"{'matched': 0, 'expected': 21, 'predicted': 0, 'false_positive': 0, 'recall': 0.0, 'precision': None}",9de2867804131fe553618064ed059ea4725a78e588e611f37c56377130a2a84f,none,final-v1:converge_then_fork:signed_false:business-1,0,0,1640,False,0,0,"{'matched': 0, 'expected': 4, 'predicted': 0, 'false_positive': 0, 'recall': 0.0, 'precision': None}",converge_then_fork,10,"{'matched': 0, 'expected': 21, 'predicted': 0, 'false_positive': 0, 'recall': 0.0, 'precision': None}",opaque_relay,w0219
business-1,signed_false,10,,no_independent_historical_duty_labels,"{'matched': 21, 'expected': 21, 'predicted': 21, 'false_positive': 0, 'recall': 1.0, 'precision': 1.0}",9de2867804131fe553618064ed059ea4725a78e588e611f37c56377130a2a84f,missing_link,final-v1:converge_then_fork:signed_false:business-1,0,0,928767,True,0,0,"{'matched': 4, 'expected': 4, 'predicted': 4, 'false_positive': 0, 'recall': 1.0, 'precision': 1.0}",converge_then_fork,10,"{'matched': 21, 'expected': 21, 'predicted': 21, 'false_positive': 0, 'recall': 1.0, 'precision': 1.0}",full,w0219
business-1,signed_false,10,,no_independent_historical_duty_labels,"{'matched': 21, 'expected': 21, 'predicted': 21, 'false_positive': 0, 'recall': 1.0, 'precision': 1.0}",9de2867804131fe553618064ed059ea4725a78e588e611f37c56377130a2a84f,tampered_receipt,final-v1:converge_then_fork:signed_false:business-1,0,0,941826,True,0,1,"{'matched': 4, 'expected': 4, 'predicted': 4, 'false_positive': 0, 'recall': 1.0, 'precision': 1.0}",converge_then_fork,10,"{'matched': 20, 'expected': 21, 'predicted': 20, 'false_positive': 0, 'recall': 0.9523809523809523, 'precision': 1.0}",full,w0219
business-0,conflicting_sources,11,,no_independent_historical_duty_labels,"{'matched': 24, 'expected': 24, 'predicted': 24, 'false_positive': 0, 'recall': 1.0, 'precision': 1.0}",61e9dc16038dc488f9b6be20dad2ffb11d7627e2e2ede4552163abfa000a2140,none,final-v1:converge_then_fork:conflicting_sources:business-0,0,0,995081,False,0,0,"{'matched': 5, 'expected': 5, 'predicted': 5, 'false_positive': 0, 'recall': 1.0, 'precision': 1.0}",converge_then_fork,11,"{'matched': 24, 'expected': 24, 'predicted': 24, 'false_positive': 0, 'recall': 1.0, 'precision': 1.0}",full,w0224
business-0,conflicting_sources,11,,no_independent_historical_duty_labels,"{'matched': 24, 'expected': 24, 'predicted': 24, 'false_positive': 0, 'recall': 1.0, 'precision': 1.0}",61e9dc16038dc488f9b6be20dad2ffb11d7627e2e2ede4552163abfa000a2140,none,final-v1:converge_then_fork:conflicting_sources:business-0,0,0,5260,False,0,0,"{'matched': 0, 'expected': 5, 'predicted': 0, 'false_positive': 0, 'recall': 0.0, 'precision': None}",converge_then_fork,11,"{'matched': 0, 'expected': 24, 'predicted': 0, 'false_positive': 0, 'recall': 0.0, 'precision': None}",ordinary_logs,w0224
business-0,conflicting_sources,11,,no_independent_historical_duty_labels,"{'matched': 24, 'expected': 24, 'predicted': 24, 'false_positive': 0, 'recall': 1.0, 'precision': 1.0}",61e9dc16038dc488f9b6be20dad2ffb11d7627e2e2ede4552163abfa000a2140,none,final-v1:converge_then_fork:conflicting_sources:business-0,0,0,948722,False,0,0,"{'matched': 5, 'expected': 5, 'predicted': 5, 'false_positive': 0, 'recall': 1.0, 'precision': 1.0}",converge_then_fork,11,"{'matched': 0, 'expected': 24, 'predicted': 0, 'false_positive': 0, 'recall': 0.0, 'precision': None}",no_receipts,w0224
business-0,conflicting_sources,11,,no_independent_historical_duty_labels,"{'matched': 0, 'expected': 24, 'predicted': 0, 'false_positive': 0, 'recall': 0.0, 'precision': None}",61e9dc16038dc488f9b6be20dad2ffb11d7627e2e2ede4552163abfa000a2140,none,final-v1:converge_then_fork:conflicting_sources:business-0,0,0,1714,False,0,0,"{'matched': 0, 'expected': 5, 'predicted': 0, 'false_positive': 0, 'recall': 0.0, 'precision': None}",converge_then_fork,11,"{'matched': 0, 'expected': 24, 'predicted': 0, 'false_positive': 0, 'recall': 0.0, 'precision': None}",opaque_relay,w0224
business-0,conflicting_sources,11,,no_independent_historical_duty_labels,"{'matched': 24, 'expected': 24, 'predicted': 24, 'false_positive': 0, 'recall': 1.0, 'precision': 1.0}",61e9dc16038dc488f9b6be20dad2ffb11d7627e2e2ede4552163abfa000a2140,missing_link,final-v1:converge_then_fork:conflicting_sources:business-0,0,0,980570,True,0,0,"{'matched': 5, 'expected': 5, 'predicted': 5, 'false_positive': 0, 'recall': 1.0, 'precision': 1.0}",converge_then_fork,11,"{'matched': 24, 'expected': 24, 'predicted': 24, 'false_positive': 0, 'recall': 1.0, 'precision': 1.0}",full,w0224
business-0,conflicting_sources,11,,no_independent_historical_duty_labels,"{'matched': 24, 'expected': 24, 'predicted': 24, 'false_positive': 0, 'recall': 1.0, 'precision': 1.0}",61e9dc16038dc488f9b6be20dad2ffb11d7627e2e2ede4552163abfa000a2140,tampered_receipt,final-v1:converge_then_fork:conflicting_sources:business-0,0,0,994423,True,0,1,"{'matched': 5, 'expected': 5, 'predicted': 5, 'false_positive': 0, 'recall': 1.0, 'precision': 1.0}",converge_then_fork,11,"{'matched': 23, 'expected': 24, 'predicted': 23, 'false_positive': 0, 'recall': 0.9583333333333334, 'precision': 1.0}",full,w0224
business-1,conflicting_sources,9,,no_independent_historical_duty_labels,"{'matched': 22, 'expected': 22, 'predicted': 22, 'false_positive': 0, 'recall': 1.0, 'precision': 1.0}",8b8df05a264bb19d65d18a275849b54cb86836a7a1667f5962a236c477dd8204,none,final-v1:converge_then_fork:conflicting_sources:business-1,0,0,926290,False,0,0,"{'matched': 5, 'expected': 5, 'predicted': 5, 'false_positive': 0, 'recall': 1.0, 'precision': 1.0}",converge_then_fork,9,"{'matched': 22, 'expected': 22, 'predicted': 22, 'false_positive': 0, 'recall': 1.0, 'precision': 1.0}",full,w0229
business-1,conflicting_sources,9,,no_independent_historical_duty_labels,"{'matched': 22, 'expected': 22, 'predicted': 22, 'false_positive': 0, 'recall': 1.0, 'precision': 1.0}",8b8df05a264bb19d65d18a275849b54cb86836a7a1667f5962a236c477dd8204,none,final-v1:converge_then_fork:conflicting_sources:business-1,0,0,4873,False,0,0,"{'matched': 0, 'expected': 5, 'predicted': 0, 'false_positive': 0, 'recall': 0.0, 'precision': None}",converge_then_fork,9,"{'matched': 0, 'expected': 22, 'predicted': 0, 'false_positive': 0, 'recall': 0.0, 'precision': None}",ordinary_logs,w0229
business-1,conflicting_sources,9,,no_independent_historical_duty_labels,"{'matched': 22, 'expected': 22, 'predicted': 22, 'false_positive': 0, 'recall': 1.0, 'precision': 1.0}",8b8df05a264bb19d65d18a275849b54cb86836a7a1667f5962a236c477dd8204,none,final-v1:converge_then_fork:conflicting_sources:business-1,0,0,883818,False,0,0,"{'matched': 5, 'expected': 5, 'predicted': 5, 'false_positive': 0, 'recall': 1.0, 'precision': 1.0}",converge_then_fork,9,"{'matched': 0, 'expected': 22, 'predicted': 0, 'false_positive': 0, 'recall': 0.0, 'precision': None}",no_receipts,w0229
business-1,conflicting_sources,9,,no_independent_historical_duty_labels,"{'matched': 0, 'expected': 22, 'predicted': 0, 'false_positive': 0, 'recall': 0.0, 'precision': None}",8b8df05a264bb19d65d18a275849b54cb86836a7a1667f5962a236c477dd8204,none,final-v1:converge_then_fork:conflicting_sources:business-1,0,0,1580,False,0,0,"{'matched': 0, 'expected': 5, 'predicted': 0, 'false_positive': 0, 'recall': 0.0, 'precision': None}",converge_then_fork,9,"{'matched': 0, 'expected': 22, 'predicted': 0, 'false_positive': 0, 'recall': 0.0, 'precision': None}",opaque_relay,w0229
business-1,conflicting_sources,9,,no_independent_historical_duty_labels,"{'matched': 22, 'expected': 22, 'predicted': 22, 'false_positive': 0, 'recall': 1.0, 'precision': 1.0}",8b8df05a264bb19d65d18a275849b54cb86836a7a1667f5962a236c477dd8204,missing_link,final-v1:converge_then_fork:conflicting_sources:business-1,0,0,914421,True,0,0,"{'matched': 5, 'expected': 5, 'predicted': 5, 'false_positive': 0, 'recall': 1.0, 'precision': 1.0}",converge_then_fork,9,"{'matched': 22, 'expected': 22, 'predicted': 22, 'false_positive': 0, 'recall': 1.0, 'precision': 1.0}",full,w0229
business-1,conflicting_sources,9,,no_independent_historical_duty_labels,"{'matched': 22, 'expected': 22, 'predicted': 22, 'false_positive': 0, 'recall': 1.0, 'precision': 1.0}",8b8df05a264bb19d65d18a275849b54cb86836a7a1667f5962a236c477dd8204,tampered_receipt,final-v1:converge_then_fork:conflicting_sources:business-1,0,0,925632,True,0,1,"{'matched': 5, 'expected': 5, 'predicted': 5, 'false_positive': 0, 'recall': 1.0, 'precision': 1.0}",converge_then_fork,9,"{'matched': 21, 'expected': 22, 'predicted': 21, 'false_positive': 0, 'recall': 0.9545454545454546, 'precision': 1.0}",full,w0229
business-0,confirmed_repair,11,,no_independent_historical_duty_labels,"{'matched': 22, 'expected': 22, 'predicted': 22, 'false_positive': 0, 'recall': 1.0, 'precision': 1.0}",3f7cd74c96766812f3a7af592a542ad0992cfd9f47028f02c0fa0977371f5911,none,final-v1:converge_then_fork:confirmed_repair:business-0,0,0,1082966,False,0,0,"{'matched': 5, 'expected': 5, 'predicted': 5, 'false_positive': 0, 'recall': 1.0, 'precision': 1.0}",converge_then_fork,11,"{'matched': 22, 'expected': 22, 'predicted': 22, 'false_positive': 0, 'recall': 1.0, 'precision': 1.0}",full,w0234
business-0,confirmed_repair,11,,no_independent_historical_duty_labels,"{'matched': 22, 'expected': 22, 'predicted': 22, 'false_positive': 0, 'recall': 1.0, 'precision': 1.0}",3f7cd74c96766812f3a7af592a542ad0992cfd9f47028f02c0fa0977371f5911,none,final-v1:converge_then_fork:confirmed_repair:business-0,0,0,5011,False,0,0,"{'matched': 0, 'expected': 5, 'predicted': 0, 'false_positive': 0, 'recall': 0.0, 'precision': None}",converge_then_fork,11,"{'matched': 0, 'expected': 22, 'predicted': 0, 'false_positive': 0, 'recall': 0.0, 'precision': None}",ordinary_logs,w0234
business-0,confirmed_repair,11,,no_independent_historical_duty_labels,"{'matched': 22, 'expected': 22, 'predicted': 22, 'false_positive': 0, 'recall': 1.0, 'precision': 1.0}",3f7cd74c96766812f3a7af592a542ad0992cfd9f47028f02c0fa0977371f5911,none,final-v1:converge_then_fork:confirmed_repair:business-0,0,0,1040671,False,0,0,"{'matched': 5, 'expected': 5, 'predicted': 5, 'false_positive': 0, 'recall': 1.0, 'precision': 1.0}",converge_then_fork,11,"{'matched': 0, 'expected': 22, 'predicted': 0, 'false_positive': 0, 'recall': 0.0, 'precision': None}",no_receipts,w0234
business-0,confirmed_repair,11,,no_independent_historical_duty_labels,"{'matched': 0, 'expected': 22, 'predicted': 0, 'false_positive': 0, 'recall': 0.0, 'precision': None}",3f7cd74c96766812f3a7af592a542ad0992cfd9f47028f02c0fa0977371f5911,none,final-v1:converge_then_fork:confirmed_repair:business-0,0,0,1711,False,0,0,"{'matched': 0, 'expected': 5, 'predicted': 0, 'false_positive': 0, 'recall': 0.0, 'precision': None}",converge_then_fork,11,"{'matched': 0, 'expected': 22, 'predicted': 0, 'false_positive': 0, 'recall': 0.0, 'precision': None}",opaque_relay,w0234
business-0,confirmed_repair,11,,no_independent_historical_duty_labels,"{'matched': 22, 'expected': 22, 'predicted': 22, 'false_positive': 0, 'recall': 1.0, 'precision': 1.0}",3f7cd74c96766812f3a7af592a542ad0992cfd9f47028f02c0fa0977371f5911,missing_link,final-v1:converge_then_fork:confirmed_repair:business-0,0,0,1067197,True,0,0,"{'matched': 5, 'expected': 5, 'predicted': 5, 'false_positive': 0, 'recall': 1.0, 'precision': 1.0}",converge_then_fork,11,"{'matched': 22, 'expected': 22, 'predicted': 22, 'false_positive': 0, 'recall': 1.0, 'precision': 1.0}",full,w0234
business-0,confirmed_repair,11,,no_independent_historical_duty_labels,"{'matched': 22, 'expected': 22, 'predicted': 22, 'false_positive': 0, 'recall': 1.0, 'precision': 1.0}",3f7cd74c96766812f3a7af592a542ad0992cfd9f47028f02c0fa0977371f5911,tampered_receipt,final-v1:converge_then_fork:confirmed_repair:business-0,0,0,1082311,True,0,1,"{'matched': 5, 'expected': 5, 'predicted': 5, 'false_positive': 0, 'recall': 1.0, 'precision': 1.0}",converge_then_fork,11,"{'matched': 21, 'expected': 22, 'predicted': 21, 'false_positive': 0, 'recall': 0.9545454545454546, 'precision': 1.0}",full,w0234
business-1,confirmed_repair,11,,no_independent_historical_duty_labels,"{'matched': 22, 'expected': 22, 'predicted': 22, 'false_positive': 0, 'recall': 1.0, 'precision': 1.0}",bc5b9cedbc9875b9b3efe849c4b37749d13dd9f81a9230446b9b5938d6deb831,none,final-v1:converge_then_fork:confirmed_repair:business-1,0,0,1072702,False,0,0,"{'matched': 5, 'expected': 5, 'predicted': 5, 'false_positive': 0, 'recall': 1.0, 'precision': 1.0}",converge_then_fork,11,"{'matched': 22, 'expected': 22, 'predicted': 22, 'false_positive': 0, 'recall': 1.0, 'precision': 1.0}",full,w0239
business-1,confirmed_repair,11,,no_independent_historical_duty_labels,"{'matched': 22, 'expected': 22, 'predicted': 22, 'false_positive': 0, 'recall': 1.0, 'precision': 1.0}",bc5b9cedbc9875b9b3efe849c4b37749d13dd9f81a9230446b9b5938d6deb831,none,final-v1:converge_then_fork:confirmed_repair:business-1,0,0,5011,False,0,0,"{'matched': 0, 'expected': 5, 'predicted': 0, 'false_positive': 0, 'recall': 0.0, 'precision': None}",converge_then_fork,11,"{'matched': 0, 'expected': 22, 'predicted': 0, 'false_positive': 0, 'recall': 0.0, 'precision': None}",ordinary_logs,w0239
business-1,confirmed_repair,11,,no_independent_historical_duty_labels,"{'matched': 22, 'expected': 22, 'predicted': 22, 'false_positive': 0, 'recall': 1.0, 'precision': 1.0}",bc5b9cedbc9875b9b3efe849c4b37749d13dd9f81a9230446b9b5938d6deb831,none,final-v1:converge_then_fork:confirmed_repair:business-1,0,0,1030407,False,0,0,"{'matched': 5, 'expected': 5, 'predicted': 5, 'false_positive': 0, 'recall': 1.0, 'precision': 1.0}",converge_then_fork,11,"{'matched': 0, 'expected': 22, 'predicted': 0, 'false_positive': 0, 'recall': 0.0, 'precision': None}",no_receipts,w0239
business-1,confirmed_repair,11,,no_independent_historical_duty_labels,"{'matched': 0, 'expected': 22, 'predicted': 0, 'false_positive': 0, 'recall': 0.0, 'precision': None}",bc5b9cedbc9875b9b3efe849c4b37749d13dd9f81a9230446b9b5938d6deb831,none,final-v1:converge_then_fork:confirmed_repair:business-1,0,0,1711,False,0,0,"{'matched': 0, 'expected': 5, 'predicted': 0, 'false_positive': 0, 'recall': 0.0, 'precision': None}",converge_then_fork,11,"{'matched': 0, 'expected': 22, 'predicted': 0, 'false_positive': 0, 'recall': 0.0, 'precision': None}",opaque_relay,w0239
business-1,confirmed_repair,11,,no_independent_historical_duty_labels,"{'matched': 22, 'expected': 22, 'predicted': 22, 'false_positive': 0, 'recall': 1.0, 'precision': 1.0}",bc5b9cedbc9875b9b3efe849c4b37749d13dd9f81a9230446b9b5938d6deb831,missing_link,final-v1:converge_then_fork:confirmed_repair:business-1,0,0,1056933,True,0,0,"{'matched': 5, 'expected': 5, 'predicted': 5, 'false_positive': 0, 'recall': 1.0, 'precision': 1.0}",converge_then_fork,11,"{'matched': 22, 'expected': 22, 'predicted': 22, 'false_positive': 0, 'recall': 1.0, 'precision': 1.0}",full,w0239
business-1,confirmed_repair,11,,no_independent_historical_duty_labels,"{'matched': 22, 'expected': 22, 'predicted': 22, 'false_positive': 0, 'recall': 1.0, 'precision': 1.0}",bc5b9cedbc9875b9b3efe849c4b37749d13dd9f81a9230446b9b5938d6deb831,tampered_receipt,final-v1:converge_then_fork:confirmed_repair:business-1,0,0,1072047,True,0,1,"{'matched': 5, 'expected': 5, 'predicted': 5, 'false_positive': 0, 'recall': 1.0, 'precision': 1.0}",converge_then_fork,11,"{'matched': 21, 'expected': 22, 'predicted': 21, 'false_positive': 0, 'recall': 0.9545454545454546, 'precision': 1.0}",full,w0239
business-0,authority_unknown,11,,no_independent_historical_duty_labels,"{'matched': 22, 'expected': 22, 'predicted': 22, 'false_positive': 0, 'recall': 1.0, 'precision': 1.0}",44282c49fe5d1287851eee388d834846dbf63892cf7ac4aedd4629f3dc2285c5,none,final-v1:converge_then_fork:authority_unknown:business-0,0,0,1178380,False,0,0,"{'matched': 4, 'expected': 4, 'predicted': 4, 'false_positive': 0, 'recall': 1.0, 'precision': 1.0}",converge_then_fork,11,"{'matched': 22, 'expected': 22, 'predicted': 22, 'false_positive': 0, 'recall': 1.0, 'precision': 1.0}",full,w0244
business-0,authority_unknown,11,,no_independent_historical_duty_labels,"{'matched': 22, 'expected': 22, 'predicted': 22, 'false_positive': 0, 'recall': 1.0, 'precision': 1.0}",44282c49fe5d1287851eee388d834846dbf63892cf7ac4aedd4629f3dc2285c5,none,final-v1:converge_then_fork:authority_unknown:business-0,0,0,5012,False,0,0,"{'matched': 0, 'expected': 4, 'predicted': 0, 'false_positive': 0, 'recall': 0.0, 'precision': None}",converge_then_fork,11,"{'matched': 0, 'expected': 22, 'predicted': 0, 'false_positive': 0, 'recall': 0.0, 'precision': None}",ordinary_logs,w0244
business-0,authority_unknown,11,,no_independent_historical_duty_labels,"{'matched': 22, 'expected': 22, 'predicted': 22, 'false_positive': 0, 'recall': 1.0, 'precision': 1.0}",44282c49fe5d1287851eee388d834846dbf63892cf7ac4aedd4629f3dc2285c5,none,final-v1:converge_then_fork:authority_unknown:business-0,0,0,1136019,False,0,0,"{'matched': 4, 'expected': 4, 'predicted': 4, 'false_positive': 0, 'recall': 1.0, 'precision': 1.0}",converge_then_fork,11,"{'matched': 0, 'expected': 22, 'predicted': 0, 'false_positive': 0, 'recall': 0.0, 'precision': None}",no_receipts,w0244
business-0,authority_unknown,11,,no_independent_historical_duty_labels,"{'matched': 0, 'expected': 22, 'predicted': 0, 'false_positive': 0, 'recall': 0.0, 'precision': None}",44282c49fe5d1287851eee388d834846dbf63892cf7ac4aedd4629f3dc2285c5,none,final-v1:converge_then_fork:authority_unknown:business-0,0,0,1712,False,0,0,"{'matched': 0, 'expected': 4, 'predicted': 0, 'false_positive': 0, 'recall': 0.0, 'precision': None}",converge_then_fork,11,"{'matched': 0, 'expected': 22, 'predicted': 0, 'false_positive': 0, 'recall': 0.0, 'precision': None}",opaque_relay,w0244
business-0,authority_unknown,11,,no_independent_historical_duty_labels,"{'matched': 22, 'expected': 22, 'predicted': 22, 'false_positive': 0, 'recall': 1.0, 'precision': 1.0}",44282c49fe5d1287851eee388d834846dbf63892cf7ac4aedd4629f3dc2285c5,missing_link,final-v1:converge_then_fork:authority_unknown:business-0,0,0,1163914,True,0,0,"{'matched': 4, 'expected': 4, 'predicted': 4, 'false_positive': 0, 'recall': 1.0, 'precision': 1.0}",converge_then_fork,11,"{'matched': 22, 'expected': 22, 'predicted': 22, 'false_positive': 0, 'recall': 1.0, 'precision': 1.0}",full,w0244
business-0,authority_unknown,11,,no_independent_historical_duty_labels,"{'matched': 22, 'expected': 22, 'predicted': 22, 'false_positive': 0, 'recall': 1.0, 'precision': 1.0}",44282c49fe5d1287851eee388d834846dbf63892cf7ac4aedd4629f3dc2285c5,tampered_receipt,final-v1:converge_then_fork:authority_unknown:business-0,0,0,1177724,True,0,1,"{'matched': 4, 'expected': 4, 'predicted': 4, 'false_positive': 0, 'recall': 1.0, 'precision': 1.0}",converge_then_fork,11,"{'matched': 21, 'expected': 22, 'predicted': 21, 'false_positive': 0, 'recall': 0.9545454545454546, 'precision': 1.0}",full,w0244
business-1,authority_unknown,11,,no_independent_historical_duty_labels,"{'matched': 22, 'expected': 22, 'predicted': 22, 'false_positive': 0, 'recall': 1.0, 'precision': 1.0}",b29ebd2ed6666255af53441b03f832022a7fe684aac41ceca60b831ca937ffdb,none,final-v1:converge_then_fork:authority_unknown:business-1,0,0,1178378,False,0,0,"{'matched': 4, 'expected': 4, 'predicted': 4, 'false_positive': 0, 'recall': 1.0, 'precision': 1.0}",converge_then_fork,11,"{'matched': 22, 'expected': 22, 'predicted': 22, 'false_positive': 0, 'recall': 1.0, 'precision': 1.0}",full,w0249
business-1,authority_unknown,11,,no_independent_historical_duty_labels,"{'matched': 22, 'expected': 22, 'predicted': 22, 'false_positive': 0, 'recall': 1.0, 'precision': 1.0}",b29ebd2ed6666255af53441b03f832022a7fe684aac41ceca60b831ca937ffdb,none,final-v1:converge_then_fork:authority_unknown:business-1,0,0,5012,False,0,0,"{'matched': 0, 'expected': 4, 'predicted': 0, 'false_positive': 0, 'recall': 0.0, 'precision': None}",converge_then_fork,11,"{'matched': 0, 'expected': 22, 'predicted': 0, 'false_positive': 0, 'recall': 0.0, 'precision': None}",ordinary_logs,w0249
business-1,authority_unknown,11,,no_independent_historical_duty_labels,"{'matched': 22, 'expected': 22, 'predicted': 22, 'false_positive': 0, 'recall': 1.0, 'precision': 1.0}",b29ebd2ed6666255af53441b03f832022a7fe684aac41ceca60b831ca937ffdb,none,final-v1:converge_then_fork:authority_unknown:business-1,0,0,1136017,False,0,0,"{'matched': 4, 'expected': 4, 'predicted': 4, 'false_positive': 0, 'recall': 1.0, 'precision': 1.0}",converge_then_fork,11,"{'matched': 0, 'expected': 22, 'predicted': 0, 'false_positive': 0, 'recall': 0.0, 'precision': None}",no_receipts,w0249
business-1,authority_unknown,11,,no_independent_historical_duty_labels,"{'matched': 0, 'expected': 22, 'predicted': 0, 'false_positive': 0, 'recall': 0.0, 'precision': None}",b29ebd2ed6666255af53441b03f832022a7fe684aac41ceca60b831ca937ffdb,none,final-v1:converge_then_fork:authority_unknown:business-1,0,0,1712,False,0,0,"{'matched': 0, 'expected': 4, 'predicted': 0, 'false_positive': 0, 'recall': 0.0, 'precision': None}",converge_then_fork,11,"{'matched': 0, 'expected': 22, 'predicted': 0, 'false_positive': 0, 'recall': 0.0, 'precision': None}",opaque_relay,w0249
business-1,authority_unknown,11,,no_independent_historical_duty_labels,"{'matched': 22, 'expected': 22, 'predicted': 22, 'false_positive': 0, 'recall': 1.0, 'precision': 1.0}",b29ebd2ed6666255af53441b03f832022a7fe684aac41ceca60b831ca937ffdb,missing_link,final-v1:converge_then_fork:authority_unknown:business-1,0,0,1163912,True,0,0,"{'matched': 4, 'expected': 4, 'predicted': 4, 'false_positive': 0, 'recall': 1.0, 'precision': 1.0}",converge_then_fork,11,"{'matched': 22, 'expected': 22, 'predicted': 22, 'false_positive': 0, 'recall': 1.0, 'precision': 1.0}",full,w0249
business-1,authority_unknown,11,,no_independent_historical_duty_labels,"{'matched': 22, 'expected': 22, 'predicted': 22, 'false_positive': 0, 'recall': 1.0, 'precision': 1.0}",b29ebd2ed6666255af53441b03f832022a7fe684aac41ceca60b831ca937ffdb,tampered_receipt,final-v1:converge_then_fork:authority_unknown:business-1,0,0,1177722,True,0,1,"{'matched': 4, 'expected': 4, 'predicted': 4, 'false_positive': 0, 'recall': 1.0, 'precision': 1.0}",converge_then_fork,11,"{'matched': 21, 'expected': 22, 'predicted': 21, 'false_positive': 0, 'recall': 0.9545454545454546, 'precision': 1.0}",full,w0249
business-0,active,13,,no_independent_historical_duty_labels,"{'matched': 15, 'expected': 15, 'predicted': 15, 'false_positive': 0, 'recall': 1.0, 'precision': 1.0}",4984ed8cda421afba37e9c3c95309b648ca0a672b7e190bae372c03be3b801c6,none,final-v1:reused_org_independent:active:business-0,0,0,425191,False,0,0,"{'matched': 6, 'expected': 6, 'predicted': 6, 'false_positive': 0, 'recall': 1.0, 'precision': 1.0}",reused_org_independent,13,"{'matched': 15, 'expected': 15, 'predicted': 15, 'false_positive': 0, 'recall': 1.0, 'precision': 1.0}",full,w0254
business-0,active,13,,no_independent_historical_duty_labels,"{'matched': 15, 'expected': 15, 'predicted': 15, 'false_positive': 0, 'recall': 1.0, 'precision': 1.0}",4984ed8cda421afba37e9c3c95309b648ca0a672b7e190bae372c03be3b801c6,none,final-v1:reused_org_independent:active:business-0,0,0,4823,False,0,0,"{'matched': 0, 'expected': 6, 'predicted': 0, 'false_positive': 0, 'recall': 0.0, 'precision': None}",reused_org_independent,13,"{'matched': 0, 'expected': 15, 'predicted': 0, 'false_positive': 0, 'recall': 0.0, 'precision': None}",ordinary_logs,w0254
business-0,active,13,,no_independent_historical_duty_labels,"{'matched': 15, 'expected': 15, 'predicted': 15, 'false_positive': 0, 'recall': 1.0, 'precision': 1.0}",4984ed8cda421afba37e9c3c95309b648ca0a672b7e190bae372c03be3b801c6,none,final-v1:reused_org_independent:active:business-0,0,0,396468,False,0,0,"{'matched': 6, 'expected': 6, 'predicted': 6, 'false_positive': 0, 'recall': 1.0, 'precision': 1.0}",reused_org_independent,13,"{'matched': 0, 'expected': 15, 'predicted': 0, 'false_positive': 0, 'recall': 0.0, 'precision': None}",no_receipts,w0254
business-0,active,13,,no_independent_historical_duty_labels,"{'matched': 0, 'expected': 15, 'predicted': 0, 'false_positive': 0, 'recall': 0.0, 'precision': None}",4984ed8cda421afba37e9c3c95309b648ca0a672b7e190bae372c03be3b801c6,none,final-v1:reused_org_independent:active:business-0,0,0,1777,False,0,0,"{'matched': 0, 'expected': 6, 'predicted': 0, 'false_positive': 0, 'recall': 0.0, 'precision': None}",reused_org_independent,13,"{'matched': 0, 'expected': 15, 'predicted': 0, 'false_positive': 0, 'recall': 0.0, 'precision': None}",opaque_relay,w0254
business-0,active,13,,no_independent_historical_duty_labels,"{'matched': 15, 'expected': 15, 'predicted': 15, 'false_positive': 0, 'recall': 1.0, 'precision': 1.0}",4984ed8cda421afba37e9c3c95309b648ca0a672b7e190bae372c03be3b801c6,missing_link,final-v1:reused_org_independent:active:business-0,0,0,416749,True,0,0,"{'matched': 6, 'expected': 6, 'predicted': 6, 'false_positive': 0, 'recall': 1.0, 'precision': 1.0}",reused_org_independent,13,"{'matched': 15, 'expected': 15, 'predicted': 15, 'false_positive': 0, 'recall': 1.0, 'precision': 1.0}",full,w0254
business-0,active,13,,no_independent_historical_duty_labels,"{'matched': 15, 'expected': 15, 'predicted': 15, 'false_positive': 0, 'recall': 1.0, 'precision': 1.0}",4984ed8cda421afba37e9c3c95309b648ca0a672b7e190bae372c03be3b801c6,tampered_receipt,final-v1:reused_org_independent:active:business-0,0,0,424542,True,0,1,"{'matched': 6, 'expected': 6, 'predicted': 6, 'false_positive': 0, 'recall': 1.0, 'precision': 1.0}",reused_org_independent,13,"{'matched': 14, 'expected': 15, 'predicted': 14, 'false_positive': 0, 'recall': 0.9333333333333333, 'precision': 1.0}",full,w0254
business-1,active,13,,no_independent_historical_duty_labels,"{'matched': 15, 'expected': 15, 'predicted': 15, 'false_positive': 0, 'recall': 1.0, 'precision': 1.0}",8458885817e89b1a8c813f03e92e4352af458555615417755a44e9ebbabe2608,none,final-v1:reused_org_independent:active:business-1,0,0,425190,False,0,0,"{'matched': 6, 'expected': 6, 'predicted': 6, 'false_positive': 0, 'recall': 1.0, 'precision': 1.0}",reused_org_independent,13,"{'matched': 15, 'expected': 15, 'predicted': 15, 'false_positive': 0, 'recall': 1.0, 'precision': 1.0}",full,w0259
business-1,active,13,,no_independent_historical_duty_labels,"{'matched': 15, 'expected': 15, 'predicted': 15, 'false_positive': 0, 'recall': 1.0, 'precision': 1.0}",8458885817e89b1a8c813f03e92e4352af458555615417755a44e9ebbabe2608,none,final-v1:reused_org_independent:active:business-1,0,0,4823,False,0,0,"{'matched': 0, 'expected': 6, 'predicted': 0, 'false_positive': 0, 'recall': 0.0, 'precision': None}",reused_org_independent,13,"{'matched': 0, 'expected': 15, 'predicted': 0, 'false_positive': 0, 'recall': 0.0, 'precision': None}",ordinary_logs,w0259
business-1,active,13,,no_independent_historical_duty_labels,"{'matched': 15, 'expected': 15, 'predicted': 15, 'false_positive': 0, 'recall': 1.0, 'precision': 1.0}",8458885817e89b1a8c813f03e92e4352af458555615417755a44e9ebbabe2608,none,final-v1:reused_org_independent:active:business-1,0,0,396467,False,0,0,"{'matched': 6, 'expected': 6, 'predicted': 6, 'false_positive': 0, 'recall': 1.0, 'precision': 1.0}",reused_org_independent,13,"{'matched': 0, 'expected': 15, 'predicted': 0, 'false_positive': 0, 'recall': 0.0, 'precision': None}",no_receipts,w0259
business-1,active,13,,no_independent_historical_duty_labels,"{'matched': 0, 'expected': 15, 'predicted': 0, 'false_positive': 0, 'recall': 0.0, 'precision': None}",8458885817e89b1a8c813f03e92e4352af458555615417755a44e9ebbabe2608,none,final-v1:reused_org_independent:active:business-1,0,0,1777,False,0,0,"{'matched': 0, 'expected': 6, 'predicted': 0, 'false_positive': 0, 'recall': 0.0, 'precision': None}",reused_org_independent,13,"{'matched': 0, 'expected': 15, 'predicted': 0, 'false_positive': 0, 'recall': 0.0, 'precision': None}",opaque_relay,w0259
business-1,active,13,,no_independent_historical_duty_labels,"{'matched': 15, 'expected': 15, 'predicted': 15, 'false_positive': 0, 'recall': 1.0, 'precision': 1.0}",8458885817e89b1a8c813f03e92e4352af458555615417755a44e9ebbabe2608,missing_link,final-v1:reused_org_independent:active:business-1,0,0,416748,True,0,0,"{'matched': 6, 'expected': 6, 'predicted': 6, 'false_positive': 0, 'recall': 1.0, 'precision': 1.0}",reused_org_independent,13,"{'matched': 15, 'expected': 15, 'predicted': 15, 'false_positive': 0, 'recall': 1.0, 'precision': 1.0}",full,w0259
business-1,active,13,,no_independent_historical_duty_labels,"{'matched': 15, 'expected': 15, 'predicted': 15, 'false_positive': 0, 'recall': 1.0, 'precision': 1.0}",8458885817e89b1a8c813f03e92e4352af458555615417755a44e9ebbabe2608,tampered_receipt,final-v1:reused_org_independent:active:business-1,0,0,424541,True,0,1,"{'matched': 6, 'expected': 6, 'predicted': 6, 'false_positive': 0, 'recall': 1.0, 'precision': 1.0}",reused_org_independent,13,"{'matched': 14, 'expected': 15, 'predicted': 14, 'false_positive': 0, 'recall': 0.9333333333333333, 'precision': 1.0}",full,w0259
business-0,tampered_handoff,12,,no_independent_historical_duty_labels,"{'matched': 14, 'expected': 14, 'predicted': 14, 'false_positive': 0, 'recall': 1.0, 'precision': 1.0}",5fab464a1dc3e6aaf1beddc36347ed4d7154e9b4b6bacb887af34a3a3eb7a8ff,none,final-v1:reused_org_independent:tampered_handoff:business-0,0,0,398797,False,0,2,"{'matched': 6, 'expected': 6, 'predicted': 6, 'false_positive': 0, 'recall': 1.0, 'precision': 1.0}",reused_org_independent,12,"{'matched': 14, 'expected': 14, 'predicted': 14, 'false_positive': 0, 'recall': 1.0, 'precision': 1.0}",full,w0264
business-0,tampered_handoff,12,,no_independent_historical_duty_labels,"{'matched': 14, 'expected': 14, 'predicted': 14, 'false_positive': 0, 'recall': 1.0, 'precision': 1.0}",5fab464a1dc3e6aaf1beddc36347ed4d7154e9b4b6bacb887af34a3a3eb7a8ff,none,final-v1:reused_org_independent:tampered_handoff:business-0,0,0,4506,False,0,0,"{'matched': 0, 'expected': 6, 'predicted': 0, 'false_positive': 0, 'recall': 0.0, 'precision': None}",reused_org_independent,12,"{'matched': 0, 'expected': 14, 'predicted': 0, 'false_positive': 0, 'recall': 0.0, 'precision': None}",ordinary_logs,w0264
business-0,tampered_handoff,12,,no_independent_historical_duty_labels,"{'matched': 14, 'expected': 14, 'predicted': 14, 'false_positive': 0, 'recall': 1.0, 'precision': 1.0}",5fab464a1dc3e6aaf1beddc36347ed4d7154e9b4b6bacb887af34a3a3eb7a8ff,none,final-v1:reused_org_independent:tampered_handoff:business-0,0,0,371583,False,0,2,"{'matched': 6, 'expected': 6, 'predicted': 6, 'false_positive': 0, 'recall': 1.0, 'precision': 1.0}",reused_org_independent,12,"{'matched': 0, 'expected': 14, 'predicted': 0, 'false_positive': 0, 'recall': 0.0, 'precision': None}",no_receipts,w0264
business-0,tampered_handoff,12,,no_independent_historical_duty_labels,"{'matched': 0, 'expected': 14, 'predicted': 0, 'false_positive': 0, 'recall': 0.0, 'precision': None}",5fab464a1dc3e6aaf1beddc36347ed4d7154e9b4b6bacb887af34a3a3eb7a8ff,none,final-v1:reused_org_independent:tampered_handoff:business-0,0,0,1720,False,0,0,"{'matched': 0, 'expected': 6, 'predicted': 0, 'false_positive': 0, 'recall': 0.0, 'precision': None}",reused_org_independent,12,"{'matched': 0, 'expected': 14, 'predicted': 0, 'false_positive': 0, 'recall': 0.0, 'precision': None}",opaque_relay,w0264
business-0,tampered_handoff,12,,no_independent_historical_duty_labels,"{'matched': 14, 'expected': 14, 'predicted': 14, 'false_positive': 0, 'recall': 1.0, 'precision': 1.0}",5fab464a1dc3e6aaf1beddc36347ed4d7154e9b4b6bacb887af34a3a3eb7a8ff,missing_link,final-v1:reused_org_independent:tampered_handoff:business-0,0,0,390218,True,0,2,"{'matched': 6, 'expected': 6, 'predicted': 6, 'false_positive': 0, 'recall': 1.0, 'precision': 1.0}",reused_org_independent,12,"{'matched': 14, 'expected': 14, 'predicted': 14, 'false_positive': 0, 'recall': 1.0, 'precision': 1.0}",full,w0264
business-0,tampered_handoff,12,,no_independent_historical_duty_labels,"{'matched': 14, 'expected': 14, 'predicted': 14, 'false_positive': 0, 'recall': 1.0, 'precision': 1.0}",5fab464a1dc3e6aaf1beddc36347ed4d7154e9b4b6bacb887af34a3a3eb7a8ff,tampered_receipt,final-v1:reused_org_independent:tampered_handoff:business-0,0,0,398138,True,0,3,"{'matched': 6, 'expected': 6, 'predicted': 6, 'false_positive': 0, 'recall': 1.0, 'precision': 1.0}",reused_org_independent,12,"{'matched': 13, 'expected': 14, 'predicted': 13, 'false_positive': 0, 'recall': 0.9285714285714286, 'precision': 1.0}",full,w0264
business-1,tampered_handoff,12,,no_independent_historical_duty_labels,"{'matched': 14, 'expected': 14, 'predicted': 14, 'false_positive': 0, 'recall': 1.0, 'precision': 1.0}",da18798a17e75815f9ce71f3f6551441b19ded7973fed9c7f7ff777ad964d196,none,final-v1:reused_org_independent:tampered_handoff:business-1,0,0,398797,False,0,2,"{'matched': 6, 'expected': 6, 'predicted': 6, 'false_positive': 0, 'recall': 1.0, 'precision': 1.0}",reused_org_independent,12,"{'matched': 14, 'expected': 14, 'predicted': 14, 'false_positive': 0, 'recall': 1.0, 'precision': 1.0}",full,w0269
business-1,tampered_handoff,12,,no_independent_historical_duty_labels,"{'matched': 14, 'expected': 14, 'predicted': 14, 'false_positive': 0, 'recall': 1.0, 'precision': 1.0}",da18798a17e75815f9ce71f3f6551441b19ded7973fed9c7f7ff777ad964d196,none,final-v1:reused_org_independent:tampered_handoff:business-1,0,0,4506,False,0,0,"{'matched': 0, 'expected': 6, 'predicted': 0, 'false_positive': 0, 'recall': 0.0, 'precision': None}",reused_org_independent,12,"{'matched': 0, 'expected': 14, 'predicted': 0, 'false_positive': 0, 'recall': 0.0, 'precision': None}",ordinary_logs,w0269
business-1,tampered_handoff,12,,no_independent_historical_duty_labels,"{'matched': 14, 'expected': 14, 'predicted': 14, 'false_positive': 0, 'recall': 1.0, 'precision': 1.0}",da18798a17e75815f9ce71f3f6551441b19ded7973fed9c7f7ff777ad964d196,none,final-v1:reused_org_independent:tampered_handoff:business-1,0,0,371583,False,0,2,"{'matched': 6, 'expected': 6, 'predicted': 6, 'false_positive': 0, 'recall': 1.0, 'precision': 1.0}",reused_org_independent,12,"{'matched': 0, 'expected': 14, 'predicted': 0, 'false_positive': 0, 'recall': 0.0, 'precision': None}",no_receipts,w0269
business-1,tampered_handoff,12,,no_independent_historical_duty_labels,"{'matched': 0, 'expected': 14, 'predicted': 0, 'false_positive': 0, 'recall': 0.0, 'precision': None}",da18798a17e75815f9ce71f3f6551441b19ded7973fed9c7f7ff777ad964d196,none,final-v1:reused_org_independent:tampered_handoff:business-1,0,0,1720,False,0,0,"{'matched': 0, 'expected': 6, 'predicted': 0, 'false_positive': 0, 'recall': 0.0, 'precision': None}",reused_org_independent,12,"{'matched': 0, 'expected': 14, 'predicted': 0, 'false_positive': 0, 'recall': 0.0, 'precision': None}",opaque_relay,w0269
business-1,tampered_handoff,12,,no_independent_historical_duty_labels,"{'matched': 14, 'expected': 14, 'predicted': 14, 'false_positive': 0, 'recall': 1.0, 'precision': 1.0}",da18798a17e75815f9ce71f3f6551441b19ded7973fed9c7f7ff777ad964d196,missing_link,final-v1:reused_org_independent:tampered_handoff:business-1,0,0,390218,True,0,2,"{'matched': 6, 'expected': 6, 'predicted': 6, 'false_positive': 0, 'recall': 1.0, 'precision': 1.0}",reused_org_independent,12,"{'matched': 14, 'expected': 14, 'predicted': 14, 'false_positive': 0, 'recall': 1.0, 'precision': 1.0}",full,w0269
business-1,tampered_handoff,12,,no_independent_historical_duty_labels,"{'matched': 14, 'expected': 14, 'predicted': 14, 'false_positive': 0, 'recall': 1.0, 'precision': 1.0}",da18798a17e75815f9ce71f3f6551441b19ded7973fed9c7f7ff777ad964d196,tampered_receipt,final-v1:reused_org_independent:tampered_handoff:business-1,0,0,398138,True,0,3,"{'matched': 6, 'expected': 6, 'predicted': 6, 'false_positive': 0, 'recall': 1.0, 'precision': 1.0}",reused_org_independent,12,"{'matched': 13, 'expected': 14, 'predicted': 13, 'false_positive': 0, 'recall': 0.9285714285714286, 'precision': 1.0}",full,w0269
business-0,root_retraction,6,,no_independent_historical_duty_labels,"{'matched': 15, 'expected': 15, 'predicted': 15, 'false_positive': 0, 'recall': 1.0, 'precision': 1.0}",195a11b562346dc53c9444fc0faa847d2c7a932c0aa688bde62f8eb65819e5dc,none,final-v1:reused_org_independent:root_retraction:business-0,0,0,299637,False,0,0,"{'matched': 6, 'expected': 6, 'predicted': 6, 'false_positive': 0, 'recall': 1.0, 'precision': 1.0}",reused_org_independent,6,"{'matched': 15, 'expected': 15, 'predicted': 15, 'false_positive': 0, 'recall': 1.0, 'precision': 1.0}",full,w0274
business-0,root_retraction,6,,no_independent_historical_duty_labels,"{'matched': 15, 'expected': 15, 'predicted': 15, 'false_positive': 0, 'recall': 1.0, 'precision': 1.0}",195a11b562346dc53c9444fc0faa847d2c7a932c0aa688bde62f8eb65819e5dc,none,final-v1:reused_org_independent:root_retraction:business-0,0,0,3730,False,0,0,"{'matched': 0, 'expected': 6, 'predicted': 0, 'false_positive': 0, 'recall': 0.0, 'precision': None}",reused_org_independent,6,"{'matched': 0, 'expected': 15, 'predicted': 0, 'false_positive': 0, 'recall': 0.0, 'precision': None}",ordinary_logs,w0274
business-0,root_retraction,6,,no_independent_historical_duty_labels,"{'matched': 15, 'expected': 15, 'predicted': 15, 'false_positive': 0, 'recall': 1.0, 'precision': 1.0}",195a11b562346dc53c9444fc0faa847d2c7a932c0aa688bde62f8eb65819e5dc,none,final-v1:reused_org_independent:root_retraction:business-0,0,0,270509,False,0,0,"{'matched': 6, 'expected': 6, 'predicted': 6, 'false_positive': 0, 'recall': 1.0, 'precision': 1.0}",reused_org_independent,6,"{'matched': 0, 'expected': 15, 'predicted': 0, 'false_positive': 0, 'recall': 0.0, 'precision': None}",no_receipts,w0274
business-0,root_retraction,6,,no_independent_historical_duty_labels,"{'matched': 0, 'expected': 15, 'predicted': 0, 'false_positive': 0, 'recall': 0.0, 'precision': None}",195a11b562346dc53c9444fc0faa847d2c7a932c0aa688bde62f8eb65819e5dc,none,final-v1:reused_org_independent:root_retraction:business-0,0,0,1317,False,0,0,"{'matched': 0, 'expected': 6, 'predicted': 0, 'false_positive': 0, 'recall': 0.0, 'precision': None}",reused_org_independent,6,"{'matched': 0, 'expected': 15, 'predicted': 0, 'false_positive': 0, 'recall': 0.0, 'precision': None}",opaque_relay,w0274
business-0,root_retraction,6,,no_independent_historical_duty_labels,"{'matched': 15, 'expected': 15, 'predicted': 15, 'false_positive': 0, 'recall': 1.0, 'precision': 1.0}",195a11b562346dc53c9444fc0faa847d2c7a932c0aa688bde62f8eb65819e5dc,missing_link,final-v1:reused_org_independent:root_retraction:business-0,0,0,292355,True,0,0,"{'matched': 6, 'expected': 6, 'predicted': 6, 'false_positive': 0, 'recall': 1.0, 'precision': 1.0}",reused_org_independent,6,"{'matched': 15, 'expected': 15, 'predicted': 15, 'false_positive': 0, 'recall': 1.0, 'precision': 1.0}",full,w0274
business-0,root_retraction,6,,no_independent_historical_duty_labels,"{'matched': 15, 'expected': 15, 'predicted': 15, 'false_positive': 0, 'recall': 1.0, 'precision': 1.0}",195a11b562346dc53c9444fc0faa847d2c7a932c0aa688bde62f8eb65819e5dc,tampered_receipt,final-v1:reused_org_independent:root_retraction:business-0,0,0,298979,True,0,1,"{'matched': 6, 'expected': 6, 'predicted': 6, 'false_positive': 0, 'recall': 1.0, 'precision': 1.0}",reused_org_independent,6,"{'matched': 14, 'expected': 15, 'predicted': 14, 'false_positive': 0, 'recall': 0.9333333333333333, 'precision': 1.0}",full,w0274
business-1,root_retraction,6,,no_independent_historical_duty_labels,"{'matched': 15, 'expected': 15, 'predicted': 15, 'false_positive': 0, 'recall': 1.0, 'precision': 1.0}",be2bb4c1c70dd41bebd40c87beaf74ba45745faf958ac9f46881b5f7662f71c4,none,final-v1:reused_org_independent:root_retraction:business-1,0,0,287919,False,0,0,"{'matched': 6, 'expected': 6, 'predicted': 6, 'false_positive': 0, 'recall': 1.0, 'precision': 1.0}",reused_org_independent,6,"{'matched': 15, 'expected': 15, 'predicted': 15, 'false_positive': 0, 'recall': 1.0, 'precision': 1.0}",full,w0279
business-1,root_retraction,6,,no_independent_historical_duty_labels,"{'matched': 15, 'expected': 15, 'predicted': 15, 'false_positive': 0, 'recall': 1.0, 'precision': 1.0}",be2bb4c1c70dd41bebd40c87beaf74ba45745faf958ac9f46881b5f7662f71c4,none,final-v1:reused_org_independent:root_retraction:business-1,0,0,3730,False,0,0,"{'matched': 0, 'expected': 6, 'predicted': 0, 'false_positive': 0, 'recall': 0.0, 'precision': None}",reused_org_independent,6,"{'matched': 0, 'expected': 15, 'predicted': 0, 'false_positive': 0, 'recall': 0.0, 'precision': None}",ordinary_logs,w0279
business-1,root_retraction,6,,no_independent_historical_duty_labels,"{'matched': 15, 'expected': 15, 'predicted': 15, 'false_positive': 0, 'recall': 1.0, 'precision': 1.0}",be2bb4c1c70dd41bebd40c87beaf74ba45745faf958ac9f46881b5f7662f71c4,none,final-v1:reused_org_independent:root_retraction:business-1,0,0,258791,False,0,0,"{'matched': 6, 'expected': 6, 'predicted': 6, 'false_positive': 0, 'recall': 1.0, 'precision': 1.0}",reused_org_independent,6,"{'matched': 0, 'expected': 15, 'predicted': 0, 'false_positive': 0, 'recall': 0.0, 'precision': None}",no_receipts,w0279
business-1,root_retraction,6,,no_independent_historical_duty_labels,"{'matched': 0, 'expected': 15, 'predicted': 0, 'false_positive': 0, 'recall': 0.0, 'precision': None}",be2bb4c1c70dd41bebd40c87beaf74ba45745faf958ac9f46881b5f7662f71c4,none,final-v1:reused_org_independent:root_retraction:business-1,0,0,1317,False,0,0,"{'matched': 0, 'expected': 6, 'predicted': 0, 'false_positive': 0, 'recall': 0.0, 'precision': None}",reused_org_independent,6,"{'matched': 0, 'expected': 15, 'predicted': 0, 'false_positive': 0, 'recall': 0.0, 'precision': None}",opaque_relay,w0279
business-1,root_retraction,6,,no_independent_historical_duty_labels,"{'matched': 15, 'expected': 15, 'predicted': 15, 'false_positive': 0, 'recall': 1.0, 'precision': 1.0}",be2bb4c1c70dd41bebd40c87beaf74ba45745faf958ac9f46881b5f7662f71c4,missing_link,final-v1:reused_org_independent:root_retraction:business-1,0,0,281303,True,0,0,"{'matched': 6, 'expected': 6, 'predicted': 6, 'false_positive': 0, 'recall': 1.0, 'precision': 1.0}",reused_org_independent,6,"{'matched': 15, 'expected': 15, 'predicted': 15, 'false_positive': 0, 'recall': 1.0, 'precision': 1.0}",full,w0279
business-1,root_retraction,6,,no_independent_historical_duty_labels,"{'matched': 15, 'expected': 15, 'predicted': 15, 'false_positive': 0, 'recall': 1.0, 'precision': 1.0}",be2bb4c1c70dd41bebd40c87beaf74ba45745faf958ac9f46881b5f7662f71c4,tampered_receipt,final-v1:reused_org_independent:root_retraction:business-1,0,0,287261,True,0,1,"{'matched': 6, 'expected': 6, 'predicted': 6, 'false_positive': 0, 'recall': 1.0, 'precision': 1.0}",reused_org_independent,6,"{'matched': 14, 'expected': 15, 'predicted': 14, 'false_positive': 0, 'recall': 0.9333333333333333, 'precision': 1.0}",full,w0279
business-0,intermediate_retraction,7,,no_independent_historical_duty_labels,"{'matched': 15, 'expected': 15, 'predicted': 15, 'false_positive': 0, 'recall': 1.0, 'precision': 1.0}",be9a532676725fee8e51429131954a68bac528a329c1c57f2105bf295eb71386,none,final-v1:reused_org_independent:intermediate_retraction:business-0,0,0,276639,False,0,0,"{'matched': 6, 'expected': 6, 'predicted': 6, 'false_positive': 0, 'recall': 1.0, 'precision': 1.0}",reused_org_independent,7,"{'matched': 15, 'expected': 15, 'predicted': 15, 'false_positive': 0, 'recall': 1.0, 'precision': 1.0}",full,w0284
business-0,intermediate_retraction,7,,no_independent_historical_duty_labels,"{'matched': 15, 'expected': 15, 'predicted': 15, 'false_positive': 0, 'recall': 1.0, 'precision': 1.0}",be9a532676725fee8e51429131954a68bac528a329c1c57f2105bf295eb71386,none,final-v1:reused_org_independent:intermediate_retraction:business-0,0,0,3928,False,0,0,"{'matched': 0, 'expected': 6, 'predicted': 0, 'false_positive': 0, 'recall': 0.0, 'precision': None}",reused_org_independent,7,"{'matched': 0, 'expected': 15, 'predicted': 0, 'false_positive': 0, 'recall': 0.0, 'precision': None}",ordinary_logs,w0284
business-0,intermediate_retraction,7,,no_independent_historical_duty_labels,"{'matched': 15, 'expected': 15, 'predicted': 15, 'false_positive': 0, 'recall': 1.0, 'precision': 1.0}",be9a532676725fee8e51429131954a68bac528a329c1c57f2105bf295eb71386,none,final-v1:reused_org_independent:intermediate_retraction:business-0,0,0,247151,False,0,0,"{'matched': 6, 'expected': 6, 'predicted': 6, 'false_positive': 0, 'recall': 1.0, 'precision': 1.0}",reused_org_independent,7,"{'matched': 0, 'expected': 15, 'predicted': 0, 'false_positive': 0, 'recall': 0.0, 'precision': None}",no_receipts,w0284
business-0,intermediate_retraction,7,,no_independent_historical_duty_labels,"{'matched': 0, 'expected': 15, 'predicted': 0, 'false_positive': 0, 'recall': 0.0, 'precision': None}",be9a532676725fee8e51429131954a68bac528a329c1c57f2105bf295eb71386,none,final-v1:reused_org_independent:intermediate_retraction:business-0,0,0,1392,False,0,0,"{'matched': 0, 'expected': 6, 'predicted': 0, 'false_positive': 0, 'recall': 0.0, 'precision': None}",reused_org_independent,7,"{'matched': 0, 'expected': 15, 'predicted': 0, 'false_positive': 0, 'recall': 0.0, 'precision': None}",opaque_relay,w0284
business-0,intermediate_retraction,7,,no_independent_historical_duty_labels,"{'matched': 15, 'expected': 15, 'predicted': 15, 'false_positive': 0, 'recall': 1.0, 'precision': 1.0}",be9a532676725fee8e51429131954a68bac528a329c1c57f2105bf295eb71386,missing_link,final-v1:reused_org_independent:intermediate_retraction:business-0,0,0,270632,True,0,0,"{'matched': 6, 'expected': 6, 'predicted': 6, 'false_positive': 0, 'recall': 1.0, 'precision': 1.0}",reused_org_independent,7,"{'matched': 15, 'expected': 15, 'predicted': 15, 'false_positive': 0, 'recall': 1.0, 'precision': 1.0}",full,w0284
business-0,intermediate_retraction,7,,no_independent_historical_duty_labels,"{'matched': 15, 'expected': 15, 'predicted': 15, 'false_positive': 0, 'recall': 1.0, 'precision': 1.0}",be9a532676725fee8e51429131954a68bac528a329c1c57f2105bf295eb71386,tampered_receipt,final-v1:reused_org_independent:intermediate_retraction:business-0,0,0,275973,True,0,1,"{'matched': 6, 'expected': 6, 'predicted': 6, 'false_positive': 0, 'recall': 1.0, 'precision': 1.0}",reused_org_independent,7,"{'matched': 14, 'expected': 15, 'predicted': 14, 'false_positive': 0, 'recall': 0.9333333333333333, 'precision': 1.0}",full,w0284
business-1,intermediate_retraction,7,,no_independent_historical_duty_labels,"{'matched': 15, 'expected': 15, 'predicted': 15, 'false_positive': 0, 'recall': 1.0, 'precision': 1.0}",e9d32d07fb9dc559ae3f6b38194eb227af2cc24089139254f5f8fc4e118260dd,none,final-v1:reused_org_independent:intermediate_retraction:business-1,0,0,285686,False,0,0,"{'matched': 6, 'expected': 6, 'predicted': 6, 'false_positive': 0, 'recall': 1.0, 'precision': 1.0}",reused_org_independent,7,"{'matched': 15, 'expected': 15, 'predicted': 15, 'false_positive': 0, 'recall': 1.0, 'precision': 1.0}",full,w0289
business-1,intermediate_retraction,7,,no_independent_historical_duty_labels,"{'matched': 15, 'expected': 15, 'predicted': 15, 'false_positive': 0, 'recall': 1.0, 'precision': 1.0}",e9d32d07fb9dc559ae3f6b38194eb227af2cc24089139254f5f8fc4e118260dd,none,final-v1:reused_org_independent:intermediate_retraction:business-1,0,0,3928,False,0,0,"{'matched': 0, 'expected': 6, 'predicted': 0, 'false_positive': 0, 'recall': 0.0, 'precision': None}",reused_org_independent,7,"{'matched': 0, 'expected': 15, 'predicted': 0, 'false_positive': 0, 'recall': 0.0, 'precision': None}",ordinary_logs,w0289
business-1,intermediate_retraction,7,,no_independent_historical_duty_labels,"{'matched': 15, 'expected': 15, 'predicted': 15, 'false_positive': 0, 'recall': 1.0, 'precision': 1.0}",e9d32d07fb9dc559ae3f6b38194eb227af2cc24089139254f5f8fc4e118260dd,none,final-v1:reused_org_independent:intermediate_retraction:business-1,0,0,256198,False,0,0,"{'matched': 6, 'expected': 6, 'predicted': 6, 'false_positive': 0, 'recall': 1.0, 'precision': 1.0}",reused_org_independent,7,"{'matched': 0, 'expected': 15, 'predicted': 0, 'false_positive': 0, 'recall': 0.0, 'precision': None}",no_receipts,w0289
business-1,intermediate_retraction,7,,no_independent_historical_duty_labels,"{'matched': 0, 'expected': 15, 'predicted': 0, 'false_positive': 0, 'recall': 0.0, 'precision': None}",e9d32d07fb9dc559ae3f6b38194eb227af2cc24089139254f5f8fc4e118260dd,none,final-v1:reused_org_independent:intermediate_retraction:business-1,0,0,1392,False,0,0,"{'matched': 0, 'expected': 6, 'predicted': 0, 'false_positive': 0, 'recall': 0.0, 'precision': None}",reused_org_independent,7,"{'matched': 0, 'expected': 15, 'predicted': 0, 'false_positive': 0, 'recall': 0.0, 'precision': None}",opaque_relay,w0289
business-1,intermediate_retraction,7,,no_independent_historical_duty_labels,"{'matched': 15, 'expected': 15, 'predicted': 15, 'false_positive': 0, 'recall': 1.0, 'precision': 1.0}",e9d32d07fb9dc559ae3f6b38194eb227af2cc24089139254f5f8fc4e118260dd,missing_link,final-v1:reused_org_independent:intermediate_retraction:business-1,0,0,279669,True,0,0,"{'matched': 6, 'expected': 6, 'predicted': 6, 'false_positive': 0, 'recall': 1.0, 'precision': 1.0}",reused_org_independent,7,"{'matched': 15, 'expected': 15, 'predicted': 15, 'false_positive': 0, 'recall': 1.0, 'precision': 1.0}",full,w0289
business-1,intermediate_retraction,7,,no_independent_historical_duty_labels,"{'matched': 15, 'expected': 15, 'predicted': 15, 'false_positive': 0, 'recall': 1.0, 'precision': 1.0}",e9d32d07fb9dc559ae3f6b38194eb227af2cc24089139254f5f8fc4e118260dd,tampered_receipt,final-v1:reused_org_independent:intermediate_retraction:business-1,0,0,285020,True,0,1,"{'matched': 6, 'expected': 6, 'predicted': 6, 'false_positive': 0, 'recall': 1.0, 'precision': 1.0}",reused_org_independent,7,"{'matched': 14, 'expected': 15, 'predicted': 14, 'false_positive': 0, 'recall': 0.9333333333333333, 'precision': 1.0}",full,w0289
business-0,branch_retraction,11,,no_independent_historical_duty_labels,"{'matched': 15, 'expected': 15, 'predicted': 15, 'false_positive': 0, 'recall': 1.0, 'precision': 1.0}",4a6a121433a49582aa3fdac3ee8ae5ca00b5cf50040919481b160ed9a33903df,none,final-v1:reused_org_independent:branch_retraction:business-0,0,0,368446,False,0,0,"{'matched': 6, 'expected': 6, 'predicted': 6, 'false_positive': 0, 'recall': 1.0, 'precision': 1.0}",reused_org_independent,11,"{'matched': 15, 'expected': 15, 'predicted': 15, 'false_positive': 0, 'recall': 1.0, 'precision': 1.0}",full,w0294
business-0,branch_retraction,11,,no_independent_historical_duty_labels,"{'matched': 15, 'expected': 15, 'predicted': 15, 'false_positive': 0, 'recall': 1.0, 'precision': 1.0}",4a6a121433a49582aa3fdac3ee8ae5ca00b5cf50040919481b160ed9a33903df,none,final-v1:reused_org_independent:branch_retraction:business-0,0,0,4570,False,0,0,"{'matched': 0, 'expected': 6, 'predicted': 0, 'false_positive': 0, 'recall': 0.0, 'precision': None}",reused_org_independent,11,"{'matched': 0, 'expected': 15, 'predicted': 0, 'false_positive': 0, 'recall': 0.0, 'precision': None}",ordinary_logs,w0294
business-0,branch_retraction,11,,no_independent_historical_duty_labels,"{'matched': 15, 'expected': 15, 'predicted': 15, 'false_positive': 0, 'recall': 1.0, 'precision': 1.0}",4a6a121433a49582aa3fdac3ee8ae5ca00b5cf50040919481b160ed9a33903df,none,final-v1:reused_org_independent:branch_retraction:business-0,0,0,339228,False,0,0,"{'matched': 6, 'expected': 6, 'predicted': 6, 'false_positive': 0, 'recall': 1.0, 'precision': 1.0}",reused_org_independent,11,"{'matched': 0, 'expected': 15, 'predicted': 0, 'false_positive': 0, 'recall': 0.0, 'precision': None}",no_receipts,w0294
business-0,branch_retraction,11,,no_independent_historical_duty_labels,"{'matched': 0, 'expected': 15, 'predicted': 0, 'false_positive': 0, 'recall': 0.0, 'precision': None}",4a6a121433a49582aa3fdac3ee8ae5ca00b5cf50040919481b160ed9a33903df,none,final-v1:reused_org_independent:branch_retraction:business-0,0,0,1654,False,0,0,"{'matched': 0, 'expected': 6, 'predicted': 0, 'false_positive': 0, 'recall': 0.0, 'precision': None}",reused_org_independent,11,"{'matched': 0, 'expected': 15, 'predicted': 0, 'false_positive': 0, 'recall': 0.0, 'precision': None}",opaque_relay,w0294
business-0,branch_retraction,11,,no_independent_historical_duty_labels,"{'matched': 15, 'expected': 15, 'predicted': 15, 'false_positive': 0, 'recall': 1.0, 'precision': 1.0}",4a6a121433a49582aa3fdac3ee8ae5ca00b5cf50040919481b160ed9a33903df,missing_link,final-v1:reused_org_independent:branch_retraction:business-0,0,0,361184,True,0,0,"{'matched': 6, 'expected': 6, 'predicted': 6, 'false_positive': 0, 'recall': 1.0, 'precision': 1.0}",reused_org_independent,11,"{'matched': 15, 'expected': 15, 'predicted': 15, 'false_positive': 0, 'recall': 1.0, 'precision': 1.0}",full,w0294
business-0,branch_retraction,11,,no_independent_historical_duty_labels,"{'matched': 15, 'expected': 15, 'predicted': 15, 'false_positive': 0, 'recall': 1.0, 'precision': 1.0}",4a6a121433a49582aa3fdac3ee8ae5ca00b5cf50040919481b160ed9a33903df,tampered_receipt,final-v1:reused_org_independent:branch_retraction:business-0,0,0,367786,True,0,1,"{'matched': 6, 'expected': 6, 'predicted': 6, 'false_positive': 0, 'recall': 1.0, 'precision': 1.0}",reused_org_independent,11,"{'matched': 14, 'expected': 15, 'predicted': 14, 'false_positive': 0, 'recall': 0.9333333333333333, 'precision': 1.0}",full,w0294
business-1,branch_retraction,11,,no_independent_historical_duty_labels,"{'matched': 15, 'expected': 15, 'predicted': 15, 'false_positive': 0, 'recall': 1.0, 'precision': 1.0}",2a71ee795eca3fbdb35645d024af9ba987382b5ecc01f6ae42d3d18d6d986641,none,final-v1:reused_org_independent:branch_retraction:business-1,0,0,368446,False,0,0,"{'matched': 6, 'expected': 6, 'predicted': 6, 'false_positive': 0, 'recall': 1.0, 'precision': 1.0}",reused_org_independent,11,"{'matched': 15, 'expected': 15, 'predicted': 15, 'false_positive': 0, 'recall': 1.0, 'precision': 1.0}",full,w0299
business-1,branch_retraction,11,,no_independent_historical_duty_labels,"{'matched': 15, 'expected': 15, 'predicted': 15, 'false_positive': 0, 'recall': 1.0, 'precision': 1.0}",2a71ee795eca3fbdb35645d024af9ba987382b5ecc01f6ae42d3d18d6d986641,none,final-v1:reused_org_independent:branch_retraction:business-1,0,0,4570,False,0,0,"{'matched': 0, 'expected': 6, 'predicted': 0, 'false_positive': 0, 'recall': 0.0, 'precision': None}",reused_org_independent,11,"{'matched': 0, 'expected': 15, 'predicted': 0, 'false_positive': 0, 'recall': 0.0, 'precision': None}",ordinary_logs,w0299
business-1,branch_retraction,11,,no_independent_historical_duty_labels,"{'matched': 15, 'expected': 15, 'predicted': 15, 'false_positive': 0, 'recall': 1.0, 'precision': 1.0}",2a71ee795eca3fbdb35645d024af9ba987382b5ecc01f6ae42d3d18d6d986641,none,final-v1:reused_org_independent:branch_retraction:business-1,0,0,339228,False,0,0,"{'matched': 6, 'expected': 6, 'predicted': 6, 'false_positive': 0, 'recall': 1.0, 'precision': 1.0}",reused_org_independent,11,"{'matched': 0, 'expected': 15, 'predicted': 0, 'false_positive': 0, 'recall': 0.0, 'precision': None}",no_receipts,w0299
business-1,branch_retraction,11,,no_independent_historical_duty_labels,"{'matched': 0, 'expected': 15, 'predicted': 0, 'false_positive': 0, 'recall': 0.0, 'precision': None}",2a71ee795eca3fbdb35645d024af9ba987382b5ecc01f6ae42d3d18d6d986641,none,final-v1:reused_org_independent:branch_retraction:business-1,0,0,1654,False,0,0,"{'matched': 0, 'expected': 6, 'predicted': 0, 'false_positive': 0, 'recall': 0.0, 'precision': None}",reused_org_independent,11,"{'matched': 0, 'expected': 15, 'predicted': 0, 'false_positive': 0, 'recall': 0.0, 'precision': None}",opaque_relay,w0299
business-1,branch_retraction,11,,no_independent_historical_duty_labels,"{'matched': 15, 'expected': 15, 'predicted': 15, 'false_positive': 0, 'recall': 1.0, 'precision': 1.0}",2a71ee795eca3fbdb35645d024af9ba987382b5ecc01f6ae42d3d18d6d986641,missing_link,final-v1:reused_org_independent:branch_retraction:business-1,0,0,361184,True,0,0,"{'matched': 6, 'expected': 6, 'predicted': 6, 'false_positive': 0, 'recall': 1.0, 'precision': 1.0}",reused_org_independent,11,"{'matched': 15, 'expected': 15, 'predicted': 15, 'false_positive': 0, 'recall': 1.0, 'precision': 1.0}",full,w0299
business-1,branch_retraction,11,,no_independent_historical_duty_labels,"{'matched': 15, 'expected': 15, 'predicted': 15, 'false_positive': 0, 'recall': 1.0, 'precision': 1.0}",2a71ee795eca3fbdb35645d024af9ba987382b5ecc01f6ae42d3d18d6d986641,tampered_receipt,final-v1:reused_org_independent:branch_retraction:business-1,0,0,367786,True,0,1,"{'matched': 6, 'expected': 6, 'predicted': 6, 'false_positive': 0, 'recall': 1.0, 'precision': 1.0}",reused_org_independent,11,"{'matched': 14, 'expected': 15, 'predicted': 14, 'false_positive': 0, 'recall': 0.9333333333333333, 'precision': 1.0}",full,w0299
business-0,late_notice,7,,no_independent_historical_duty_labels,"{'matched': 15, 'expected': 15, 'predicted': 15, 'false_positive': 0, 'recall': 1.0, 'precision': 1.0}",d4c0a2d34e08af4dd75d29d8fe9ab176f6c97e622ecb556d0dd77c8db2755a34,none,final-v1:reused_org_independent:late_notice:business-0,0,0,303920,False,0,0,"{'matched': 6, 'expected': 6, 'predicted': 6, 'false_positive': 0, 'recall': 1.0, 'precision': 1.0}",reused_org_independent,7,"{'matched': 15, 'expected': 15, 'predicted': 15, 'false_positive': 0, 'recall': 1.0, 'precision': 1.0}",full,w0304
business-0,late_notice,7,,no_independent_historical_duty_labels,"{'matched': 15, 'expected': 15, 'predicted': 15, 'false_positive': 0, 'recall': 1.0, 'precision': 1.0}",d4c0a2d34e08af4dd75d29d8fe9ab176f6c97e622ecb556d0dd77c8db2755a34,none,final-v1:reused_org_independent:late_notice:business-0,0,0,3916,False,0,0,"{'matched': 0, 'expected': 6, 'predicted': 0, 'false_positive': 0, 'recall': 0.0, 'precision': None}",reused_org_independent,7,"{'matched': 0, 'expected': 15, 'predicted': 0, 'false_positive': 0, 'recall': 0.0, 'precision': None}",ordinary_logs,w0304
business-0,late_notice,7,,no_independent_historical_duty_labels,"{'matched': 15, 'expected': 15, 'predicted': 15, 'false_positive': 0, 'recall': 1.0, 'precision': 1.0}",d4c0a2d34e08af4dd75d29d8fe9ab176f6c97e622ecb556d0dd77c8db2755a34,none,final-v1:reused_org_independent:late_notice:business-0,0,0,274972,False,0,0,"{'matched': 6, 'expected': 6, 'predicted': 6, 'false_positive': 0, 'recall': 1.0, 'precision': 1.0}",reused_org_independent,7,"{'matched': 0, 'expected': 15, 'predicted': 0, 'false_positive': 0, 'recall': 0.0, 'precision': None}",no_receipts,w0304
business-0,late_notice,7,,no_independent_historical_duty_labels,"{'matched': 0, 'expected': 15, 'predicted': 0, 'false_positive': 0, 'recall': 0.0, 'precision': None}",d4c0a2d34e08af4dd75d29d8fe9ab176f6c97e622ecb556d0dd77c8db2755a34,none,final-v1:reused_org_independent:late_notice:business-0,0,0,1380,False,0,0,"{'matched': 0, 'expected': 6, 'predicted': 0, 'false_positive': 0, 'recall': 0.0, 'precision': None}",reused_org_independent,7,"{'matched': 0, 'expected': 15, 'predicted': 0, 'false_positive': 0, 'recall': 0.0, 'precision': None}",opaque_relay,w0304
business-0,late_notice,7,,no_independent_historical_duty_labels,"{'matched': 15, 'expected': 15, 'predicted': 15, 'false_positive': 0, 'recall': 1.0, 'precision': 1.0}",d4c0a2d34e08af4dd75d29d8fe9ab176f6c97e622ecb556d0dd77c8db2755a34,missing_link,final-v1:reused_org_independent:late_notice:business-0,0,0,297359,True,0,0,"{'matched': 6, 'expected': 6, 'predicted': 6, 'false_positive': 0, 'recall': 1.0, 'precision': 1.0}",reused_org_independent,7,"{'matched': 15, 'expected': 15, 'predicted': 15, 'false_positive': 0, 'recall': 1.0, 'precision': 1.0}",full,w0304
business-0,late_notice,7,,no_independent_historical_duty_labels,"{'matched': 15, 'expected': 15, 'predicted': 15, 'false_positive': 0, 'recall': 1.0, 'precision': 1.0}",d4c0a2d34e08af4dd75d29d8fe9ab176f6c97e622ecb556d0dd77c8db2755a34,tampered_receipt,final-v1:reused_org_independent:late_notice:business-0,0,0,303266,True,0,1,"{'matched': 6, 'expected': 6, 'predicted': 6, 'false_positive': 0, 'recall': 1.0, 'precision': 1.0}",reused_org_independent,7,"{'matched': 14, 'expected': 15, 'predicted': 14, 'false_positive': 0, 'recall': 0.9333333333333333, 'precision': 1.0}",full,w0304
business-1,late_notice,7,,no_independent_historical_duty_labels,"{'matched': 15, 'expected': 15, 'predicted': 15, 'false_positive': 0, 'recall': 1.0, 'precision': 1.0}",a84528eeffcf40f1085b963eb86d6e59c7d134a48ee2c8e278567eb50261229f,none,final-v1:reused_org_independent:late_notice:business-1,0,0,308865,False,0,0,"{'matched': 6, 'expected': 6, 'predicted': 6, 'false_positive': 0, 'recall': 1.0, 'precision': 1.0}",reused_org_independent,7,"{'matched': 15, 'expected': 15, 'predicted': 15, 'false_positive': 0, 'recall': 1.0, 'precision': 1.0}",full,w0309
business-1,late_notice,7,,no_independent_historical_duty_labels,"{'matched': 15, 'expected': 15, 'predicted': 15, 'false_positive': 0, 'recall': 1.0, 'precision': 1.0}",a84528eeffcf40f1085b963eb86d6e59c7d134a48ee2c8e278567eb50261229f,none,final-v1:reused_org_independent:late_notice:business-1,0,0,3916,False,0,0,"{'matched': 0, 'expected': 6, 'predicted': 0, 'false_positive': 0, 'recall': 0.0, 'precision': None}",reused_org_independent,7,"{'matched': 0, 'expected': 15, 'predicted': 0, 'false_positive': 0, 'recall': 0.0, 'precision': None}",ordinary_logs,w0309
business-1,late_notice,7,,no_independent_historical_duty_labels,"{'matched': 15, 'expected': 15, 'predicted': 15, 'false_positive': 0, 'recall': 1.0, 'precision': 1.0}",a84528eeffcf40f1085b963eb86d6e59c7d134a48ee2c8e278567eb50261229f,none,final-v1:reused_org_independent:late_notice:business-1,0,0,279917,False,0,0,"{'matched': 6, 'expected': 6, 'predicted': 6, 'false_positive': 0, 'recall': 1.0, 'precision': 1.0}",reused_org_independent,7,"{'matched': 0, 'expected': 15, 'predicted': 0, 'false_positive': 0, 'recall': 0.0, 'precision': None}",no_receipts,w0309
business-1,late_notice,7,,no_independent_historical_duty_labels,"{'matched': 0, 'expected': 15, 'predicted': 0, 'false_positive': 0, 'recall': 0.0, 'precision': None}",a84528eeffcf40f1085b963eb86d6e59c7d134a48ee2c8e278567eb50261229f,none,final-v1:reused_org_independent:late_notice:business-1,0,0,1380,False,0,0,"{'matched': 0, 'expected': 6, 'predicted': 0, 'false_positive': 0, 'recall': 0.0, 'precision': None}",reused_org_independent,7,"{'matched': 0, 'expected': 15, 'predicted': 0, 'false_positive': 0, 'recall': 0.0, 'precision': None}",opaque_relay,w0309
business-1,late_notice,7,,no_independent_historical_duty_labels,"{'matched': 15, 'expected': 15, 'predicted': 15, 'false_positive': 0, 'recall': 1.0, 'precision': 1.0}",a84528eeffcf40f1085b963eb86d6e59c7d134a48ee2c8e278567eb50261229f,missing_link,final-v1:reused_org_independent:late_notice:business-1,0,0,302304,True,0,0,"{'matched': 6, 'expected': 6, 'predicted': 6, 'false_positive': 0, 'recall': 1.0, 'precision': 1.0}",reused_org_independent,7,"{'matched': 15, 'expected': 15, 'predicted': 15, 'false_positive': 0, 'recall': 1.0, 'precision': 1.0}",full,w0309
business-1,late_notice,7,,no_independent_historical_duty_labels,"{'matched': 15, 'expected': 15, 'predicted': 15, 'false_positive': 0, 'recall': 1.0, 'precision': 1.0}",a84528eeffcf40f1085b963eb86d6e59c7d134a48ee2c8e278567eb50261229f,tampered_receipt,final-v1:reused_org_independent:late_notice:business-1,0,0,308211,True,0,1,"{'matched': 6, 'expected': 6, 'predicted': 6, 'false_positive': 0, 'recall': 1.0, 'precision': 1.0}",reused_org_independent,7,"{'matched': 14, 'expected': 15, 'predicted': 14, 'false_positive': 0, 'recall': 0.9333333333333333, 'precision': 1.0}",full,w0309
business-0,signed_false,6,,no_independent_historical_duty_labels,"{'matched': 15, 'expected': 15, 'predicted': 15, 'false_positive': 0, 'recall': 1.0, 'precision': 1.0}",8c7e89f5e6b13da2e4c973cedbf4618366df720199be8136b3f10d3fa1b854bc,none,final-v1:reused_org_independent:signed_false:business-0,0,0,328672,False,0,0,"{'matched': 6, 'expected': 6, 'predicted': 6, 'false_positive': 0, 'recall': 1.0, 'precision': 1.0}",reused_org_independent,6,"{'matched': 15, 'expected': 15, 'predicted': 15, 'false_positive': 0, 'recall': 1.0, 'precision': 1.0}",full,w0314
business-0,signed_false,6,,no_independent_historical_duty_labels,"{'matched': 15, 'expected': 15, 'predicted': 15, 'false_positive': 0, 'recall': 1.0, 'precision': 1.0}",8c7e89f5e6b13da2e4c973cedbf4618366df720199be8136b3f10d3fa1b854bc,none,final-v1:reused_org_independent:signed_false:business-0,0,0,3727,False,0,0,"{'matched': 0, 'expected': 6, 'predicted': 0, 'false_positive': 0, 'recall': 0.0, 'precision': None}",reused_org_independent,6,"{'matched': 0, 'expected': 15, 'predicted': 0, 'false_positive': 0, 'recall': 0.0, 'precision': None}",ordinary_logs,w0314
business-0,signed_false,6,,no_independent_historical_duty_labels,"{'matched': 15, 'expected': 15, 'predicted': 15, 'false_positive': 0, 'recall': 1.0, 'precision': 1.0}",8c7e89f5e6b13da2e4c973cedbf4618366df720199be8136b3f10d3fa1b854bc,none,final-v1:reused_org_independent:signed_false:business-0,0,0,299679,False,0,0,"{'matched': 6, 'expected': 6, 'predicted': 6, 'false_positive': 0, 'recall': 1.0, 'precision': 1.0}",reused_org_independent,6,"{'matched': 0, 'expected': 15, 'predicted': 0, 'false_positive': 0, 'recall': 0.0, 'precision': None}",no_receipts,w0314
business-0,signed_false,6,,no_independent_historical_duty_labels,"{'matched': 0, 'expected': 15, 'predicted': 0, 'false_positive': 0, 'recall': 0.0, 'precision': None}",8c7e89f5e6b13da2e4c973cedbf4618366df720199be8136b3f10d3fa1b854bc,none,final-v1:reused_org_independent:signed_false:business-0,0,0,1314,False,0,0,"{'matched': 0, 'expected': 6, 'predicted': 0, 'false_positive': 0, 'recall': 0.0, 'precision': None}",reused_org_independent,6,"{'matched': 0, 'expected': 15, 'predicted': 0, 'false_positive': 0, 'recall': 0.0, 'precision': None}",opaque_relay,w0314
business-0,signed_false,6,,no_independent_historical_duty_labels,"{'matched': 15, 'expected': 15, 'predicted': 15, 'false_positive': 0, 'recall': 1.0, 'precision': 1.0}",8c7e89f5e6b13da2e4c973cedbf4618366df720199be8136b3f10d3fa1b854bc,missing_link,final-v1:reused_org_independent:signed_false:business-0,0,0,320104,True,0,0,"{'matched': 6, 'expected': 6, 'predicted': 6, 'false_positive': 0, 'recall': 1.0, 'precision': 1.0}",reused_org_independent,6,"{'matched': 15, 'expected': 15, 'predicted': 15, 'false_positive': 0, 'recall': 1.0, 'precision': 1.0}",full,w0314
business-0,signed_false,6,,no_independent_historical_duty_labels,"{'matched': 15, 'expected': 15, 'predicted': 15, 'false_positive': 0, 'recall': 1.0, 'precision': 1.0}",8c7e89f5e6b13da2e4c973cedbf4618366df720199be8136b3f10d3fa1b854bc,tampered_receipt,final-v1:reused_org_independent:signed_false:business-0,0,0,328017,True,0,1,"{'matched': 6, 'expected': 6, 'predicted': 6, 'false_positive': 0, 'recall': 1.0, 'precision': 1.0}",reused_org_independent,6,"{'matched': 14, 'expected': 15, 'predicted': 14, 'false_positive': 0, 'recall': 0.9333333333333333, 'precision': 1.0}",full,w0314
business-1,signed_false,6,,no_independent_historical_duty_labels,"{'matched': 15, 'expected': 15, 'predicted': 15, 'false_positive': 0, 'recall': 1.0, 'precision': 1.0}",946eb43a737a8ad4030801b932f86f1e711b826848db93511f2cfaa2cfe337e6,none,final-v1:reused_org_independent:signed_false:business-1,0,0,328665,False,0,0,"{'matched': 6, 'expected': 6, 'predicted': 6, 'false_positive': 0, 'recall': 1.0, 'precision': 1.0}",reused_org_independent,6,"{'matched': 15, 'expected': 15, 'predicted': 15, 'false_positive': 0, 'recall': 1.0, 'precision': 1.0}",full,w0319
business-1,signed_false,6,,no_independent_historical_duty_labels,"{'matched': 15, 'expected': 15, 'predicted': 15, 'false_positive': 0, 'recall': 1.0, 'precision': 1.0}",946eb43a737a8ad4030801b932f86f1e711b826848db93511f2cfaa2cfe337e6,none,final-v1:reused_org_independent:signed_false:business-1,0,0,3727,False,0,0,"{'matched': 0, 'expected': 6, 'predicted': 0, 'false_positive': 0, 'recall': 0.0, 'precision': None}",reused_org_independent,6,"{'matched': 0, 'expected': 15, 'predicted': 0, 'false_positive': 0, 'recall': 0.0, 'precision': None}",ordinary_logs,w0319
business-1,signed_false,6,,no_independent_historical_duty_labels,"{'matched': 15, 'expected': 15, 'predicted': 15, 'false_positive': 0, 'recall': 1.0, 'precision': 1.0}",946eb43a737a8ad4030801b932f86f1e711b826848db93511f2cfaa2cfe337e6,none,final-v1:reused_org_independent:signed_false:business-1,0,0,299672,False,0,0,"{'matched': 6, 'expected': 6, 'predicted': 6, 'false_positive': 0, 'recall': 1.0, 'precision': 1.0}",reused_org_independent,6,"{'matched': 0, 'expected': 15, 'predicted': 0, 'false_positive': 0, 'recall': 0.0, 'precision': None}",no_receipts,w0319
business-1,signed_false,6,,no_independent_historical_duty_labels,"{'matched': 0, 'expected': 15, 'predicted': 0, 'false_positive': 0, 'recall': 0.0, 'precision': None}",946eb43a737a8ad4030801b932f86f1e711b826848db93511f2cfaa2cfe337e6,none,final-v1:reused_org_independent:signed_false:business-1,0,0,1314,False,0,0,"{'matched': 0, 'expected': 6, 'predicted': 0, 'false_positive': 0, 'recall': 0.0, 'precision': None}",reused_org_independent,6,"{'matched': 0, 'expected': 15, 'predicted': 0, 'false_positive': 0, 'recall': 0.0, 'precision': None}",opaque_relay,w0319
business-1,signed_false,6,,no_independent_historical_duty_labels,"{'matched': 15, 'expected': 15, 'predicted': 15, 'false_positive': 0, 'recall': 1.0, 'precision': 1.0}",946eb43a737a8ad4030801b932f86f1e711b826848db93511f2cfaa2cfe337e6,missing_link,final-v1:reused_org_independent:signed_false:business-1,0,0,320097,True,0,0,"{'matched': 6, 'expected': 6, 'predicted': 6, 'false_positive': 0, 'recall': 1.0, 'precision': 1.0}",reused_org_independent,6,"{'matched': 15, 'expected': 15, 'predicted': 15, 'false_positive': 0, 'recall': 1.0, 'precision': 1.0}",full,w0319
business-1,signed_false,6,,no_independent_historical_duty_labels,"{'matched': 15, 'expected': 15, 'predicted': 15, 'false_positive': 0, 'recall': 1.0, 'precision': 1.0}",946eb43a737a8ad4030801b932f86f1e711b826848db93511f2cfaa2cfe337e6,tampered_receipt,final-v1:reused_org_independent:signed_false:business-1,0,0,328010,True,0,1,"{'matched': 6, 'expected': 6, 'predicted': 6, 'false_positive': 0, 'recall': 1.0, 'precision': 1.0}",reused_org_independent,6,"{'matched': 14, 'expected': 15, 'predicted': 14, 'false_positive': 0, 'recall': 0.9333333333333333, 'precision': 1.0}",full,w0319
business-0,conflicting_sources,6,,no_independent_historical_duty_labels,"{'matched': 17, 'expected': 17, 'predicted': 17, 'false_positive': 0, 'recall': 1.0, 'precision': 1.0}",525bb6469e8652d4491dfa6dd54fe1b5d910d4622992cb97f4ff4453268e2400,none,final-v1:reused_org_independent:conflicting_sources:business-0,0,0,367566,False,0,0,"{'matched': 7, 'expected': 7, 'predicted': 7, 'false_positive': 0, 'recall': 1.0, 'precision': 1.0}",reused_org_independent,6,"{'matched': 17, 'expected': 17, 'predicted': 17, 'false_positive': 0, 'recall': 1.0, 'precision': 1.0}",full,w0324
business-0,conflicting_sources,6,,no_independent_historical_duty_labels,"{'matched': 17, 'expected': 17, 'predicted': 17, 'false_positive': 0, 'recall': 1.0, 'precision': 1.0}",525bb6469e8652d4491dfa6dd54fe1b5d910d4622992cb97f4ff4453268e2400,none,final-v1:reused_org_independent:conflicting_sources:business-0,0,0,3985,False,0,0,"{'matched': 0, 'expected': 7, 'predicted': 0, 'false_positive': 0, 'recall': 0.0, 'precision': None}",reused_org_independent,6,"{'matched': 0, 'expected': 17, 'predicted': 0, 'false_positive': 0, 'recall': 0.0, 'precision': None}",ordinary_logs,w0324
business-0,conflicting_sources,6,,no_independent_historical_duty_labels,"{'matched': 17, 'expected': 17, 'predicted': 17, 'false_positive': 0, 'recall': 1.0, 'precision': 1.0}",525bb6469e8652d4491dfa6dd54fe1b5d910d4622992cb97f4ff4453268e2400,none,final-v1:reused_org_independent:conflicting_sources:business-0,0,0,334353,False,0,0,"{'matched': 7, 'expected': 7, 'predicted': 7, 'false_positive': 0, 'recall': 1.0, 'precision': 1.0}",reused_org_independent,6,"{'matched': 0, 'expected': 17, 'predicted': 0, 'false_positive': 0, 'recall': 0.0, 'precision': None}",no_receipts,w0324
business-0,conflicting_sources,6,,no_independent_historical_duty_labels,"{'matched': 0, 'expected': 17, 'predicted': 0, 'false_positive': 0, 'recall': 0.0, 'precision': None}",525bb6469e8652d4491dfa6dd54fe1b5d910d4622992cb97f4ff4453268e2400,none,final-v1:reused_org_independent:conflicting_sources:business-0,0,0,1321,False,0,0,"{'matched': 0, 'expected': 7, 'predicted': 0, 'false_positive': 0, 'recall': 0.0, 'precision': None}",reused_org_independent,6,"{'matched': 0, 'expected': 17, 'predicted': 0, 'false_positive': 0, 'recall': 0.0, 'precision': None}",opaque_relay,w0324
business-0,conflicting_sources,6,,no_independent_historical_duty_labels,"{'matched': 17, 'expected': 17, 'predicted': 17, 'false_positive': 0, 'recall': 1.0, 'precision': 1.0}",525bb6469e8652d4491dfa6dd54fe1b5d910d4622992cb97f4ff4453268e2400,missing_link,final-v1:reused_org_independent:conflicting_sources:business-0,0,0,358906,True,0,0,"{'matched': 7, 'expected': 7, 'predicted': 7, 'false_positive': 0, 'recall': 1.0, 'precision': 1.0}",reused_org_independent,6,"{'matched': 17, 'expected': 17, 'predicted': 17, 'false_positive': 0, 'recall': 1.0, 'precision': 1.0}",full,w0324
business-0,conflicting_sources,6,,no_independent_historical_duty_labels,"{'matched': 17, 'expected': 17, 'predicted': 17, 'false_positive': 0, 'recall': 1.0, 'precision': 1.0}",525bb6469e8652d4491dfa6dd54fe1b5d910d4622992cb97f4ff4453268e2400,tampered_receipt,final-v1:reused_org_independent:conflicting_sources:business-0,0,0,366904,True,0,1,"{'matched': 7, 'expected': 7, 'predicted': 7, 'false_positive': 0, 'recall': 1.0, 'precision': 1.0}",reused_org_independent,6,"{'matched': 16, 'expected': 17, 'predicted': 16, 'false_positive': 0, 'recall': 0.9411764705882353, 'precision': 1.0}",full,w0324
business-1,conflicting_sources,6,,no_independent_historical_duty_labels,"{'matched': 17, 'expected': 17, 'predicted': 17, 'false_positive': 0, 'recall': 1.0, 'precision': 1.0}",960a26e708b56c86edcfd6267dfeb462be89bafd6fd641a1891cdf0e4a29bd27,none,final-v1:reused_org_independent:conflicting_sources:business-1,0,0,372573,False,0,0,"{'matched': 7, 'expected': 7, 'predicted': 7, 'false_positive': 0, 'recall': 1.0, 'precision': 1.0}",reused_org_independent,6,"{'matched': 17, 'expected': 17, 'predicted': 17, 'false_positive': 0, 'recall': 1.0, 'precision': 1.0}",full,w0329
business-1,conflicting_sources,6,,no_independent_historical_duty_labels,"{'matched': 17, 'expected': 17, 'predicted': 17, 'false_positive': 0, 'recall': 1.0, 'precision': 1.0}",960a26e708b56c86edcfd6267dfeb462be89bafd6fd641a1891cdf0e4a29bd27,none,final-v1:reused_org_independent:conflicting_sources:business-1,0,0,3985,False,0,0,"{'matched': 0, 'expected': 7, 'predicted': 0, 'false_positive': 0, 'recall': 0.0, 'precision': None}",reused_org_independent,6,"{'matched': 0, 'expected': 17, 'predicted': 0, 'false_positive': 0, 'recall': 0.0, 'precision': None}",ordinary_logs,w0329
business-1,conflicting_sources,6,,no_independent_historical_duty_labels,"{'matched': 17, 'expected': 17, 'predicted': 17, 'false_positive': 0, 'recall': 1.0, 'precision': 1.0}",960a26e708b56c86edcfd6267dfeb462be89bafd6fd641a1891cdf0e4a29bd27,none,final-v1:reused_org_independent:conflicting_sources:business-1,0,0,339360,False,0,0,"{'matched': 7, 'expected': 7, 'predicted': 7, 'false_positive': 0, 'recall': 1.0, 'precision': 1.0}",reused_org_independent,6,"{'matched': 0, 'expected': 17, 'predicted': 0, 'false_positive': 0, 'recall': 0.0, 'precision': None}",no_receipts,w0329
business-1,conflicting_sources,6,,no_independent_historical_duty_labels,"{'matched': 0, 'expected': 17, 'predicted': 0, 'false_positive': 0, 'recall': 0.0, 'precision': None}",960a26e708b56c86edcfd6267dfeb462be89bafd6fd641a1891cdf0e4a29bd27,none,final-v1:reused_org_independent:conflicting_sources:business-1,0,0,1321,False,0,0,"{'matched': 0, 'expected': 7, 'predicted': 0, 'false_positive': 0, 'recall': 0.0, 'precision': None}",reused_org_independent,6,"{'matched': 0, 'expected': 17, 'predicted': 0, 'false_positive': 0, 'recall': 0.0, 'precision': None}",opaque_relay,w0329
business-1,conflicting_sources,6,,no_independent_historical_duty_labels,"{'matched': 17, 'expected': 17, 'predicted': 17, 'false_positive': 0, 'recall': 1.0, 'precision': 1.0}",960a26e708b56c86edcfd6267dfeb462be89bafd6fd641a1891cdf0e4a29bd27,missing_link,final-v1:reused_org_independent:conflicting_sources:business-1,0,0,363913,True,0,0,"{'matched': 7, 'expected': 7, 'predicted': 7, 'false_positive': 0, 'recall': 1.0, 'precision': 1.0}",reused_org_independent,6,"{'matched': 17, 'expected': 17, 'predicted': 17, 'false_positive': 0, 'recall': 1.0, 'precision': 1.0}",full,w0329
business-1,conflicting_sources,6,,no_independent_historical_duty_labels,"{'matched': 17, 'expected': 17, 'predicted': 17, 'false_positive': 0, 'recall': 1.0, 'precision': 1.0}",960a26e708b56c86edcfd6267dfeb462be89bafd6fd641a1891cdf0e4a29bd27,tampered_receipt,final-v1:reused_org_independent:conflicting_sources:business-1,0,0,371911,True,0,1,"{'matched': 7, 'expected': 7, 'predicted': 7, 'false_positive': 0, 'recall': 1.0, 'precision': 1.0}",reused_org_independent,6,"{'matched': 16, 'expected': 17, 'predicted': 16, 'false_positive': 0, 'recall': 0.9411764705882353, 'precision': 1.0}",full,w0329
business-0,confirmed_repair,8,,no_independent_historical_duty_labels,"{'matched': 15, 'expected': 15, 'predicted': 15, 'false_positive': 0, 'recall': 1.0, 'precision': 1.0}",f44b645443ff0fe895ef5155fb26522aa34e52e52520a8a6db227c249826dafb,none,final-v1:reused_org_independent:confirmed_repair:business-0,0,0,540531,False,0,0,"{'matched': 7, 'expected': 7, 'predicted': 7, 'false_positive': 0, 'recall': 1.0, 'precision': 1.0}",reused_org_independent,8,"{'matched': 15, 'expected': 15, 'predicted': 15, 'false_positive': 0, 'recall': 1.0, 'precision': 1.0}",full,w0334
business-0,confirmed_repair,8,,no_independent_historical_duty_labels,"{'matched': 15, 'expected': 15, 'predicted': 15, 'false_positive': 0, 'recall': 1.0, 'precision': 1.0}",f44b645443ff0fe895ef5155fb26522aa34e52e52520a8a6db227c249826dafb,none,final-v1:reused_org_independent:confirmed_repair:business-0,0,0,3865,False,0,0,"{'matched': 0, 'expected': 7, 'predicted': 0, 'false_positive': 0, 'recall': 0.0, 'precision': None}",reused_org_independent,8,"{'matched': 0, 'expected': 15, 'predicted': 0, 'false_positive': 0, 'recall': 0.0, 'precision': None}",ordinary_logs,w0334
business-0,confirmed_repair,8,,no_independent_historical_duty_labels,"{'matched': 15, 'expected': 15, 'predicted': 15, 'false_positive': 0, 'recall': 1.0, 'precision': 1.0}",f44b645443ff0fe895ef5155fb26522aa34e52e52520a8a6db227c249826dafb,none,final-v1:reused_org_independent:confirmed_repair:business-0,0,0,511358,False,0,0,"{'matched': 7, 'expected': 7, 'predicted': 7, 'false_positive': 0, 'recall': 1.0, 'precision': 1.0}",reused_org_independent,8,"{'matched': 0, 'expected': 15, 'predicted': 0, 'false_positive': 0, 'recall': 0.0, 'precision': None}",no_receipts,w0334
business-0,confirmed_repair,8,,no_independent_historical_duty_labels,"{'matched': 0, 'expected': 15, 'predicted': 0, 'false_positive': 0, 'recall': 0.0, 'precision': None}",f44b645443ff0fe895ef5155fb26522aa34e52e52520a8a6db227c249826dafb,none,final-v1:reused_org_independent:confirmed_repair:business-0,0,0,1452,False,0,0,"{'matched': 0, 'expected': 7, 'predicted': 0, 'false_positive': 0, 'recall': 0.0, 'precision': None}",reused_org_independent,8,"{'matched': 0, 'expected': 15, 'predicted': 0, 'false_positive': 0, 'recall': 0.0, 'precision': None}",opaque_relay,w0334
business-0,confirmed_repair,8,,no_independent_historical_duty_labels,"{'matched': 15, 'expected': 15, 'predicted': 15, 'false_positive': 0, 'recall': 1.0, 'precision': 1.0}",f44b645443ff0fe895ef5155fb26522aa34e52e52520a8a6db227c249826dafb,missing_link,final-v1:reused_org_independent:confirmed_repair:business-0,0,0,529240,True,0,0,"{'matched': 7, 'expected': 7, 'predicted': 7, 'false_positive': 0, 'recall': 1.0, 'precision': 1.0}",reused_org_independent,8,"{'matched': 15, 'expected': 15, 'predicted': 15, 'false_positive': 0, 'recall': 1.0, 'precision': 1.0}",full,w0334
business-0,confirmed_repair,8,,no_independent_historical_duty_labels,"{'matched': 15, 'expected': 15, 'predicted': 15, 'false_positive': 0, 'recall': 1.0, 'precision': 1.0}",f44b645443ff0fe895ef5155fb26522aa34e52e52520a8a6db227c249826dafb,tampered_receipt,final-v1:reused_org_independent:confirmed_repair:business-0,0,0,539872,True,0,1,"{'matched': 7, 'expected': 7, 'predicted': 7, 'false_positive': 0, 'recall': 1.0, 'precision': 1.0}",reused_org_independent,8,"{'matched': 14, 'expected': 15, 'predicted': 14, 'false_positive': 0, 'recall': 0.9333333333333333, 'precision': 1.0}",full,w0334
business-1,confirmed_repair,8,,no_independent_historical_duty_labels,"{'matched': 15, 'expected': 15, 'predicted': 15, 'false_positive': 0, 'recall': 1.0, 'precision': 1.0}",1a24c90950e0f0d5b5b2c0003a0f42f0d2b0bfe60c74d6a8362fc46f633ee552,none,final-v1:reused_org_independent:confirmed_repair:business-1,0,0,541240,False,0,0,"{'matched': 7, 'expected': 7, 'predicted': 7, 'false_positive': 0, 'recall': 1.0, 'precision': 1.0}",reused_org_independent,8,"{'matched': 15, 'expected': 15, 'predicted': 15, 'false_positive': 0, 'recall': 1.0, 'precision': 1.0}",full,w0339
business-1,confirmed_repair,8,,no_independent_historical_duty_labels,"{'matched': 15, 'expected': 15, 'predicted': 15, 'false_positive': 0, 'recall': 1.0, 'precision': 1.0}",1a24c90950e0f0d5b5b2c0003a0f42f0d2b0bfe60c74d6a8362fc46f633ee552,none,final-v1:reused_org_independent:confirmed_repair:business-1,0,0,3865,False,0,0,"{'matched': 0, 'expected': 7, 'predicted': 0, 'false_positive': 0, 'recall': 0.0, 'precision': None}",reused_org_independent,8,"{'matched': 0, 'expected': 15, 'predicted': 0, 'false_positive': 0, 'recall': 0.0, 'precision': None}",ordinary_logs,w0339
business-1,confirmed_repair,8,,no_independent_historical_duty_labels,"{'matched': 15, 'expected': 15, 'predicted': 15, 'false_positive': 0, 'recall': 1.0, 'precision': 1.0}",1a24c90950e0f0d5b5b2c0003a0f42f0d2b0bfe60c74d6a8362fc46f633ee552,none,final-v1:reused_org_independent:confirmed_repair:business-1,0,0,512067,False,0,0,"{'matched': 7, 'expected': 7, 'predicted': 7, 'false_positive': 0, 'recall': 1.0, 'precision': 1.0}",reused_org_independent,8,"{'matched': 0, 'expected': 15, 'predicted': 0, 'false_positive': 0, 'recall': 0.0, 'precision': None}",no_receipts,w0339
business-1,confirmed_repair,8,,no_independent_historical_duty_labels,"{'matched': 0, 'expected': 15, 'predicted': 0, 'false_positive': 0, 'recall': 0.0, 'precision': None}",1a24c90950e0f0d5b5b2c0003a0f42f0d2b0bfe60c74d6a8362fc46f633ee552,none,final-v1:reused_org_independent:confirmed_repair:business-1,0,0,1452,False,0,0,"{'matched': 0, 'expected': 7, 'predicted': 0, 'false_positive': 0, 'recall': 0.0, 'precision': None}",reused_org_independent,8,"{'matched': 0, 'expected': 15, 'predicted': 0, 'false_positive': 0, 'recall': 0.0, 'precision': None}",opaque_relay,w0339
business-1,confirmed_repair,8,,no_independent_historical_duty_labels,"{'matched': 15, 'expected': 15, 'predicted': 15, 'false_positive': 0, 'recall': 1.0, 'precision': 1.0}",1a24c90950e0f0d5b5b2c0003a0f42f0d2b0bfe60c74d6a8362fc46f633ee552,missing_link,final-v1:reused_org_independent:confirmed_repair:business-1,0,0,529296,True,0,0,"{'matched': 7, 'expected': 7, 'predicted': 7, 'false_positive': 0, 'recall': 1.0, 'precision': 1.0}",reused_org_independent,8,"{'matched': 15, 'expected': 15, 'predicted': 15, 'false_positive': 0, 'recall': 1.0, 'precision': 1.0}",full,w0339
business-1,confirmed_repair,8,,no_independent_historical_duty_labels,"{'matched': 15, 'expected': 15, 'predicted': 15, 'false_positive': 0, 'recall': 1.0, 'precision': 1.0}",1a24c90950e0f0d5b5b2c0003a0f42f0d2b0bfe60c74d6a8362fc46f633ee552,tampered_receipt,final-v1:reused_org_independent:confirmed_repair:business-1,0,0,540581,True,0,1,"{'matched': 7, 'expected': 7, 'predicted': 7, 'false_positive': 0, 'recall': 1.0, 'precision': 1.0}",reused_org_independent,8,"{'matched': 14, 'expected': 15, 'predicted': 14, 'false_positive': 0, 'recall': 0.9333333333333333, 'precision': 1.0}",full,w0339
business-0,authority_unknown,6,,no_independent_historical_duty_labels,"{'matched': 15, 'expected': 15, 'predicted': 15, 'false_positive': 0, 'recall': 1.0, 'precision': 1.0}",562fee7174d7837f77edf97967c470bb1382d0fcdd4ef88f8e335bb253ea5578,none,final-v1:reused_org_independent:authority_unknown:business-0,0,0,417362,False,0,0,"{'matched': 6, 'expected': 6, 'predicted': 6, 'false_positive': 0, 'recall': 1.0, 'precision': 1.0}",reused_org_independent,6,"{'matched': 15, 'expected': 15, 'predicted': 15, 'false_positive': 0, 'recall': 1.0, 'precision': 1.0}",full,w0344
business-0,authority_unknown,6,,no_independent_historical_duty_labels,"{'matched': 15, 'expected': 15, 'predicted': 15, 'false_positive': 0, 'recall': 1.0, 'precision': 1.0}",562fee7174d7837f77edf97967c470bb1382d0fcdd4ef88f8e335bb253ea5578,none,final-v1:reused_org_independent:authority_unknown:business-0,0,0,3732,False,0,0,"{'matched': 0, 'expected': 6, 'predicted': 0, 'false_positive': 0, 'recall': 0.0, 'precision': None}",reused_org_independent,6,"{'matched': 0, 'expected': 15, 'predicted': 0, 'false_positive': 0, 'recall': 0.0, 'precision': None}",ordinary_logs,w0344
business-0,authority_unknown,6,,no_independent_historical_duty_labels,"{'matched': 15, 'expected': 15, 'predicted': 15, 'false_positive': 0, 'recall': 1.0, 'precision': 1.0}",562fee7174d7837f77edf97967c470bb1382d0fcdd4ef88f8e335bb253ea5578,none,final-v1:reused_org_independent:authority_unknown:business-0,0,0,388144,False,0,0,"{'matched': 6, 'expected': 6, 'predicted': 6, 'false_positive': 0, 'recall': 1.0, 'precision': 1.0}",reused_org_independent,6,"{'matched': 0, 'expected': 15, 'predicted': 0, 'false_positive': 0, 'recall': 0.0, 'precision': None}",no_receipts,w0344
business-0,authority_unknown,6,,no_independent_historical_duty_labels,"{'matched': 0, 'expected': 15, 'predicted': 0, 'false_positive': 0, 'recall': 0.0, 'precision': None}",562fee7174d7837f77edf97967c470bb1382d0fcdd4ef88f8e335bb253ea5578,none,final-v1:reused_org_independent:authority_unknown:business-0,0,0,1319,False,0,0,"{'matched': 0, 'expected': 6, 'predicted': 0, 'false_positive': 0, 'recall': 0.0, 'precision': None}",reused_org_independent,6,"{'matched': 0, 'expected': 15, 'predicted': 0, 'false_positive': 0, 'recall': 0.0, 'precision': None}",opaque_relay,w0344
business-0,authority_unknown,6,,no_independent_historical_duty_labels,"{'matched': 15, 'expected': 15, 'predicted': 15, 'false_positive': 0, 'recall': 1.0, 'precision': 1.0}",562fee7174d7837f77edf97967c470bb1382d0fcdd4ef88f8e335bb253ea5578,missing_link,final-v1:reused_org_independent:authority_unknown:business-0,0,0,408728,True,0,0,"{'matched': 6, 'expected': 6, 'predicted': 6, 'false_positive': 0, 'recall': 1.0, 'precision': 1.0}",reused_org_independent,6,"{'matched': 15, 'expected': 15, 'predicted': 15, 'false_positive': 0, 'recall': 1.0, 'precision': 1.0}",full,w0344
business-0,authority_unknown,6,,no_independent_historical_duty_labels,"{'matched': 15, 'expected': 15, 'predicted': 15, 'false_positive': 0, 'recall': 1.0, 'precision': 1.0}",562fee7174d7837f77edf97967c470bb1382d0fcdd4ef88f8e335bb253ea5578,tampered_receipt,final-v1:reused_org_independent:authority_unknown:business-0,0,0,416702,True,0,1,"{'matched': 6, 'expected': 6, 'predicted': 6, 'false_positive': 0, 'recall': 1.0, 'precision': 1.0}",reused_org_independent,6,"{'matched': 14, 'expected': 15, 'predicted': 14, 'false_positive': 0, 'recall': 0.9333333333333333, 'precision': 1.0}",full,w0344
business-1,authority_unknown,6,,no_independent_historical_duty_labels,"{'matched': 15, 'expected': 15, 'predicted': 15, 'false_positive': 0, 'recall': 1.0, 'precision': 1.0}",6fdcc1ad9d89e94726164cb6a2121f3f7a0e6d2a2016db2ab79f74e361ebe7d7,none,final-v1:reused_org_independent:authority_unknown:business-1,0,0,417359,False,0,0,"{'matched': 6, 'expected': 6, 'predicted': 6, 'false_positive': 0, 'recall': 1.0, 'precision': 1.0}",reused_org_independent,6,"{'matched': 15, 'expected': 15, 'predicted': 15, 'false_positive': 0, 'recall': 1.0, 'precision': 1.0}",full,w0349
business-1,authority_unknown,6,,no_independent_historical_duty_labels,"{'matched': 15, 'expected': 15, 'predicted': 15, 'false_positive': 0, 'recall': 1.0, 'precision': 1.0}",6fdcc1ad9d89e94726164cb6a2121f3f7a0e6d2a2016db2ab79f74e361ebe7d7,none,final-v1:reused_org_independent:authority_unknown:business-1,0,0,3732,False,0,0,"{'matched': 0, 'expected': 6, 'predicted': 0, 'false_positive': 0, 'recall': 0.0, 'precision': None}",reused_org_independent,6,"{'matched': 0, 'expected': 15, 'predicted': 0, 'false_positive': 0, 'recall': 0.0, 'precision': None}",ordinary_logs,w0349
business-1,authority_unknown,6,,no_independent_historical_duty_labels,"{'matched': 15, 'expected': 15, 'predicted': 15, 'false_positive': 0, 'recall': 1.0, 'precision': 1.0}",6fdcc1ad9d89e94726164cb6a2121f3f7a0e6d2a2016db2ab79f74e361ebe7d7,none,final-v1:reused_org_independent:authority_unknown:business-1,0,0,388141,False,0,0,"{'matched': 6, 'expected': 6, 'predicted': 6, 'false_positive': 0, 'recall': 1.0, 'precision': 1.0}",reused_org_independent,6,"{'matched': 0, 'expected': 15, 'predicted': 0, 'false_positive': 0, 'recall': 0.0, 'precision': None}",no_receipts,w0349
business-1,authority_unknown,6,,no_independent_historical_duty_labels,"{'matched': 0, 'expected': 15, 'predicted': 0, 'false_positive': 0, 'recall': 0.0, 'precision': None}",6fdcc1ad9d89e94726164cb6a2121f3f7a0e6d2a2016db2ab79f74e361ebe7d7,none,final-v1:reused_org_independent:authority_unknown:business-1,0,0,1319,False,0,0,"{'matched': 0, 'expected': 6, 'predicted': 0, 'false_positive': 0, 'recall': 0.0, 'precision': None}",reused_org_independent,6,"{'matched': 0, 'expected': 15, 'predicted': 0, 'false_positive': 0, 'recall': 0.0, 'precision': None}",opaque_relay,w0349
business-1,authority_unknown,6,,no_independent_historical_duty_labels,"{'matched': 15, 'expected': 15, 'predicted': 15, 'false_positive': 0, 'recall': 1.0, 'precision': 1.0}",6fdcc1ad9d89e94726164cb6a2121f3f7a0e6d2a2016db2ab79f74e361ebe7d7,missing_link,final-v1:reused_org_independent:authority_unknown:business-1,0,0,408725,True,0,0,"{'matched': 6, 'expected': 6, 'predicted': 6, 'false_positive': 0, 'recall': 1.0, 'precision': 1.0}",reused_org_independent,6,"{'matched': 15, 'expected': 15, 'predicted': 15, 'false_positive': 0, 'recall': 1.0, 'precision': 1.0}",full,w0349
business-1,authority_unknown,6,,no_independent_historical_duty_labels,"{'matched': 15, 'expected': 15, 'predicted': 15, 'false_positive': 0, 'recall': 1.0, 'precision': 1.0}",6fdcc1ad9d89e94726164cb6a2121f3f7a0e6d2a2016db2ab79f74e361ebe7d7,tampered_receipt,final-v1:reused_org_independent:authority_unknown:business-1,0,0,416699,True,0,1,"{'matched': 6, 'expected': 6, 'predicted': 6, 'false_positive': 0, 'recall': 1.0, 'precision': 1.0}",reused_org_independent,6,"{'matched': 14, 'expected': 15, 'predicted': 14, 'false_positive': 0, 'recall': 0.9333333333333333, 'precision': 1.0}",full,w0349
